[2025-10-28T10:01:30.304Z] ============================================================
[2025-10-28T10:01:30.305Z] CATCH-UP SYNC - Eksik Gun Doldurma
[2025-10-28T10:01:30.305Z] ============================================================
[2025-10-28T10:01:30.306Z] En son veri tarihi: 2025-10-16T23:00:00+03:00
[2025-10-28T10:01:30.306Z] Kontrol araligi: 2025-10-17 - 2025-10-28
[2025-10-28T10:01:30.306Z] ⚠️  11 eksik gun bulundu: 2025-10-17 - 2025-10-27
[2025-10-28T10:01:30.306Z] ------------------------------------------------------------
[2025-10-28T10:01:30.306Z] MCP (FIYAT) VERISI CEKILIYOR...
[2025-10-28T10:01:30.307Z] ------------------------------------------------------------
[2025-10-28T10:01:32.292Z] ✅ 264 MCP kaydi eklendi
[2025-10-28T10:01:32.293Z] ------------------------------------------------------------
[2025-10-28T10:01:32.293Z] GENERATION (URETIM) VERISI CEKILIYOR...
[2025-10-28T10:01:32.293Z] ------------------------------------------------------------
[2025-10-28T10:01:32.293Z] 1 parca halinde cekilecek (API limiti 30 gun)
[2025-10-28T10:01:32.293Z] Parca 1/1: 2025-10-17 - 2025-10-27
[2025-10-28T10:01:32.813Z] ✅ 264 Generation kaydi eklendi
[2025-10-28T10:01:32.813Z] Toplam 264 Generation kaydi eklendi
[2025-10-28T10:01:32.813Z] ------------------------------------------------------------
[2025-10-28T10:01:32.813Z] CONSUMPTION (TUKETIM) VERISI CEKILIYOR...
[2025-10-28T10:01:32.814Z] ------------------------------------------------------------
[2025-10-28T10:01:33.159Z] ✅ 264 Consumption kaydi eklendi
[2025-10-28T10:01:33.159Z] ============================================================
[2025-10-28T10:01:33.160Z] CATCH-UP SYNC TAMAMLANDI
[2025-10-28T10:01:33.160Z] ============================================================
[2025-10-28T10:01:33.160Z] Toplam MCP kaydi: 17832
[2025-10-28T10:01:33.161Z] Toplam Generation kaydi: 17832
[2025-10-28T10:01:33.162Z] Toplam Consumption kaydi: 17832
[2025-10-28T10:01:33.162Z] ============================================================
[2025-10-28T10:01:33.162Z] 🔄 WAL checkpoint yapiliyor (degisiklikleri DB dosyasina yazma)...
[2025-10-28T10:01:33.169Z] ✅ WAL checkpoint tamamlandi
[2025-10-28T10:01:33.170Z] Catch-up sync tamamlandi
[2025-10-29T13:41:06.951Z] ============================================================
[2025-10-29T13:41:06.953Z] CATCH-UP SYNC - Eksik Gun Doldurma
[2025-10-29T13:41:06.953Z] ============================================================
[2025-10-29T13:41:06.955Z] En son veri tarihi: 2025-10-27T23:00:00+03:00
[2025-10-29T13:41:06.955Z] Kontrol araligi: 2025-10-28 - 2025-10-27 (dahil)
[2025-10-29T13:41:06.956Z] ✅ Eksik gun yok! Database guncel.
[2025-10-29T13:41:06.956Z] 🔄 WAL checkpoint yapiliyor (degisiklikleri DB dosyasina yazma)...
[2025-10-29T13:41:06.958Z] ✅ WAL checkpoint tamamlandi
[2025-10-29T13:41:06.959Z] Catch-up sync tamamlandi
[2025-10-29T13:42:11.818Z] ============================================================
[2025-10-29T13:42:11.821Z] CATCH-UP SYNC - Eksik Gun Doldurma
[2025-10-29T13:42:11.821Z] ============================================================
[2025-10-29T13:42:11.823Z] En son veri tarihi: 2025-10-27T23:00:00+03:00
[2025-10-29T13:42:11.824Z] Kontrol araligi: 2025-10-28 - 2025-10-28 (dahil)
[2025-10-29T13:42:11.824Z] ⚠️  1 eksik gun bulundu: 2025-10-28 - 2025-10-28
[2025-10-29T13:42:11.825Z] ------------------------------------------------------------
[2025-10-29T13:42:11.826Z] MCP (FIYAT) VERISI CEKILIYOR...
[2025-10-29T13:42:11.826Z] ------------------------------------------------------------
[2025-10-29T13:42:11.830Z] ❌ MCP verisi cekilemedi: Error: EPİAŞ credentials not found. Please set EPIAS_USERNAME and EPIAS_PASSWORD in .env file.
[2025-10-29T13:42:11.830Z] ------------------------------------------------------------
[2025-10-29T13:42:11.831Z] GENERATION (URETIM) VERISI CEKILIYOR...
[2025-10-29T13:42:11.831Z] ------------------------------------------------------------
[2025-10-29T13:42:11.832Z] 1 parca halinde cekilecek (API limiti 30 gun)
[2025-10-29T13:42:11.832Z] Parca 1/1: 2025-10-28 - 2025-10-28
[2025-10-29T13:42:11.834Z] ❌ Generation verisi cekilemedi (Parca 1): Error: EPİAŞ credentials not found. Please set EPIAS_USERNAME and EPIAS_PASSWORD in .env file.
[2025-10-29T13:42:11.834Z] Toplam 0 Generation kaydi eklendi
[2025-10-29T13:42:11.834Z] ------------------------------------------------------------
[2025-10-29T13:42:11.835Z] CONSUMPTION (TUKETIM) VERISI CEKILIYOR...
[2025-10-29T13:42:11.835Z] ------------------------------------------------------------
[2025-10-29T13:42:11.836Z] ❌ Consumption verisi cekilemedi: Error: EPİAŞ credentials not found. Please set EPIAS_USERNAME and EPIAS_PASSWORD in .env file.
[2025-10-29T13:42:11.836Z] ============================================================
[2025-10-29T13:42:11.837Z] CATCH-UP SYNC TAMAMLANDI
[2025-10-29T13:42:11.837Z] ============================================================
[2025-10-29T13:42:11.839Z] Toplam MCP kaydi: 17832
[2025-10-29T13:42:11.840Z] Toplam Generation kaydi: 17832
[2025-10-29T13:42:11.842Z] Toplam Consumption kaydi: 17832
[2025-10-29T13:42:11.842Z] ============================================================
[2025-10-29T13:42:11.843Z] 🔄 WAL checkpoint yapiliyor (degisiklikleri DB dosyasina yazma)...
[2025-10-29T13:42:11.843Z] ✅ WAL checkpoint tamamlandi
[2025-10-29T13:42:11.844Z] Catch-up sync tamamlandi
[2025-10-31T11:16:44.994Z] ============================================================
[2025-10-31T11:16:44.995Z] CATCH-UP SYNC - Eksik Gun Doldurma
[2025-10-31T11:16:44.995Z] ============================================================
[2025-10-31T11:16:44.995Z] En son veri tarihi: 2025-10-27T23:00:00+03:00
[2025-10-31T11:16:44.996Z] Kontrol araligi: 2025-10-28 - 2025-10-30 (dahil)
[2025-10-31T11:16:44.996Z] ⚠️  3 eksik gun bulundu: 2025-10-28 - 2025-10-30
[2025-10-31T11:16:44.996Z] ------------------------------------------------------------
[2025-10-31T11:16:44.996Z] MCP (FIYAT) VERISI CEKILIYOR...
[2025-10-31T11:16:44.996Z] ------------------------------------------------------------
[2025-10-31T11:16:46.989Z] ✅ 72 MCP kaydi eklendi
[2025-10-31T11:16:46.990Z] ------------------------------------------------------------
[2025-10-31T11:16:46.990Z] GENERATION (URETIM) VERISI CEKILIYOR...
[2025-10-31T11:16:46.990Z] ------------------------------------------------------------
[2025-10-31T11:16:46.990Z] 1 parca halinde cekilecek (API limiti 30 gun)
[2025-10-31T11:16:46.990Z] Parca 1/1: 2025-10-28 - 2025-10-30
[2025-10-31T11:16:47.601Z] ✅ 72 Generation kaydi eklendi
[2025-10-31T11:16:47.601Z] Toplam 72 Generation kaydi eklendi
[2025-10-31T11:16:47.601Z] ------------------------------------------------------------
[2025-10-31T11:16:47.601Z] CONSUMPTION (TUKETIM) VERISI CEKILIYOR...
[2025-10-31T11:16:47.601Z] ------------------------------------------------------------
[2025-10-31T11:16:47.991Z] ✅ 72 Consumption kaydi eklendi
[2025-10-31T11:16:47.991Z] ============================================================
[2025-10-31T11:16:47.991Z] CATCH-UP SYNC TAMAMLANDI
[2025-10-31T11:16:47.991Z] ============================================================
[2025-10-31T11:16:47.992Z] Toplam MCP kaydi: 17904
[2025-10-31T11:16:47.993Z] Toplam Generation kaydi: 17904
[2025-10-31T11:16:47.993Z] Toplam Consumption kaydi: 17904
[2025-10-31T11:16:47.993Z] ============================================================
[2025-10-31T11:16:47.993Z] 🔄 WAL checkpoint yapiliyor (degisiklikleri DB dosyasina yazma)...
[2025-10-31T11:16:48.000Z] ✅ WAL checkpoint tamamlandi
[2025-10-31T11:16:48.001Z] Catch-up sync tamamlandi
[2025-11-01T13:51:58.343Z] ============================================================
[2025-11-01T13:51:58.344Z] CATCH-UP SYNC - Eksik Gun Doldurma
[2025-11-01T13:51:58.344Z] ============================================================
[2025-11-01T13:51:58.344Z] En son veri tarihi: 2025-10-30T23:00:00+03:00
[2025-11-01T13:51:58.569Z] Kontrol araligi: 2025-10-31 - 2025-10-31 (dahil)
[2025-11-01T13:51:58.569Z] ⚠️  1 eksik gun bulundu: 2025-10-31 - 2025-10-31
[2025-11-01T13:51:58.569Z] ------------------------------------------------------------
[2025-11-01T13:51:58.570Z] MCP (FIYAT) VERISI CEKILIYOR...
[2025-11-01T13:51:58.570Z] ------------------------------------------------------------
[2025-11-01T13:52:01.109Z] ✅ 24 MCP kaydi eklendi
[2025-11-01T13:52:01.110Z] ------------------------------------------------------------
[2025-11-01T13:52:01.110Z] GENERATION (URETIM) VERISI CEKILIYOR...
[2025-11-01T13:52:01.110Z] ------------------------------------------------------------
[2025-11-01T13:52:01.110Z] 1 parca halinde cekilecek (API limiti 30 gun)
[2025-11-01T13:52:01.110Z] Parca 1/1: 2025-10-31 - 2025-10-31
[2025-11-01T13:52:01.861Z] ✅ 24 Generation kaydi eklendi
[2025-11-01T13:52:01.861Z] Toplam 24 Generation kaydi eklendi
[2025-11-01T13:52:01.861Z] ------------------------------------------------------------
[2025-11-01T13:52:01.861Z] CONSUMPTION (TUKETIM) VERISI CEKILIYOR...
[2025-11-01T13:52:01.861Z] ------------------------------------------------------------
[2025-11-01T13:52:02.377Z] ✅ 24 Consumption kaydi eklendi
[2025-11-01T13:52:02.377Z] ============================================================
[2025-11-01T13:52:02.378Z] CATCH-UP SYNC TAMAMLANDI
[2025-11-01T13:52:02.378Z] ============================================================
[2025-11-01T13:52:02.378Z] Toplam MCP kaydi: 17928
[2025-11-01T13:52:02.379Z] Toplam Generation kaydi: 17928
[2025-11-01T13:52:02.379Z] Toplam Consumption kaydi: 17928
[2025-11-01T13:52:02.379Z] ============================================================
[2025-11-01T13:52:02.380Z] 🔄 WAL checkpoint yapiliyor (degisiklikleri DB dosyasina yazma)...
[2025-11-01T13:52:02.388Z] ✅ WAL checkpoint tamamlandi
[2025-11-01T13:52:02.389Z] Catch-up sync tamamlandi
[2025-11-02T03:18:25.031Z] ============================================================
[2025-11-02T03:18:25.032Z] CATCH-UP SYNC - Eksik Gun Doldurma
[2025-11-02T03:18:25.032Z] ============================================================
[2025-11-02T03:18:25.032Z] En son veri tarihi: 2025-10-31T23:00:00+03:00
[2025-11-02T03:18:25.073Z] Kontrol araligi: 2025-11-01 - 2025-11-01 (dahil)
[2025-11-02T03:18:25.074Z] ⚠️  1 eksik gun bulundu: 2025-11-01 - 2025-11-01
[2025-11-02T03:18:25.074Z] ------------------------------------------------------------
[2025-11-02T03:18:25.074Z] MCP (FIYAT) VERISI CEKILIYOR...
[2025-11-02T03:18:25.074Z] ------------------------------------------------------------
[2025-11-02T03:18:26.480Z] ✅ 24 MCP kaydi eklendi
[2025-11-02T03:18:26.480Z] ------------------------------------------------------------
[2025-11-02T03:18:26.480Z] GENERATION (URETIM) VERISI CEKILIYOR...
[2025-11-02T03:18:26.480Z] ------------------------------------------------------------
[2025-11-02T03:18:26.480Z] 1 parca halinde cekilecek (API limiti 30 gun)
[2025-11-02T03:18:26.480Z] Parca 1/1: 2025-11-01 - 2025-11-01
[2025-11-02T03:18:26.854Z] ✅ 24 Generation kaydi eklendi
[2025-11-02T03:18:26.854Z] Toplam 24 Generation kaydi eklendi
[2025-11-02T03:18:26.854Z] ------------------------------------------------------------
[2025-11-02T03:18:26.854Z] CONSUMPTION (TUKETIM) VERISI CEKILIYOR...
[2025-11-02T03:18:26.854Z] ------------------------------------------------------------
[2025-11-02T03:18:27.227Z] ✅ 24 Consumption kaydi eklendi
[2025-11-02T03:18:27.227Z] ============================================================
[2025-11-02T03:18:27.227Z] CATCH-UP SYNC TAMAMLANDI
[2025-11-02T03:18:27.227Z] ============================================================
[2025-11-02T03:18:27.228Z] Toplam MCP kaydi: 17952
[2025-11-02T03:18:27.228Z] Toplam Generation kaydi: 17952
[2025-11-02T03:18:27.229Z] Toplam Consumption kaydi: 17952
[2025-11-02T03:18:27.229Z] ============================================================
[2025-11-02T03:18:27.229Z] 🔄 WAL checkpoint yapiliyor (degisiklikleri DB dosyasina yazma)...
[2025-11-02T03:18:27.236Z] ✅ WAL checkpoint tamamlandi
[2025-11-02T03:18:27.236Z] Catch-up sync tamamlandi
[2025-11-03T03:20:19.233Z] ============================================================
[2025-11-03T03:20:19.234Z] CATCH-UP SYNC - Eksik Gun Doldurma
[2025-11-03T03:20:19.234Z] ============================================================
[2025-11-03T03:20:19.234Z] En son veri tarihi: 2025-11-01T23:00:00+03:00
[2025-11-03T03:20:19.426Z] Kontrol araligi: 2025-11-02 - 2025-11-02 (dahil)
[2025-11-03T03:20:19.427Z] ⚠️  1 eksik gun bulundu: 2025-11-02 - 2025-11-02
[2025-11-03T03:20:19.427Z] ------------------------------------------------------------
[2025-11-03T03:20:19.427Z] MCP (FIYAT) VERISI CEKILIYOR...
[2025-11-03T03:20:19.427Z] ------------------------------------------------------------
[2025-11-03T03:20:21.426Z] ✅ 24 MCP kaydi eklendi
[2025-11-03T03:20:21.426Z] ------------------------------------------------------------
[2025-11-03T03:20:21.426Z] GENERATION (URETIM) VERISI CEKILIYOR...
[2025-11-03T03:20:21.426Z] ------------------------------------------------------------
[2025-11-03T03:20:21.426Z] 1 parca halinde cekilecek (API limiti 30 gun)
[2025-11-03T03:20:21.426Z] Parca 1/1: 2025-11-02 - 2025-11-02
[2025-11-03T03:20:21.863Z] ✅ 24 Generation kaydi eklendi
[2025-11-03T03:20:21.863Z] Toplam 24 Generation kaydi eklendi
[2025-11-03T03:20:21.863Z] ------------------------------------------------------------
[2025-11-03T03:20:21.863Z] CONSUMPTION (TUKETIM) VERISI CEKILIYOR...
[2025-11-03T03:20:21.863Z] ------------------------------------------------------------
[2025-11-03T03:20:22.243Z] ✅ 24 Consumption kaydi eklendi
[2025-11-03T03:20:22.243Z] ============================================================
[2025-11-03T03:20:22.243Z] CATCH-UP SYNC TAMAMLANDI
[2025-11-03T03:20:22.243Z] ============================================================
[2025-11-03T03:20:22.244Z] Toplam MCP kaydi: 17976
[2025-11-03T03:20:22.244Z] Toplam Generation kaydi: 17976
[2025-11-03T03:20:22.245Z] Toplam Consumption kaydi: 17976
[2025-11-03T03:20:22.245Z] ============================================================
[2025-11-03T03:20:22.245Z] 🔄 WAL checkpoint yapiliyor (degisiklikleri DB dosyasina yazma)...
[2025-11-03T03:20:22.253Z] ✅ WAL checkpoint tamamlandi
[2025-11-03T03:20:22.253Z] Catch-up sync tamamlandi
[2025-11-04T03:12:48.843Z] ============================================================
[2025-11-04T03:12:48.844Z] CATCH-UP SYNC - Eksik Gun Doldurma
[2025-11-04T03:12:48.844Z] ============================================================
[2025-11-04T03:12:48.845Z] En son veri tarihi: 2025-11-02T23:00:00+03:00
[2025-11-04T03:12:49.096Z] Kontrol araligi: 2025-11-03 - 2025-11-03 (dahil)
[2025-11-04T03:12:49.097Z] ⚠️  1 eksik gun bulundu: 2025-11-03 - 2025-11-03
[2025-11-04T03:12:49.097Z] ------------------------------------------------------------
[2025-11-04T03:12:49.097Z] MCP (FIYAT) VERISI CEKILIYOR...
[2025-11-04T03:12:49.097Z] ------------------------------------------------------------
[2025-11-04T03:12:51.304Z] ✅ 24 MCP kaydi eklendi
[2025-11-04T03:12:51.304Z] ------------------------------------------------------------
[2025-11-04T03:12:51.304Z] GENERATION (URETIM) VERISI CEKILIYOR...
[2025-11-04T03:12:51.304Z] ------------------------------------------------------------
[2025-11-04T03:12:51.305Z] 1 parca halinde cekilecek (API limiti 30 gun)
[2025-11-04T03:12:51.305Z] Parca 1/1: 2025-11-03 - 2025-11-03
[2025-11-04T03:12:51.692Z] ✅ 24 Generation kaydi eklendi
[2025-11-04T03:12:51.692Z] Toplam 24 Generation kaydi eklendi
[2025-11-04T03:12:51.692Z] ------------------------------------------------------------
[2025-11-04T03:12:51.692Z] CONSUMPTION (TUKETIM) VERISI CEKILIYOR...
[2025-11-04T03:12:51.692Z] ------------------------------------------------------------
[2025-11-04T03:12:52.077Z] ✅ 24 Consumption kaydi eklendi
[2025-11-04T03:12:52.077Z] ============================================================
[2025-11-04T03:12:52.077Z] CATCH-UP SYNC TAMAMLANDI
[2025-11-04T03:12:52.077Z] ============================================================
[2025-11-04T03:12:52.078Z] Toplam MCP kaydi: 18000
[2025-11-04T03:12:52.078Z] Toplam Generation kaydi: 18000
[2025-11-04T03:12:52.079Z] Toplam Consumption kaydi: 18000
[2025-11-04T03:12:52.079Z] ============================================================
[2025-11-04T03:12:52.079Z] 🔄 WAL checkpoint yapiliyor (degisiklikleri DB dosyasina yazma)...
[2025-11-04T03:12:52.086Z] ✅ WAL checkpoint tamamlandi
[2025-11-04T03:12:52.087Z] Catch-up sync tamamlandi
[2025-11-05T03:14:21.264Z] ============================================================
[2025-11-05T03:14:21.264Z] CATCH-UP SYNC - Eksik Gun Doldurma
[2025-11-05T03:14:21.265Z] ============================================================
[2025-11-05T03:14:21.265Z] En son veri tarihi: 2025-11-03T23:00:00+03:00
[2025-11-05T03:14:21.297Z] Kontrol araligi: 2025-11-04 - 2025-11-04 (dahil)
[2025-11-05T03:14:21.298Z] ⚠️  1 eksik gun bulundu: 2025-11-04 - 2025-11-04
[2025-11-05T03:14:21.298Z] ------------------------------------------------------------
[2025-11-05T03:14:21.298Z] MCP (FIYAT) VERISI CEKILIYOR...
[2025-11-05T03:14:21.298Z] ------------------------------------------------------------
[2025-11-05T03:14:23.398Z] ✅ 24 MCP kaydi eklendi
[2025-11-05T03:14:23.398Z] ------------------------------------------------------------
[2025-11-05T03:14:23.398Z] GENERATION (URETIM) VERISI CEKILIYOR...
[2025-11-05T03:14:23.399Z] ------------------------------------------------------------
[2025-11-05T03:14:23.399Z] 1 parca halinde cekilecek (API limiti 30 gun)
[2025-11-05T03:14:23.399Z] Parca 1/1: 2025-11-04 - 2025-11-04
[2025-11-05T03:14:23.842Z] ✅ 24 Generation kaydi eklendi
[2025-11-05T03:14:23.842Z] Toplam 24 Generation kaydi eklendi
[2025-11-05T03:14:23.842Z] ------------------------------------------------------------
[2025-11-05T03:14:23.842Z] CONSUMPTION (TUKETIM) VERISI CEKILIYOR...
[2025-11-05T03:14:23.843Z] ------------------------------------------------------------
[2025-11-05T03:14:24.412Z] ✅ 24 Consumption kaydi eklendi
[2025-11-05T03:14:24.412Z] ============================================================
[2025-11-05T03:14:24.412Z] CATCH-UP SYNC TAMAMLANDI
[2025-11-05T03:14:24.412Z] ============================================================
[2025-11-05T03:14:24.413Z] Toplam MCP kaydi: 18024
[2025-11-05T03:14:24.413Z] Toplam Generation kaydi: 18024
[2025-11-05T03:14:24.414Z] Toplam Consumption kaydi: 18024
[2025-11-05T03:14:24.414Z] ============================================================
[2025-11-05T03:14:24.414Z] 🔄 WAL checkpoint yapiliyor (degisiklikleri DB dosyasina yazma)...
[2025-11-05T03:14:24.421Z] ✅ WAL checkpoint tamamlandi
[2025-11-05T03:14:24.422Z] Catch-up sync tamamlandi
[2025-11-06T03:17:03.283Z] ============================================================
[2025-11-06T03:17:03.283Z] CATCH-UP SYNC - Eksik Gun Doldurma
[2025-11-06T03:17:03.284Z] ============================================================
[2025-11-06T03:17:03.284Z] En son veri tarihi: 2025-11-03T23:00:00+03:00
[2025-11-06T03:17:03.524Z] Kontrol araligi: 2025-11-04 - 2025-11-05 (dahil)
[2025-11-06T03:17:03.525Z] ⚠️  2 eksik gun bulundu: 2025-11-04 - 2025-11-05
[2025-11-06T03:17:03.525Z] ------------------------------------------------------------
[2025-11-06T03:17:03.525Z] MCP (FIYAT) VERISI CEKILIYOR...
[2025-11-06T03:17:03.525Z] ------------------------------------------------------------
[2025-11-06T03:17:06.675Z] ✅ 48 MCP kaydi eklendi
[2025-11-06T03:17:06.675Z] ------------------------------------------------------------
[2025-11-06T03:17:06.675Z] GENERATION (URETIM) VERISI CEKILIYOR...
[2025-11-06T03:17:06.675Z] ------------------------------------------------------------
[2025-11-06T03:17:06.675Z] 1 parca halinde cekilecek (API limiti 30 gun)
[2025-11-06T03:17:06.675Z] Parca 1/1: 2025-11-04 - 2025-11-05
[2025-11-06T03:17:07.337Z] ✅ 48 Generation kaydi eklendi
[2025-11-06T03:17:07.337Z] Toplam 48 Generation kaydi eklendi
[2025-11-06T03:17:07.337Z] ------------------------------------------------------------
[2025-11-06T03:17:07.337Z] CONSUMPTION (TUKETIM) VERISI CEKILIYOR...
[2025-11-06T03:17:07.337Z] ------------------------------------------------------------
[2025-11-06T03:17:07.844Z] ✅ 48 Consumption kaydi eklendi
[2025-11-06T03:17:07.844Z] ============================================================
[2025-11-06T03:17:07.844Z] CATCH-UP SYNC TAMAMLANDI
[2025-11-06T03:17:07.844Z] ============================================================
[2025-11-06T03:17:07.845Z] Toplam MCP kaydi: 18048
[2025-11-06T03:17:07.845Z] Toplam Generation kaydi: 18048
[2025-11-06T03:17:07.846Z] Toplam Consumption kaydi: 18048
[2025-11-06T03:17:07.846Z] ============================================================
[2025-11-06T03:17:07.846Z] 🔄 WAL checkpoint yapiliyor (degisiklikleri DB dosyasina yazma)...
[2025-11-06T03:17:07.853Z] ✅ WAL checkpoint tamamlandi
[2025-11-06T03:17:07.853Z] Catch-up sync tamamlandi
[2025-11-07T03:13:40.485Z] ============================================================
[2025-11-07T03:13:40.486Z] CATCH-UP SYNC - Eksik Gun Doldurma
[2025-11-07T03:13:40.486Z] ============================================================
[2025-11-07T03:13:40.487Z] En son veri tarihi: 2025-11-05T23:00:00+03:00
[2025-11-07T03:13:40.698Z] Kontrol araligi: 2025-11-06 - 2025-11-06 (dahil)
[2025-11-07T03:13:40.698Z] ⚠️  1 eksik gun bulundu: 2025-11-06 - 2025-11-06
[2025-11-07T03:13:40.698Z] ------------------------------------------------------------
[2025-11-07T03:13:40.699Z] MCP (FIYAT) VERISI CEKILIYOR...
[2025-11-07T03:13:40.699Z] ------------------------------------------------------------
[2025-11-07T03:13:42.619Z] ✅ 24 MCP kaydi eklendi
[2025-11-07T03:13:42.619Z] ------------------------------------------------------------
[2025-11-07T03:13:42.619Z] GENERATION (URETIM) VERISI CEKILIYOR...
[2025-11-07T03:13:42.619Z] ------------------------------------------------------------
[2025-11-07T03:13:42.619Z] 1 parca halinde cekilecek (API limiti 30 gun)
[2025-11-07T03:13:42.619Z] Parca 1/1: 2025-11-06 - 2025-11-06
[2025-11-07T03:13:43.091Z] ✅ 24 Generation kaydi eklendi
[2025-11-07T03:13:43.091Z] Toplam 24 Generation kaydi eklendi
[2025-11-07T03:13:43.092Z] ------------------------------------------------------------
[2025-11-07T03:13:43.092Z] CONSUMPTION (TUKETIM) VERISI CEKILIYOR...
[2025-11-07T03:13:43.092Z] ------------------------------------------------------------
[2025-11-07T03:13:43.630Z] ✅ 24 Consumption kaydi eklendi
[2025-11-07T03:13:43.630Z] ============================================================
[2025-11-07T03:13:43.630Z] CATCH-UP SYNC TAMAMLANDI
[2025-11-07T03:13:43.630Z] ============================================================
[2025-11-07T03:13:43.630Z] Toplam MCP kaydi: 18072
[2025-11-07T03:13:43.631Z] Toplam Generation kaydi: 18072
[2025-11-07T03:13:43.632Z] Toplam Consumption kaydi: 18072
[2025-11-07T03:13:43.632Z] ============================================================
[2025-11-07T03:13:43.632Z] 🔄 WAL checkpoint yapiliyor (degisiklikleri DB dosyasina yazma)...
[2025-11-07T03:13:43.635Z] ✅ WAL checkpoint tamamlandi
[2025-11-07T03:13:43.635Z] Catch-up sync tamamlandi
[2025-11-08T03:05:07.856Z] ============================================================
[2025-11-08T03:05:07.857Z] CATCH-UP SYNC - Eksik Gun Doldurma
[2025-11-08T03:05:07.858Z] ============================================================
[2025-11-08T03:05:07.858Z] En son veri tarihi: 2025-11-06T23:00:00+03:00
[2025-11-08T03:05:08.430Z] Kontrol araligi: 2025-11-07 - 2025-11-07 (dahil)
[2025-11-08T03:05:08.431Z] ⚠️  1 eksik gun bulundu: 2025-11-07 - 2025-11-07
[2025-11-08T03:05:08.431Z] ------------------------------------------------------------
[2025-11-08T03:05:08.431Z] MCP (FIYAT) VERISI CEKILIYOR...
[2025-11-08T03:05:08.431Z] ------------------------------------------------------------
[2025-11-08T03:05:09.859Z] ✅ 24 MCP kaydi eklendi
[2025-11-08T03:05:09.859Z] ------------------------------------------------------------
[2025-11-08T03:05:09.859Z] GENERATION (URETIM) VERISI CEKILIYOR...
[2025-11-08T03:05:09.859Z] ------------------------------------------------------------
[2025-11-08T03:05:09.860Z] 1 parca halinde cekilecek (API limiti 30 gun)
[2025-11-08T03:05:09.860Z] Parca 1/1: 2025-11-07 - 2025-11-07
[2025-11-08T03:05:10.216Z] ✅ 24 Generation kaydi eklendi
[2025-11-08T03:05:10.217Z] Toplam 24 Generation kaydi eklendi
[2025-11-08T03:05:10.217Z] ------------------------------------------------------------
[2025-11-08T03:05:10.217Z] CONSUMPTION (TUKETIM) VERISI CEKILIYOR...
[2025-11-08T03:05:10.217Z] ------------------------------------------------------------
[2025-11-08T03:05:10.615Z] ✅ 24 Consumption kaydi eklendi
[2025-11-08T03:05:10.615Z] ============================================================
[2025-11-08T03:05:10.615Z] CATCH-UP SYNC TAMAMLANDI
[2025-11-08T03:05:10.615Z] ============================================================
[2025-11-08T03:05:10.615Z] Toplam MCP kaydi: 18096
[2025-11-08T03:05:10.616Z] Toplam Generation kaydi: 18096
[2025-11-08T03:05:10.617Z] Toplam Consumption kaydi: 18096
[2025-11-08T03:05:10.617Z] ============================================================
[2025-11-08T03:05:10.617Z] 🔄 WAL checkpoint yapiliyor (degisiklikleri DB dosyasina yazma)...
[2025-11-08T03:05:10.623Z] ✅ WAL checkpoint tamamlandi
[2025-11-08T03:05:10.624Z] Catch-up sync tamamlandi
[2025-11-09T03:16:31.157Z] ============================================================
[2025-11-09T03:16:31.158Z] CATCH-UP SYNC - Eksik Gun Doldurma
[2025-11-09T03:16:31.158Z] ============================================================
[2025-11-09T03:16:31.159Z] En son veri tarihi: 2025-11-07T23:00:00+03:00
[2025-11-09T03:16:31.378Z] Kontrol araligi: 2025-11-08 - 2025-11-08 (dahil)
[2025-11-09T03:16:31.378Z] ⚠️  1 eksik gun bulundu: 2025-11-08 - 2025-11-08
[2025-11-09T03:16:31.378Z] ------------------------------------------------------------
[2025-11-09T03:16:31.378Z] MCP (FIYAT) VERISI CEKILIYOR...
[2025-11-09T03:16:31.378Z] ------------------------------------------------------------
[2025-11-09T03:16:33.087Z] ✅ 24 MCP kaydi eklendi
[2025-11-09T03:16:33.087Z] ------------------------------------------------------------
[2025-11-09T03:16:33.087Z] GENERATION (URETIM) VERISI CEKILIYOR...
[2025-11-09T03:16:33.087Z] ------------------------------------------------------------
[2025-11-09T03:16:33.088Z] 1 parca halinde cekilecek (API limiti 30 gun)
[2025-11-09T03:16:33.088Z] Parca 1/1: 2025-11-08 - 2025-11-08
[2025-11-09T03:16:33.535Z] ✅ 24 Generation kaydi eklendi
[2025-11-09T03:16:33.535Z] Toplam 24 Generation kaydi eklendi
[2025-11-09T03:16:33.535Z] ------------------------------------------------------------
[2025-11-09T03:16:33.535Z] CONSUMPTION (TUKETIM) VERISI CEKILIYOR...
[2025-11-09T03:16:33.535Z] ------------------------------------------------------------
[2025-11-09T03:16:34.001Z] ✅ 24 Consumption kaydi eklendi
[2025-11-09T03:16:34.001Z] ============================================================
[2025-11-09T03:16:34.001Z] CATCH-UP SYNC TAMAMLANDI
[2025-11-09T03:16:34.001Z] ============================================================
[2025-11-09T03:16:34.001Z] Toplam MCP kaydi: 18120
[2025-11-09T03:16:34.002Z] Toplam Generation kaydi: 18120
[2025-11-09T03:16:34.003Z] Toplam Consumption kaydi: 18120
[2025-11-09T03:16:34.003Z] ============================================================
[2025-11-09T03:16:34.003Z] 🔄 WAL checkpoint yapiliyor (degisiklikleri DB dosyasina yazma)...
[2025-11-09T03:16:34.010Z] ✅ WAL checkpoint tamamlandi
[2025-11-09T03:16:34.010Z] Catch-up sync tamamlandi
[2025-11-10T03:22:27.085Z] ============================================================
[2025-11-10T03:22:27.086Z] CATCH-UP SYNC - Eksik Gun Doldurma
[2025-11-10T03:22:27.086Z] ============================================================
[2025-11-10T03:22:27.086Z] En son veri tarihi: 2025-11-08T23:00:00+03:00
[2025-11-10T03:22:27.380Z] Kontrol araligi: 2025-11-09 - 2025-11-09 (dahil)
[2025-11-10T03:22:27.381Z] ⚠️  1 eksik gun bulundu: 2025-11-09 - 2025-11-09
[2025-11-10T03:22:27.381Z] ------------------------------------------------------------
[2025-11-10T03:22:27.381Z] MCP (FIYAT) VERISI CEKILIYOR...
[2025-11-10T03:22:27.381Z] ------------------------------------------------------------
[2025-11-10T03:22:30.631Z] ✅ 24 MCP kaydi eklendi
[2025-11-10T03:22:30.632Z] ------------------------------------------------------------
[2025-11-10T03:22:30.632Z] GENERATION (URETIM) VERISI CEKILIYOR...
[2025-11-10T03:22:30.632Z] ------------------------------------------------------------
[2025-11-10T03:22:30.632Z] 1 parca halinde cekilecek (API limiti 30 gun)
[2025-11-10T03:22:30.632Z] Parca 1/1: 2025-11-09 - 2025-11-09
[2025-11-10T03:22:31.399Z] ✅ 24 Generation kaydi eklendi
[2025-11-10T03:22:31.399Z] Toplam 24 Generation kaydi eklendi
[2025-11-10T03:22:31.399Z] ------------------------------------------------------------
[2025-11-10T03:22:31.399Z] CONSUMPTION (TUKETIM) VERISI CEKILIYOR...
[2025-11-10T03:22:31.400Z] ------------------------------------------------------------
[2025-11-10T03:22:31.944Z] ✅ 24 Consumption kaydi eklendi
[2025-11-10T03:22:31.944Z] ============================================================
[2025-11-10T03:22:31.944Z] CATCH-UP SYNC TAMAMLANDI
[2025-11-10T03:22:31.944Z] ============================================================
[2025-11-10T03:22:31.944Z] Toplam MCP kaydi: 18144
[2025-11-10T03:22:31.945Z] Toplam Generation kaydi: 18144
[2025-11-10T03:22:31.945Z] Toplam Consumption kaydi: 18144
[2025-11-10T03:22:31.945Z] ============================================================
[2025-11-10T03:22:31.945Z] 🔄 WAL checkpoint yapiliyor (degisiklikleri DB dosyasina yazma)...
[2025-11-10T03:22:31.952Z] ✅ WAL checkpoint tamamlandi
[2025-11-10T03:22:31.952Z] Catch-up sync tamamlandi
[2025-11-11T03:16:45.013Z] ============================================================
[2025-11-11T03:16:45.014Z] CATCH-UP SYNC - Eksik Gun Doldurma
[2025-11-11T03:16:45.014Z] ============================================================
[2025-11-11T03:16:45.014Z] En son veri tarihi: 2025-11-09T23:00:00+03:00
[2025-11-11T03:16:45.337Z] Kontrol araligi: 2025-11-10 - 2025-11-10 (dahil)
[2025-11-11T03:16:45.338Z] ⚠️  1 eksik gun bulundu: 2025-11-10 - 2025-11-10
[2025-11-11T03:16:45.338Z] ------------------------------------------------------------
[2025-11-11T03:16:45.338Z] MCP (FIYAT) VERISI CEKILIYOR...
[2025-11-11T03:16:45.338Z] ------------------------------------------------------------
[2025-11-11T03:16:47.115Z] ✅ 24 MCP kaydi eklendi
[2025-11-11T03:16:47.115Z] ------------------------------------------------------------
[2025-11-11T03:16:47.115Z] GENERATION (URETIM) VERISI CEKILIYOR...
[2025-11-11T03:16:47.115Z] ------------------------------------------------------------
[2025-11-11T03:16:47.115Z] 1 parca halinde cekilecek (API limiti 30 gun)
[2025-11-11T03:16:47.115Z] Parca 1/1: 2025-11-10 - 2025-11-10
[2025-11-11T03:16:47.631Z] ✅ 24 Generation kaydi eklendi
[2025-11-11T03:16:47.632Z] Toplam 24 Generation kaydi eklendi
[2025-11-11T03:16:47.632Z] ------------------------------------------------------------
[2025-11-11T03:16:47.632Z] CONSUMPTION (TUKETIM) VERISI CEKILIYOR...
[2025-11-11T03:16:47.632Z] ------------------------------------------------------------
[2025-11-11T03:16:48.149Z] ✅ 24 Consumption kaydi eklendi
[2025-11-11T03:16:48.150Z] ============================================================
[2025-11-11T03:16:48.150Z] CATCH-UP SYNC TAMAMLANDI
[2025-11-11T03:16:48.150Z] ============================================================
[2025-11-11T03:16:48.150Z] Toplam MCP kaydi: 18168
[2025-11-11T03:16:48.151Z] Toplam Generation kaydi: 18168
[2025-11-11T03:16:48.152Z] Toplam Consumption kaydi: 18168
[2025-11-11T03:16:48.152Z] ============================================================
[2025-11-11T03:16:48.152Z] 🔄 WAL checkpoint yapiliyor (degisiklikleri DB dosyasina yazma)...
[2025-11-11T03:16:48.155Z] ✅ WAL checkpoint tamamlandi
[2025-11-11T03:16:48.156Z] Catch-up sync tamamlandi
[2025-11-12T03:15:13.657Z] ============================================================
[2025-11-12T03:15:13.658Z] CATCH-UP SYNC - Eksik Gun Doldurma
[2025-11-12T03:15:13.658Z] ============================================================
[2025-11-12T03:15:13.658Z] En son veri tarihi: 2025-11-10T23:00:00+03:00
[2025-11-12T03:15:13.872Z] Kontrol araligi: 2025-11-11 - 2025-11-11 (dahil)
[2025-11-12T03:15:13.873Z] ⚠️  1 eksik gun bulundu: 2025-11-11 - 2025-11-11
[2025-11-12T03:15:13.873Z] ------------------------------------------------------------
[2025-11-12T03:15:13.873Z] MCP (FIYAT) VERISI CEKILIYOR...
[2025-11-12T03:15:13.873Z] ------------------------------------------------------------
[2025-11-12T03:15:15.441Z] ✅ 24 MCP kaydi eklendi
[2025-11-12T03:15:15.441Z] ------------------------------------------------------------
[2025-11-12T03:15:15.442Z] GENERATION (URETIM) VERISI CEKILIYOR...
[2025-11-12T03:15:15.442Z] ------------------------------------------------------------
[2025-11-12T03:15:15.442Z] 1 parca halinde cekilecek (API limiti 30 gun)
[2025-11-12T03:15:15.442Z] Parca 1/1: 2025-11-11 - 2025-11-11
[2025-11-12T03:15:15.953Z] ✅ 24 Generation kaydi eklendi
[2025-11-12T03:15:15.953Z] Toplam 24 Generation kaydi eklendi
[2025-11-12T03:15:15.953Z] ------------------------------------------------------------
[2025-11-12T03:15:15.953Z] CONSUMPTION (TUKETIM) VERISI CEKILIYOR...
[2025-11-12T03:15:15.953Z] ------------------------------------------------------------
[2025-11-12T03:15:16.351Z] ✅ 24 Consumption kaydi eklendi
[2025-11-12T03:15:16.352Z] ============================================================
[2025-11-12T03:15:16.352Z] CATCH-UP SYNC TAMAMLANDI
[2025-11-12T03:15:16.352Z] ============================================================
[2025-11-12T03:15:16.352Z] Toplam MCP kaydi: 18192
[2025-11-12T03:15:16.353Z] Toplam Generation kaydi: 18192
[2025-11-12T03:15:16.354Z] Toplam Consumption kaydi: 18192
[2025-11-12T03:15:16.354Z] ============================================================
[2025-11-12T03:15:16.354Z] 🔄 WAL checkpoint yapiliyor (degisiklikleri DB dosyasina yazma)...
[2025-11-12T03:15:16.362Z] ✅ WAL checkpoint tamamlandi
[2025-11-12T03:15:16.362Z] Catch-up sync tamamlandi
[2025-11-13T03:17:40.425Z] ============================================================
[2025-11-13T03:17:40.426Z] CATCH-UP SYNC - Eksik Gun Doldurma
[2025-11-13T03:17:40.426Z] ============================================================
[2025-11-13T03:17:40.427Z] En son veri tarihi: 2025-11-11T23:00:00+03:00
[2025-11-13T03:17:40.760Z] Kontrol araligi: 2025-11-12 - 2025-11-12 (dahil)
[2025-11-13T03:17:40.761Z] ⚠️  1 eksik gun bulundu: 2025-11-12 - 2025-11-12
[2025-11-13T03:17:40.761Z] ------------------------------------------------------------
[2025-11-13T03:17:40.761Z] MCP (FIYAT) VERISI CEKILIYOR...
[2025-11-13T03:17:40.761Z] ------------------------------------------------------------
[2025-11-13T03:17:42.204Z] ✅ 24 MCP kaydi eklendi
[2025-11-13T03:17:42.204Z] ------------------------------------------------------------
[2025-11-13T03:17:42.204Z] GENERATION (URETIM) VERISI CEKILIYOR...
[2025-11-13T03:17:42.204Z] ------------------------------------------------------------
[2025-11-13T03:17:42.204Z] 1 parca halinde cekilecek (API limiti 30 gun)
[2025-11-13T03:17:42.205Z] Parca 1/1: 2025-11-12 - 2025-11-12
[2025-11-13T03:17:42.617Z] ✅ 24 Generation kaydi eklendi
[2025-11-13T03:17:42.617Z] Toplam 24 Generation kaydi eklendi
[2025-11-13T03:17:42.617Z] ------------------------------------------------------------
[2025-11-13T03:17:42.617Z] CONSUMPTION (TUKETIM) VERISI CEKILIYOR...
[2025-11-13T03:17:42.617Z] ------------------------------------------------------------
[2025-11-13T03:17:43.099Z] ✅ 24 Consumption kaydi eklendi
[2025-11-13T03:17:43.100Z] ============================================================
[2025-11-13T03:17:43.100Z] CATCH-UP SYNC TAMAMLANDI
[2025-11-13T03:17:43.100Z] ============================================================
[2025-11-13T03:17:43.101Z] Toplam MCP kaydi: 18216
[2025-11-13T03:17:43.101Z] Toplam Generation kaydi: 18216
[2025-11-13T03:17:43.102Z] Toplam Consumption kaydi: 18216
[2025-11-13T03:17:43.102Z] ============================================================
[2025-11-13T03:17:43.102Z] 🔄 WAL checkpoint yapiliyor (degisiklikleri DB dosyasina yazma)...
[2025-11-13T03:17:43.110Z] ✅ WAL checkpoint tamamlandi
[2025-11-13T03:17:43.111Z] Catch-up sync tamamlandi
[2025-11-14T03:15:57.204Z] ============================================================
[2025-11-14T03:15:57.205Z] CATCH-UP SYNC - Eksik Gun Doldurma
[2025-11-14T03:15:57.205Z] ============================================================
[2025-11-14T03:15:57.205Z] En son veri tarihi: 2025-11-12T23:00:00+03:00
[2025-11-14T03:15:57.243Z] Kontrol araligi: 2025-11-13 - 2025-11-13 (dahil)
[2025-11-14T03:15:57.243Z] ⚠️  1 eksik gun bulundu: 2025-11-13 - 2025-11-13
[2025-11-14T03:15:57.243Z] ------------------------------------------------------------
[2025-11-14T03:15:57.244Z] MCP (FIYAT) VERISI CEKILIYOR...
[2025-11-14T03:15:57.244Z] ------------------------------------------------------------
[2025-11-14T03:15:59.571Z] ✅ 24 MCP kaydi eklendi
[2025-11-14T03:15:59.571Z] ------------------------------------------------------------
[2025-11-14T03:15:59.571Z] GENERATION (URETIM) VERISI CEKILIYOR...
[2025-11-14T03:15:59.571Z] ------------------------------------------------------------
[2025-11-14T03:15:59.571Z] 1 parca halinde cekilecek (API limiti 30 gun)
[2025-11-14T03:15:59.571Z] Parca 1/1: 2025-11-13 - 2025-11-13
[2025-11-14T03:16:00.207Z] ✅ 24 Generation kaydi eklendi
[2025-11-14T03:16:00.207Z] Toplam 24 Generation kaydi eklendi
[2025-11-14T03:16:00.207Z] ------------------------------------------------------------
[2025-11-14T03:16:00.207Z] CONSUMPTION (TUKETIM) VERISI CEKILIYOR...
[2025-11-14T03:16:00.207Z] ------------------------------------------------------------
[2025-11-14T03:16:00.726Z] ✅ 24 Consumption kaydi eklendi
[2025-11-14T03:16:00.726Z] ============================================================
[2025-11-14T03:16:00.727Z] CATCH-UP SYNC TAMAMLANDI
[2025-11-14T03:16:00.727Z] ============================================================
[2025-11-14T03:16:00.727Z] Toplam MCP kaydi: 18240
[2025-11-14T03:16:00.727Z] Toplam Generation kaydi: 18240
[2025-11-14T03:16:00.728Z] Toplam Consumption kaydi: 18240
[2025-11-14T03:16:00.728Z] ============================================================
[2025-11-14T03:16:00.728Z] 🔄 WAL checkpoint yapiliyor (degisiklikleri DB dosyasina yazma)...
[2025-11-14T03:16:00.735Z] ✅ WAL checkpoint tamamlandi
[2025-11-14T03:16:00.736Z] Catch-up sync tamamlandi
[2025-11-15T03:10:03.317Z] ============================================================
[2025-11-15T03:10:03.318Z] CATCH-UP SYNC - Eksik Gun Doldurma
[2025-11-15T03:10:03.318Z] ============================================================
[2025-11-15T03:10:03.319Z] En son veri tarihi: 2025-11-13T23:00:00+03:00
[2025-11-15T03:10:03.355Z] Kontrol araligi: 2025-11-14 - 2025-11-14 (dahil)
[2025-11-15T03:10:03.356Z] ⚠️  1 eksik gun bulundu: 2025-11-14 - 2025-11-14
[2025-11-15T03:10:03.356Z] ------------------------------------------------------------
[2025-11-15T03:10:03.356Z] MCP (FIYAT) VERISI CEKILIYOR...
[2025-11-15T03:10:03.356Z] ------------------------------------------------------------
[2025-11-15T03:10:05.370Z] ✅ 24 MCP kaydi eklendi
[2025-11-15T03:10:05.370Z] ------------------------------------------------------------
[2025-11-15T03:10:05.370Z] GENERATION (URETIM) VERISI CEKILIYOR...
[2025-11-15T03:10:05.370Z] ------------------------------------------------------------
[2025-11-15T03:10:05.370Z] 1 parca halinde cekilecek (API limiti 30 gun)
[2025-11-15T03:10:05.370Z] Parca 1/1: 2025-11-14 - 2025-11-14
[2025-11-15T03:10:06.083Z] ✅ 24 Generation kaydi eklendi
[2025-11-15T03:10:06.083Z] Toplam 24 Generation kaydi eklendi
[2025-11-15T03:10:06.083Z] ------------------------------------------------------------
[2025-11-15T03:10:06.083Z] CONSUMPTION (TUKETIM) VERISI CEKILIYOR...
[2025-11-15T03:10:06.083Z] ------------------------------------------------------------
[2025-11-15T03:10:06.625Z] ✅ 24 Consumption kaydi eklendi
[2025-11-15T03:10:06.625Z] ============================================================
[2025-11-15T03:10:06.625Z] CATCH-UP SYNC TAMAMLANDI
[2025-11-15T03:10:06.625Z] ============================================================
[2025-11-15T03:10:06.626Z] Toplam MCP kaydi: 18264
[2025-11-15T03:10:06.627Z] Toplam Generation kaydi: 18264
[2025-11-15T03:10:06.627Z] Toplam Consumption kaydi: 18264
[2025-11-15T03:10:06.628Z] ============================================================
[2025-11-15T03:10:06.628Z] 🔄 WAL checkpoint yapiliyor (degisiklikleri DB dosyasina yazma)...
[2025-11-15T03:10:06.637Z] ✅ WAL checkpoint tamamlandi
[2025-11-15T03:10:06.637Z] Catch-up sync tamamlandi
[2025-11-16T03:21:20.248Z] ============================================================
[2025-11-16T03:21:20.249Z] CATCH-UP SYNC - Eksik Gun Doldurma
[2025-11-16T03:21:20.249Z] ============================================================
[2025-11-16T03:21:20.250Z] En son veri tarihi: 2025-11-14T23:00:00+03:00
[2025-11-16T03:21:20.276Z] Kontrol araligi: 2025-11-15 - 2025-11-15 (dahil)
[2025-11-16T03:21:20.276Z] ⚠️  1 eksik gun bulundu: 2025-11-15 - 2025-11-15
[2025-11-16T03:21:20.276Z] ------------------------------------------------------------
[2025-11-16T03:21:20.276Z] MCP (FIYAT) VERISI CEKILIYOR...
[2025-11-16T03:21:20.277Z] ------------------------------------------------------------
[2025-11-16T03:21:21.836Z] ✅ 24 MCP kaydi eklendi
[2025-11-16T03:21:21.836Z] ------------------------------------------------------------
[2025-11-16T03:21:21.836Z] GENERATION (URETIM) VERISI CEKILIYOR...
[2025-11-16T03:21:21.836Z] ------------------------------------------------------------
[2025-11-16T03:21:21.837Z] 1 parca halinde cekilecek (API limiti 30 gun)
[2025-11-16T03:21:21.837Z] Parca 1/1: 2025-11-15 - 2025-11-15
[2025-11-16T03:21:22.234Z] ✅ 24 Generation kaydi eklendi
[2025-11-16T03:21:22.234Z] Toplam 24 Generation kaydi eklendi
[2025-11-16T03:21:22.234Z] ------------------------------------------------------------
[2025-11-16T03:21:22.235Z] CONSUMPTION (TUKETIM) VERISI CEKILIYOR...
[2025-11-16T03:21:22.235Z] ------------------------------------------------------------
[2025-11-16T03:21:22.631Z] ✅ 24 Consumption kaydi eklendi
[2025-11-16T03:21:22.631Z] ============================================================
[2025-11-16T03:21:22.631Z] CATCH-UP SYNC TAMAMLANDI
[2025-11-16T03:21:22.631Z] ============================================================
[2025-11-16T03:21:22.632Z] Toplam MCP kaydi: 18288
[2025-11-16T03:21:22.632Z] Toplam Generation kaydi: 18288
[2025-11-16T03:21:22.633Z] Toplam Consumption kaydi: 18288
[2025-11-16T03:21:22.633Z] ============================================================
[2025-11-16T03:21:22.633Z] 🔄 WAL checkpoint yapiliyor (degisiklikleri DB dosyasina yazma)...
[2025-11-16T03:21:22.636Z] ✅ WAL checkpoint tamamlandi
[2025-11-16T03:21:22.636Z] Catch-up sync tamamlandi
[2025-11-17T03:19:25.926Z] ============================================================
[2025-11-17T03:19:25.927Z] CATCH-UP SYNC - Eksik Gun Doldurma
[2025-11-17T03:19:25.927Z] ============================================================
[2025-11-17T03:19:25.927Z] En son veri tarihi: 2025-11-15T23:00:00+03:00
[2025-11-17T03:19:26.124Z] Kontrol araligi: 2025-11-16 - 2025-11-16 (dahil)
[2025-11-17T03:19:26.124Z] ⚠️  1 eksik gun bulundu: 2025-11-16 - 2025-11-16
[2025-11-17T03:19:26.124Z] ------------------------------------------------------------
[2025-11-17T03:19:26.124Z] MCP (FIYAT) VERISI CEKILIYOR...
[2025-11-17T03:19:26.125Z] ------------------------------------------------------------
[2025-11-17T03:19:28.537Z] ✅ 24 MCP kaydi eklendi
[2025-11-17T03:19:28.537Z] ------------------------------------------------------------
[2025-11-17T03:19:28.538Z] GENERATION (URETIM) VERISI CEKILIYOR...
[2025-11-17T03:19:28.538Z] ------------------------------------------------------------
[2025-11-17T03:19:28.538Z] 1 parca halinde cekilecek (API limiti 30 gun)
[2025-11-17T03:19:28.538Z] Parca 1/1: 2025-11-16 - 2025-11-16
[2025-11-17T03:19:29.219Z] ✅ 24 Generation kaydi eklendi
[2025-11-17T03:19:29.219Z] Toplam 24 Generation kaydi eklendi
[2025-11-17T03:19:29.219Z] ------------------------------------------------------------
[2025-11-17T03:19:29.219Z] CONSUMPTION (TUKETIM) VERISI CEKILIYOR...
[2025-11-17T03:19:29.219Z] ------------------------------------------------------------
[2025-11-17T03:19:29.684Z] ✅ 24 Consumption kaydi eklendi
[2025-11-17T03:19:29.684Z] ============================================================
[2025-11-17T03:19:29.684Z] CATCH-UP SYNC TAMAMLANDI
[2025-11-17T03:19:29.684Z] ============================================================
[2025-11-17T03:19:29.684Z] Toplam MCP kaydi: 18312
[2025-11-17T03:19:29.685Z] Toplam Generation kaydi: 18312
[2025-11-17T03:19:29.686Z] Toplam Consumption kaydi: 18312
[2025-11-17T03:19:29.686Z] ============================================================
[2025-11-17T03:19:29.686Z] 🔄 WAL checkpoint yapiliyor (degisiklikleri DB dosyasina yazma)...
[2025-11-17T03:19:29.695Z] ✅ WAL checkpoint tamamlandi
[2025-11-17T03:19:29.696Z] Catch-up sync tamamlandi
[2025-11-18T03:15:29.206Z] ============================================================
[2025-11-18T03:15:29.207Z] CATCH-UP SYNC - Eksik Gun Doldurma
[2025-11-18T03:15:29.207Z] ============================================================
[2025-11-18T03:15:29.207Z] En son veri tarihi: 2025-11-16T23:00:00+03:00
[2025-11-18T03:15:29.567Z] Kontrol araligi: 2025-11-17 - 2025-11-17 (dahil)
[2025-11-18T03:15:29.567Z] ⚠️  1 eksik gun bulundu: 2025-11-17 - 2025-11-17
[2025-11-18T03:15:29.567Z] ------------------------------------------------------------
[2025-11-18T03:15:29.567Z] MCP (FIYAT) VERISI CEKILIYOR...
[2025-11-18T03:15:29.567Z] ------------------------------------------------------------
[2025-11-18T03:15:31.849Z] ✅ 24 MCP kaydi eklendi
[2025-11-18T03:15:31.849Z] ------------------------------------------------------------
[2025-11-18T03:15:31.849Z] GENERATION (URETIM) VERISI CEKILIYOR...
[2025-11-18T03:15:31.849Z] ------------------------------------------------------------
[2025-11-18T03:15:31.850Z] 1 parca halinde cekilecek (API limiti 30 gun)
[2025-11-18T03:15:31.850Z] Parca 1/1: 2025-11-17 - 2025-11-17
[2025-11-18T03:15:32.350Z] ✅ 24 Generation kaydi eklendi
[2025-11-18T03:15:32.350Z] Toplam 24 Generation kaydi eklendi
[2025-11-18T03:15:32.350Z] ------------------------------------------------------------
[2025-11-18T03:15:32.350Z] CONSUMPTION (TUKETIM) VERISI CEKILIYOR...
[2025-11-18T03:15:32.350Z] ------------------------------------------------------------
[2025-11-18T03:15:32.857Z] ✅ 24 Consumption kaydi eklendi
[2025-11-18T03:15:32.857Z] ============================================================
[2025-11-18T03:15:32.857Z] CATCH-UP SYNC TAMAMLANDI
[2025-11-18T03:15:32.857Z] ============================================================
[2025-11-18T03:15:32.858Z] Toplam MCP kaydi: 18336
[2025-11-18T03:15:32.858Z] Toplam Generation kaydi: 18336
[2025-11-18T03:15:32.859Z] Toplam Consumption kaydi: 18336
[2025-11-18T03:15:32.859Z] ============================================================
[2025-11-18T03:15:32.859Z] 🔄 WAL checkpoint yapiliyor (degisiklikleri DB dosyasina yazma)...
[2025-11-18T03:15:32.864Z] ✅ WAL checkpoint tamamlandi
[2025-11-18T03:15:32.864Z] Catch-up sync tamamlandi
[2025-11-19T03:14:50.607Z] ============================================================
[2025-11-19T03:14:50.608Z] CATCH-UP SYNC - Eksik Gun Doldurma
[2025-11-19T03:14:50.608Z] ============================================================
[2025-11-19T03:14:50.608Z] En son veri tarihi: 2025-11-17T23:00:00+03:00
[2025-11-19T03:14:50.812Z] Kontrol araligi: 2025-11-18 - 2025-11-18 (dahil)
[2025-11-19T03:14:50.812Z] ⚠️  1 eksik gun bulundu: 2025-11-18 - 2025-11-18
[2025-11-19T03:14:50.812Z] ------------------------------------------------------------
[2025-11-19T03:14:50.813Z] MCP (FIYAT) VERISI CEKILIYOR...
[2025-11-19T03:14:50.813Z] ------------------------------------------------------------
[2025-11-19T03:14:53.098Z] ✅ 24 MCP kaydi eklendi
[2025-11-19T03:14:53.098Z] ------------------------------------------------------------
[2025-11-19T03:14:53.098Z] GENERATION (URETIM) VERISI CEKILIYOR...
[2025-11-19T03:14:53.098Z] ------------------------------------------------------------
[2025-11-19T03:14:53.099Z] 1 parca halinde cekilecek (API limiti 30 gun)
[2025-11-19T03:14:53.099Z] Parca 1/1: 2025-11-18 - 2025-11-18
[2025-11-19T03:14:53.627Z] ✅ 24 Generation kaydi eklendi
[2025-11-19T03:14:53.627Z] Toplam 24 Generation kaydi eklendi
[2025-11-19T03:14:53.627Z] ------------------------------------------------------------
[2025-11-19T03:14:53.627Z] CONSUMPTION (TUKETIM) VERISI CEKILIYOR...
[2025-11-19T03:14:53.627Z] ------------------------------------------------------------
[2025-11-19T03:14:54.129Z] ✅ 24 Consumption kaydi eklendi
[2025-11-19T03:14:54.129Z] ============================================================
[2025-11-19T03:14:54.129Z] CATCH-UP SYNC TAMAMLANDI
[2025-11-19T03:14:54.129Z] ============================================================
[2025-11-19T03:14:54.129Z] Toplam MCP kaydi: 18360
[2025-11-19T03:14:54.130Z] Toplam Generation kaydi: 18360
[2025-11-19T03:14:54.131Z] Toplam Consumption kaydi: 18360
[2025-11-19T03:14:54.131Z] ============================================================
[2025-11-19T03:14:54.131Z] 🔄 WAL checkpoint yapiliyor (degisiklikleri DB dosyasina yazma)...
[2025-11-19T03:14:54.138Z] ✅ WAL checkpoint tamamlandi
[2025-11-19T03:14:54.138Z] Catch-up sync tamamlandi
[2025-11-20T03:12:42.899Z] ============================================================
[2025-11-20T03:12:42.900Z] CATCH-UP SYNC - Eksik Gun Doldurma
[2025-11-20T03:12:42.900Z] ============================================================
[2025-11-20T03:12:42.901Z] En son veri tarihi: 2025-11-18T23:00:00+03:00
[2025-11-20T03:12:42.934Z] Kontrol araligi: 2025-11-19 - 2025-11-19 (dahil)
[2025-11-20T03:12:42.935Z] ⚠️  1 eksik gun bulundu: 2025-11-19 - 2025-11-19
[2025-11-20T03:12:42.935Z] ------------------------------------------------------------
[2025-11-20T03:12:42.935Z] MCP (FIYAT) VERISI CEKILIYOR...
[2025-11-20T03:12:42.935Z] ------------------------------------------------------------
[2025-11-20T03:12:45.447Z] ✅ 24 MCP kaydi eklendi
[2025-11-20T03:12:45.447Z] ------------------------------------------------------------
[2025-11-20T03:12:45.447Z] GENERATION (URETIM) VERISI CEKILIYOR...
[2025-11-20T03:12:45.447Z] ------------------------------------------------------------
[2025-11-20T03:12:45.447Z] 1 parca halinde cekilecek (API limiti 30 gun)
[2025-11-20T03:12:45.447Z] Parca 1/1: 2025-11-19 - 2025-11-19
[2025-11-20T03:12:45.939Z] ✅ 24 Generation kaydi eklendi
[2025-11-20T03:12:45.939Z] Toplam 24 Generation kaydi eklendi
[2025-11-20T03:12:45.940Z] ------------------------------------------------------------
[2025-11-20T03:12:45.940Z] CONSUMPTION (TUKETIM) VERISI CEKILIYOR...
[2025-11-20T03:12:45.940Z] ------------------------------------------------------------
[2025-11-20T03:12:46.438Z] ✅ 24 Consumption kaydi eklendi
[2025-11-20T03:12:46.439Z] ============================================================
[2025-11-20T03:12:46.439Z] CATCH-UP SYNC TAMAMLANDI
[2025-11-20T03:12:46.439Z] ============================================================
[2025-11-20T03:12:46.439Z] Toplam MCP kaydi: 18384
[2025-11-20T03:12:46.440Z] Toplam Generation kaydi: 18384
[2025-11-20T03:12:46.441Z] Toplam Consumption kaydi: 18384
[2025-11-20T03:12:46.441Z] ============================================================
[2025-11-20T03:12:46.441Z] 🔄 WAL checkpoint yapiliyor (degisiklikleri DB dosyasina yazma)...
[2025-11-20T03:12:46.448Z] ✅ WAL checkpoint tamamlandi
[2025-11-20T03:12:46.448Z] Catch-up sync tamamlandi
[2025-11-21T03:13:20.171Z] ============================================================
[2025-11-21T03:13:20.172Z] CATCH-UP SYNC - Eksik Gun Doldurma
[2025-11-21T03:13:20.172Z] ============================================================
[2025-11-21T03:13:20.173Z] En son veri tarihi: 2025-11-19T23:00:00+03:00
[2025-11-21T03:13:20.205Z] Kontrol araligi: 2025-11-20 - 2025-11-20 (dahil)
[2025-11-21T03:13:20.205Z] ⚠️  1 eksik gun bulundu: 2025-11-20 - 2025-11-20
[2025-11-21T03:13:20.205Z] ------------------------------------------------------------
[2025-11-21T03:13:20.205Z] MCP (FIYAT) VERISI CEKILIYOR...
[2025-11-21T03:13:20.205Z] ------------------------------------------------------------
[2025-11-21T03:13:21.804Z] ✅ 24 MCP kaydi eklendi
[2025-11-21T03:13:21.805Z] ------------------------------------------------------------
[2025-11-21T03:13:21.805Z] GENERATION (URETIM) VERISI CEKILIYOR...
[2025-11-21T03:13:21.805Z] ------------------------------------------------------------
[2025-11-21T03:13:21.805Z] 1 parca halinde cekilecek (API limiti 30 gun)
[2025-11-21T03:13:21.805Z] Parca 1/1: 2025-11-20 - 2025-11-20
[2025-11-21T03:13:22.208Z] ✅ 24 Generation kaydi eklendi
[2025-11-21T03:13:22.208Z] Toplam 24 Generation kaydi eklendi
[2025-11-21T03:13:22.208Z] ------------------------------------------------------------
[2025-11-21T03:13:22.208Z] CONSUMPTION (TUKETIM) VERISI CEKILIYOR...
[2025-11-21T03:13:22.208Z] ------------------------------------------------------------
[2025-11-21T03:13:22.626Z] ✅ 24 Consumption kaydi eklendi
[2025-11-21T03:13:22.626Z] ============================================================
[2025-11-21T03:13:22.627Z] CATCH-UP SYNC TAMAMLANDI
[2025-11-21T03:13:22.627Z] ============================================================
[2025-11-21T03:13:22.627Z] Toplam MCP kaydi: 18408
[2025-11-21T03:13:22.628Z] Toplam Generation kaydi: 18408
[2025-11-21T03:13:22.629Z] Toplam Consumption kaydi: 18408
[2025-11-21T03:13:22.629Z] ============================================================
[2025-11-21T03:13:22.629Z] 🔄 WAL checkpoint yapiliyor (degisiklikleri DB dosyasina yazma)...
[2025-11-21T03:13:22.637Z] ✅ WAL checkpoint tamamlandi
[2025-11-21T03:13:22.638Z] Catch-up sync tamamlandi
[2025-11-22T03:07:27.517Z] ============================================================
[2025-11-22T03:07:27.518Z] CATCH-UP SYNC - Eksik Gun Doldurma
[2025-11-22T03:07:27.518Z] ============================================================
[2025-11-22T03:07:27.518Z] En son veri tarihi: 2025-11-20T23:00:00+03:00
[2025-11-22T03:07:27.551Z] Kontrol araligi: 2025-11-21 - 2025-11-21 (dahil)
[2025-11-22T03:07:27.551Z] ⚠️  1 eksik gun bulundu: 2025-11-21 - 2025-11-21
[2025-11-22T03:07:27.551Z] ------------------------------------------------------------
[2025-11-22T03:07:27.551Z] MCP (FIYAT) VERISI CEKILIYOR...
[2025-11-22T03:07:27.551Z] ------------------------------------------------------------
[2025-11-22T03:07:29.565Z] ✅ 24 MCP kaydi eklendi
[2025-11-22T03:07:29.565Z] ------------------------------------------------------------
[2025-11-22T03:07:29.565Z] GENERATION (URETIM) VERISI CEKILIYOR...
[2025-11-22T03:07:29.565Z] ------------------------------------------------------------
[2025-11-22T03:07:29.566Z] 1 parca halinde cekilecek (API limiti 30 gun)
[2025-11-22T03:07:29.566Z] Parca 1/1: 2025-11-21 - 2025-11-21
[2025-11-22T03:07:30.136Z] ✅ 24 Generation kaydi eklendi
[2025-11-22T03:07:30.136Z] Toplam 24 Generation kaydi eklendi
[2025-11-22T03:07:30.136Z] ------------------------------------------------------------
[2025-11-22T03:07:30.137Z] CONSUMPTION (TUKETIM) VERISI CEKILIYOR...
[2025-11-22T03:07:30.137Z] ------------------------------------------------------------
[2025-11-22T03:07:30.646Z] ✅ 24 Consumption kaydi eklendi
[2025-11-22T03:07:30.647Z] ============================================================
[2025-11-22T03:07:30.647Z] CATCH-UP SYNC TAMAMLANDI
[2025-11-22T03:07:30.647Z] ============================================================
[2025-11-22T03:07:30.647Z] Toplam MCP kaydi: 18432
[2025-11-22T03:07:30.648Z] Toplam Generation kaydi: 18432
[2025-11-22T03:07:30.649Z] Toplam Consumption kaydi: 18432
[2025-11-22T03:07:30.649Z] ============================================================
[2025-11-22T03:07:30.649Z] 🔄 WAL checkpoint yapiliyor (degisiklikleri DB dosyasina yazma)...
[2025-11-22T03:07:30.659Z] ✅ WAL checkpoint tamamlandi
[2025-11-22T03:07:30.659Z] Catch-up sync tamamlandi
[2025-11-23T03:38:35.325Z] ============================================================
[2025-11-23T03:38:35.325Z] CATCH-UP SYNC - Eksik Gun Doldurma
[2025-11-23T03:38:35.325Z] ============================================================
[2025-11-23T03:38:35.326Z] En son veri tarihi: 2025-11-21T23:00:00+03:00
[2025-11-23T03:38:35.355Z] Kontrol araligi: 2025-11-22 - 2025-11-22 (dahil)
[2025-11-23T03:38:35.355Z] ⚠️  1 eksik gun bulundu: 2025-11-22 - 2025-11-22
[2025-11-23T03:38:35.355Z] ------------------------------------------------------------
[2025-11-23T03:38:35.355Z] MCP (FIYAT) VERISI CEKILIYOR...
[2025-11-23T03:38:35.356Z] ------------------------------------------------------------
[2025-11-23T03:38:37.930Z] ✅ 24 MCP kaydi eklendi
[2025-11-23T03:38:37.931Z] ------------------------------------------------------------
[2025-11-23T03:38:37.931Z] GENERATION (URETIM) VERISI CEKILIYOR...
[2025-11-23T03:38:37.931Z] ------------------------------------------------------------
[2025-11-23T03:38:37.931Z] 1 parca halinde cekilecek (API limiti 30 gun)
[2025-11-23T03:38:37.931Z] Parca 1/1: 2025-11-22 - 2025-11-22
[2025-11-23T03:38:38.612Z] ✅ 24 Generation kaydi eklendi
[2025-11-23T03:38:38.612Z] Toplam 24 Generation kaydi eklendi
[2025-11-23T03:38:38.612Z] ------------------------------------------------------------
[2025-11-23T03:38:38.612Z] CONSUMPTION (TUKETIM) VERISI CEKILIYOR...
[2025-11-23T03:38:38.612Z] ------------------------------------------------------------
[2025-11-23T03:38:39.134Z] ✅ 24 Consumption kaydi eklendi
[2025-11-23T03:38:39.134Z] ============================================================
[2025-11-23T03:38:39.134Z] CATCH-UP SYNC TAMAMLANDI
[2025-11-23T03:38:39.134Z] ============================================================
[2025-11-23T03:38:39.135Z] Toplam MCP kaydi: 18456
[2025-11-23T03:38:39.135Z] Toplam Generation kaydi: 18456
[2025-11-23T03:38:39.136Z] Toplam Consumption kaydi: 18456
[2025-11-23T03:38:39.136Z] ============================================================
[2025-11-23T03:38:39.136Z] 🔄 WAL checkpoint yapiliyor (degisiklikleri DB dosyasina yazma)...
[2025-11-23T03:38:39.144Z] ✅ WAL checkpoint tamamlandi
[2025-11-23T03:38:39.145Z] Catch-up sync tamamlandi
[2025-11-24T03:27:10.101Z] ============================================================
[2025-11-24T03:27:10.102Z] CATCH-UP SYNC - Eksik Gun Doldurma
[2025-11-24T03:27:10.102Z] ============================================================
[2025-11-24T03:27:10.102Z] En son veri tarihi: 2025-11-22T23:00:00+03:00
[2025-11-24T03:27:10.367Z] Kontrol araligi: 2025-11-23 - 2025-11-23 (dahil)
[2025-11-24T03:27:10.368Z] ⚠️  1 eksik gun bulundu: 2025-11-23 - 2025-11-23
[2025-11-24T03:27:10.368Z] ------------------------------------------------------------
[2025-11-24T03:27:10.368Z] MCP (FIYAT) VERISI CEKILIYOR...
[2025-11-24T03:27:10.368Z] ------------------------------------------------------------
[2025-11-24T03:27:12.258Z] ✅ 24 MCP kaydi eklendi
[2025-11-24T03:27:12.258Z] ------------------------------------------------------------
[2025-11-24T03:27:12.258Z] GENERATION (URETIM) VERISI CEKILIYOR...
[2025-11-24T03:27:12.258Z] ------------------------------------------------------------
[2025-11-24T03:27:12.258Z] 1 parca halinde cekilecek (API limiti 30 gun)
[2025-11-24T03:27:12.259Z] Parca 1/1: 2025-11-23 - 2025-11-23
[2025-11-24T03:27:12.978Z] ✅ 24 Generation kaydi eklendi
[2025-11-24T03:27:12.978Z] Toplam 24 Generation kaydi eklendi
[2025-11-24T03:27:12.978Z] ------------------------------------------------------------
[2025-11-24T03:27:12.978Z] CONSUMPTION (TUKETIM) VERISI CEKILIYOR...
[2025-11-24T03:27:12.978Z] ------------------------------------------------------------
[2025-11-24T03:27:13.498Z] ✅ 24 Consumption kaydi eklendi
[2025-11-24T03:27:13.498Z] ============================================================
[2025-11-24T03:27:13.499Z] CATCH-UP SYNC TAMAMLANDI
[2025-11-24T03:27:13.499Z] ============================================================
[2025-11-24T03:27:13.499Z] Toplam MCP kaydi: 18480
[2025-11-24T03:27:13.500Z] Toplam Generation kaydi: 18480
[2025-11-24T03:27:13.500Z] Toplam Consumption kaydi: 18480
[2025-11-24T03:27:13.501Z] ============================================================
[2025-11-24T03:27:13.501Z] 🔄 WAL checkpoint yapiliyor (degisiklikleri DB dosyasina yazma)...
[2025-11-24T03:27:13.506Z] ✅ WAL checkpoint tamamlandi
[2025-11-24T03:27:13.507Z] Catch-up sync tamamlandi
[2025-11-25T03:17:48.083Z] ============================================================
[2025-11-25T03:17:48.084Z] CATCH-UP SYNC - Eksik Gun Doldurma
[2025-11-25T03:17:48.084Z] ============================================================
[2025-11-25T03:17:48.085Z] En son veri tarihi: 2025-11-23T23:00:00+03:00
[2025-11-25T03:17:48.265Z] Kontrol araligi: 2025-11-24 - 2025-11-24 (dahil)
[2025-11-25T03:17:48.267Z] ⚠️  1 eksik gun bulundu: 2025-11-24 - 2025-11-24
[2025-11-25T03:17:48.267Z] ------------------------------------------------------------
[2025-11-25T03:17:48.267Z] MCP (FIYAT) VERISI CEKILIYOR...
[2025-11-25T03:17:48.267Z] ------------------------------------------------------------
[2025-11-25T03:17:50.051Z] ✅ 24 MCP kaydi eklendi
[2025-11-25T03:17:50.052Z] ------------------------------------------------------------
[2025-11-25T03:17:50.052Z] GENERATION (URETIM) VERISI CEKILIYOR...
[2025-11-25T03:17:50.052Z] ------------------------------------------------------------
[2025-11-25T03:17:50.052Z] 1 parca halinde cekilecek (API limiti 30 gun)
[2025-11-25T03:17:50.052Z] Parca 1/1: 2025-11-24 - 2025-11-24
[2025-11-25T03:17:50.425Z] ✅ 24 Generation kaydi eklendi
[2025-11-25T03:17:50.425Z] Toplam 24 Generation kaydi eklendi
[2025-11-25T03:17:50.426Z] ------------------------------------------------------------
[2025-11-25T03:17:50.426Z] CONSUMPTION (TUKETIM) VERISI CEKILIYOR...
[2025-11-25T03:17:50.426Z] ------------------------------------------------------------
[2025-11-25T03:17:50.791Z] ✅ 24 Consumption kaydi eklendi
[2025-11-25T03:17:50.791Z] ============================================================
[2025-11-25T03:17:50.791Z] CATCH-UP SYNC TAMAMLANDI
[2025-11-25T03:17:50.791Z] ============================================================
[2025-11-25T03:17:50.792Z] Toplam MCP kaydi: 18504
[2025-11-25T03:17:50.792Z] Toplam Generation kaydi: 18504
[2025-11-25T03:17:50.793Z] Toplam Consumption kaydi: 18504
[2025-11-25T03:17:50.793Z] ============================================================
[2025-11-25T03:17:50.793Z] 🔄 WAL checkpoint yapiliyor (degisiklikleri DB dosyasina yazma)...
[2025-11-25T03:17:50.800Z] ✅ WAL checkpoint tamamlandi
[2025-11-25T03:17:50.801Z] Catch-up sync tamamlandi
[2025-11-26T03:17:59.309Z] ============================================================
[2025-11-26T03:17:59.310Z] CATCH-UP SYNC - Eksik Gun Doldurma
[2025-11-26T03:17:59.310Z] ============================================================
[2025-11-26T03:17:59.310Z] En son veri tarihi: 2025-11-24T23:00:00+03:00
[2025-11-26T03:17:59.505Z] Kontrol araligi: 2025-11-25 - 2025-11-25 (dahil)
[2025-11-26T03:17:59.506Z] ⚠️  1 eksik gun bulundu: 2025-11-25 - 2025-11-25
[2025-11-26T03:17:59.506Z] ------------------------------------------------------------
[2025-11-26T03:17:59.506Z] MCP (FIYAT) VERISI CEKILIYOR...
[2025-11-26T03:17:59.506Z] ------------------------------------------------------------
[2025-11-26T03:18:02.216Z] ✅ 24 MCP kaydi eklendi
[2025-11-26T03:18:02.217Z] ------------------------------------------------------------
[2025-11-26T03:18:02.217Z] GENERATION (URETIM) VERISI CEKILIYOR...
[2025-11-26T03:18:02.217Z] ------------------------------------------------------------
[2025-11-26T03:18:02.217Z] 1 parca halinde cekilecek (API limiti 30 gun)
[2025-11-26T03:18:02.217Z] Parca 1/1: 2025-11-25 - 2025-11-25
[2025-11-26T03:18:02.727Z] ✅ 24 Generation kaydi eklendi
[2025-11-26T03:18:02.727Z] Toplam 24 Generation kaydi eklendi
[2025-11-26T03:18:02.727Z] ------------------------------------------------------------
[2025-11-26T03:18:02.727Z] CONSUMPTION (TUKETIM) VERISI CEKILIYOR...
[2025-11-26T03:18:02.727Z] ------------------------------------------------------------
[2025-11-26T03:18:03.250Z] ✅ 24 Consumption kaydi eklendi
[2025-11-26T03:18:03.250Z] ============================================================
[2025-11-26T03:18:03.250Z] CATCH-UP SYNC TAMAMLANDI
[2025-11-26T03:18:03.250Z] ============================================================
[2025-11-26T03:18:03.251Z] Toplam MCP kaydi: 18528
[2025-11-26T03:18:03.252Z] Toplam Generation kaydi: 18528
[2025-11-26T03:18:03.252Z] Toplam Consumption kaydi: 18528
[2025-11-26T03:18:03.252Z] ============================================================
[2025-11-26T03:18:03.252Z] 🔄 WAL checkpoint yapiliyor (degisiklikleri DB dosyasina yazma)...
[2025-11-26T03:18:03.259Z] ✅ WAL checkpoint tamamlandi
[2025-11-26T03:18:03.259Z] Catch-up sync tamamlandi
[2025-11-27T03:14:33.091Z] ============================================================
[2025-11-27T03:14:33.092Z] CATCH-UP SYNC - Eksik Gun Doldurma
[2025-11-27T03:14:33.092Z] ============================================================
[2025-11-27T03:14:33.092Z] En son veri tarihi: 2025-11-25T23:00:00+03:00
[2025-11-27T03:14:33.120Z] Kontrol araligi: 2025-11-26 - 2025-11-26 (dahil)
[2025-11-27T03:14:33.120Z] ⚠️  1 eksik gun bulundu: 2025-11-26 - 2025-11-26
[2025-11-27T03:14:33.120Z] ------------------------------------------------------------
[2025-11-27T03:14:33.121Z] MCP (FIYAT) VERISI CEKILIYOR...
[2025-11-27T03:14:33.121Z] ------------------------------------------------------------
[2025-11-27T03:14:34.841Z] ✅ 24 MCP kaydi eklendi
[2025-11-27T03:14:34.842Z] ------------------------------------------------------------
[2025-11-27T03:14:34.842Z] GENERATION (URETIM) VERISI CEKILIYOR...
[2025-11-27T03:14:34.842Z] ------------------------------------------------------------
[2025-11-27T03:14:34.842Z] 1 parca halinde cekilecek (API limiti 30 gun)
[2025-11-27T03:14:34.842Z] Parca 1/1: 2025-11-26 - 2025-11-26
[2025-11-27T03:14:35.247Z] ✅ 24 Generation kaydi eklendi
[2025-11-27T03:14:35.247Z] Toplam 24 Generation kaydi eklendi
[2025-11-27T03:14:35.247Z] ------------------------------------------------------------
[2025-11-27T03:14:35.248Z] CONSUMPTION (TUKETIM) VERISI CEKILIYOR...
[2025-11-27T03:14:35.248Z] ------------------------------------------------------------
[2025-11-27T03:14:35.622Z] ✅ 24 Consumption kaydi eklendi
[2025-11-27T03:14:35.622Z] ============================================================
[2025-11-27T03:14:35.622Z] CATCH-UP SYNC TAMAMLANDI
[2025-11-27T03:14:35.622Z] ============================================================
[2025-11-27T03:14:35.623Z] Toplam MCP kaydi: 18552
[2025-11-27T03:14:35.623Z] Toplam Generation kaydi: 18552
[2025-11-27T03:14:35.624Z] Toplam Consumption kaydi: 18552
[2025-11-27T03:14:35.624Z] ============================================================
[2025-11-27T03:14:35.624Z] 🔄 WAL checkpoint yapiliyor (degisiklikleri DB dosyasina yazma)...
[2025-11-27T03:14:35.627Z] ✅ WAL checkpoint tamamlandi
[2025-11-27T03:14:35.627Z] Catch-up sync tamamlandi
[2025-11-28T03:14:26.066Z] ============================================================
[2025-11-28T03:14:26.066Z] CATCH-UP SYNC - Eksik Gun Doldurma
[2025-11-28T03:14:26.067Z] ============================================================
[2025-11-28T03:14:26.067Z] En son veri tarihi: 2025-11-26T23:00:00+03:00
[2025-11-28T03:14:26.248Z] Kontrol araligi: 2025-11-27 - 2025-11-27 (dahil)
[2025-11-28T03:14:26.248Z] ⚠️  1 eksik gun bulundu: 2025-11-27 - 2025-11-27
[2025-11-28T03:14:26.248Z] ------------------------------------------------------------
[2025-11-28T03:14:26.248Z] MCP (FIYAT) VERISI CEKILIYOR...
[2025-11-28T03:14:26.248Z] ------------------------------------------------------------
[2025-11-28T03:14:27.692Z] ✅ 24 MCP kaydi eklendi
[2025-11-28T03:14:27.693Z] ------------------------------------------------------------
[2025-11-28T03:14:27.693Z] GENERATION (URETIM) VERISI CEKILIYOR...
[2025-11-28T03:14:27.693Z] ------------------------------------------------------------
[2025-11-28T03:14:27.693Z] 1 parca halinde cekilecek (API limiti 30 gun)
[2025-11-28T03:14:27.693Z] Parca 1/1: 2025-11-27 - 2025-11-27
[2025-11-28T03:14:28.067Z] ✅ 24 Generation kaydi eklendi
[2025-11-28T03:14:28.067Z] Toplam 24 Generation kaydi eklendi
[2025-11-28T03:14:28.067Z] ------------------------------------------------------------
[2025-11-28T03:14:28.067Z] CONSUMPTION (TUKETIM) VERISI CEKILIYOR...
[2025-11-28T03:14:28.067Z] ------------------------------------------------------------
[2025-11-28T03:14:28.442Z] ✅ 24 Consumption kaydi eklendi
[2025-11-28T03:14:28.442Z] ============================================================
[2025-11-28T03:14:28.442Z] CATCH-UP SYNC TAMAMLANDI
[2025-11-28T03:14:28.442Z] ============================================================
[2025-11-28T03:14:28.443Z] Toplam MCP kaydi: 18576
[2025-11-28T03:14:28.443Z] Toplam Generation kaydi: 18576
[2025-11-28T03:14:28.444Z] Toplam Consumption kaydi: 18576
[2025-11-28T03:14:28.444Z] ============================================================
[2025-11-28T03:14:28.444Z] 🔄 WAL checkpoint yapiliyor (degisiklikleri DB dosyasina yazma)...
[2025-11-28T03:14:28.452Z] ✅ WAL checkpoint tamamlandi
[2025-11-28T03:14:28.453Z] Catch-up sync tamamlandi
[2025-11-29T03:14:34.365Z] ============================================================
[2025-11-29T03:14:34.365Z] CATCH-UP SYNC - Eksik Gun Doldurma
[2025-11-29T03:14:34.365Z] ============================================================
[2025-11-29T03:14:34.366Z] En son veri tarihi: 2025-11-27T23:00:00+03:00
[2025-11-29T03:14:34.588Z] Kontrol araligi: 2025-11-28 - 2025-11-28 (dahil)
[2025-11-29T03:14:34.589Z] ⚠️  1 eksik gun bulundu: 2025-11-28 - 2025-11-28
[2025-11-29T03:14:34.589Z] ------------------------------------------------------------
[2025-11-29T03:14:34.589Z] MCP (FIYAT) VERISI CEKILIYOR...
[2025-11-29T03:14:34.589Z] ------------------------------------------------------------
[2025-11-29T03:14:36.831Z] ✅ 24 MCP kaydi eklendi
[2025-11-29T03:14:36.831Z] ------------------------------------------------------------
[2025-11-29T03:14:36.831Z] GENERATION (URETIM) VERISI CEKILIYOR...
[2025-11-29T03:14:36.832Z] ------------------------------------------------------------
[2025-11-29T03:14:36.832Z] 1 parca halinde cekilecek (API limiti 30 gun)
[2025-11-29T03:14:36.832Z] Parca 1/1: 2025-11-28 - 2025-11-28
[2025-11-29T03:14:37.391Z] ✅ 24 Generation kaydi eklendi
[2025-11-29T03:14:37.391Z] Toplam 24 Generation kaydi eklendi
[2025-11-29T03:14:37.391Z] ------------------------------------------------------------
[2025-11-29T03:14:37.391Z] CONSUMPTION (TUKETIM) VERISI CEKILIYOR...
[2025-11-29T03:14:37.391Z] ------------------------------------------------------------
[2025-11-29T03:14:37.891Z] ✅ 24 Consumption kaydi eklendi
[2025-11-29T03:14:37.891Z] ============================================================
[2025-11-29T03:14:37.891Z] CATCH-UP SYNC TAMAMLANDI
[2025-11-29T03:14:37.892Z] ============================================================
[2025-11-29T03:14:37.892Z] Toplam MCP kaydi: 18600
[2025-11-29T03:14:37.893Z] Toplam Generation kaydi: 18600
[2025-11-29T03:14:37.893Z] Toplam Consumption kaydi: 18600
[2025-11-29T03:14:37.893Z] ============================================================
[2025-11-29T03:14:37.894Z] 🔄 WAL checkpoint yapiliyor (degisiklikleri DB dosyasina yazma)...
[2025-11-29T03:14:37.901Z] ✅ WAL checkpoint tamamlandi
[2025-11-29T03:14:37.902Z] Catch-up sync tamamlandi
[2025-11-30T03:38:35.981Z] ============================================================
[2025-11-30T03:38:35.982Z] CATCH-UP SYNC - Eksik Gun Doldurma
[2025-11-30T03:38:35.982Z] ============================================================
[2025-11-30T03:38:35.982Z] En son veri tarihi: 2025-11-28T23:00:00+03:00
[2025-11-30T03:38:36.013Z] Kontrol araligi: 2025-11-29 - 2025-11-29 (dahil)
[2025-11-30T03:38:36.013Z] ⚠️  1 eksik gun bulundu: 2025-11-29 - 2025-11-29
[2025-11-30T03:38:36.013Z] ------------------------------------------------------------
[2025-11-30T03:38:36.014Z] MCP (FIYAT) VERISI CEKILIYOR...
[2025-11-30T03:38:36.014Z] ------------------------------------------------------------
[2025-11-30T03:38:37.990Z] ✅ 24 MCP kaydi eklendi
[2025-11-30T03:38:37.990Z] ------------------------------------------------------------
[2025-11-30T03:38:37.990Z] GENERATION (URETIM) VERISI CEKILIYOR...
[2025-11-30T03:38:37.990Z] ------------------------------------------------------------
[2025-11-30T03:38:37.991Z] 1 parca halinde cekilecek (API limiti 30 gun)
[2025-11-30T03:38:37.991Z] Parca 1/1: 2025-11-29 - 2025-11-29
[2025-11-30T03:38:38.685Z] ✅ 24 Generation kaydi eklendi
[2025-11-30T03:38:38.685Z] Toplam 24 Generation kaydi eklendi
[2025-11-30T03:38:38.685Z] ------------------------------------------------------------
[2025-11-30T03:38:38.685Z] CONSUMPTION (TUKETIM) VERISI CEKILIYOR...
[2025-11-30T03:38:38.685Z] ------------------------------------------------------------
[2025-11-30T03:38:39.168Z] ✅ 24 Consumption kaydi eklendi
[2025-11-30T03:38:39.168Z] ============================================================
[2025-11-30T03:38:39.168Z] CATCH-UP SYNC TAMAMLANDI
[2025-11-30T03:38:39.168Z] ============================================================
[2025-11-30T03:38:39.169Z] Toplam MCP kaydi: 18624
[2025-11-30T03:38:39.169Z] Toplam Generation kaydi: 18624
[2025-11-30T03:38:39.170Z] Toplam Consumption kaydi: 18624
[2025-11-30T03:38:39.170Z] ============================================================
[2025-11-30T03:38:39.170Z] 🔄 WAL checkpoint yapiliyor (degisiklikleri DB dosyasina yazma)...
[2025-11-30T03:38:39.179Z] ✅ WAL checkpoint tamamlandi
[2025-11-30T03:38:39.179Z] Catch-up sync tamamlandi
[2025-12-01T03:53:55.146Z] ============================================================
[2025-12-01T03:53:55.147Z] CATCH-UP SYNC - Eksik Gun Doldurma
[2025-12-01T03:53:55.147Z] ============================================================
[2025-12-01T03:53:55.147Z] En son veri tarihi: 2025-11-29T23:00:00+03:00
[2025-12-01T03:53:55.183Z] Kontrol araligi: 2025-11-30 - 2025-11-30 (dahil)
[2025-12-01T03:53:55.184Z] ⚠️  1 eksik gun bulundu: 2025-11-30 - 2025-11-30
[2025-12-01T03:53:55.184Z] ------------------------------------------------------------
[2025-12-01T03:53:55.184Z] MCP (FIYAT) VERISI CEKILIYOR...
[2025-12-01T03:53:55.184Z] ------------------------------------------------------------
[2025-12-01T03:53:57.403Z] ✅ 24 MCP kaydi eklendi
[2025-12-01T03:53:57.403Z] ------------------------------------------------------------
[2025-12-01T03:53:57.403Z] GENERATION (URETIM) VERISI CEKILIYOR...
[2025-12-01T03:53:57.403Z] ------------------------------------------------------------
[2025-12-01T03:53:57.403Z] 1 parca halinde cekilecek (API limiti 30 gun)
[2025-12-01T03:53:57.403Z] Parca 1/1: 2025-11-30 - 2025-11-30
[2025-12-01T03:53:57.985Z] ✅ 24 Generation kaydi eklendi
[2025-12-01T03:53:57.985Z] Toplam 24 Generation kaydi eklendi
[2025-12-01T03:53:57.985Z] ------------------------------------------------------------
[2025-12-01T03:53:57.985Z] CONSUMPTION (TUKETIM) VERISI CEKILIYOR...
[2025-12-01T03:53:57.985Z] ------------------------------------------------------------
[2025-12-01T03:53:58.447Z] ✅ 24 Consumption kaydi eklendi
[2025-12-01T03:53:58.447Z] ============================================================
[2025-12-01T03:53:58.447Z] CATCH-UP SYNC TAMAMLANDI
[2025-12-01T03:53:58.447Z] ============================================================
[2025-12-01T03:53:58.448Z] Toplam MCP kaydi: 18648
[2025-12-01T03:53:58.449Z] Toplam Generation kaydi: 18648
[2025-12-01T03:53:58.449Z] Toplam Consumption kaydi: 18648
[2025-12-01T03:53:58.449Z] ============================================================
[2025-12-01T03:53:58.449Z] 🔄 WAL checkpoint yapiliyor (degisiklikleri DB dosyasina yazma)...
[2025-12-01T03:53:58.452Z] ✅ WAL checkpoint tamamlandi
[2025-12-01T03:53:58.452Z] Catch-up sync tamamlandi
[2025-12-02T03:21:39.205Z] ============================================================
[2025-12-02T03:21:39.205Z] CATCH-UP SYNC - Eksik Gun Doldurma
[2025-12-02T03:21:39.206Z] ============================================================
[2025-12-02T03:21:39.206Z] En son veri tarihi: 2025-11-30T23:00:00+03:00
[2025-12-02T03:21:39.472Z] Kontrol araligi: 2025-12-01 - 2025-12-01 (dahil)
[2025-12-02T03:21:39.472Z] ⚠️  1 eksik gun bulundu: 2025-12-01 - 2025-12-01
[2025-12-02T03:21:39.472Z] ------------------------------------------------------------
[2025-12-02T03:21:39.473Z] MCP (FIYAT) VERISI CEKILIYOR...
[2025-12-02T03:21:39.473Z] ------------------------------------------------------------
[2025-12-02T03:21:41.317Z] ✅ 24 MCP kaydi eklendi
[2025-12-02T03:21:41.317Z] ------------------------------------------------------------
[2025-12-02T03:21:41.317Z] GENERATION (URETIM) VERISI CEKILIYOR...
[2025-12-02T03:21:41.317Z] ------------------------------------------------------------
[2025-12-02T03:21:41.318Z] 1 parca halinde cekilecek (API limiti 30 gun)
[2025-12-02T03:21:41.318Z] Parca 1/1: 2025-12-01 - 2025-12-01
[2025-12-02T03:21:41.695Z] ✅ 24 Generation kaydi eklendi
[2025-12-02T03:21:41.695Z] Toplam 24 Generation kaydi eklendi
[2025-12-02T03:21:41.695Z] ------------------------------------------------------------
[2025-12-02T03:21:41.695Z] CONSUMPTION (TUKETIM) VERISI CEKILIYOR...
[2025-12-02T03:21:41.695Z] ------------------------------------------------------------
[2025-12-02T03:21:42.081Z] ✅ 24 Consumption kaydi eklendi
[2025-12-02T03:21:42.081Z] ============================================================
[2025-12-02T03:21:42.081Z] CATCH-UP SYNC TAMAMLANDI
[2025-12-02T03:21:42.081Z] ============================================================
[2025-12-02T03:21:42.082Z] Toplam MCP kaydi: 18672
[2025-12-02T03:21:42.082Z] Toplam Generation kaydi: 18672
[2025-12-02T03:21:42.083Z] Toplam Consumption kaydi: 18672
[2025-12-02T03:21:42.083Z] ============================================================
[2025-12-02T03:21:42.083Z] 🔄 WAL checkpoint yapiliyor (degisiklikleri DB dosyasina yazma)...
[2025-12-02T03:21:42.090Z] ✅ WAL checkpoint tamamlandi
[2025-12-02T03:21:42.091Z] Catch-up sync tamamlandi
[2025-12-04T03:22:55.734Z] ============================================================
[2025-12-04T03:22:55.735Z] CATCH-UP SYNC - Eksik Gun Doldurma
[2025-12-04T03:22:55.735Z] ============================================================
[2025-12-04T03:22:55.736Z] En son veri tarihi: 2025-12-01T23:00:00+03:00
[2025-12-04T03:22:55.957Z] Kontrol araligi: 2025-12-02 - 2025-12-03 (dahil)
[2025-12-04T03:22:55.958Z] ⚠️  2 eksik gun bulundu: 2025-12-02 - 2025-12-03
[2025-12-04T03:22:55.958Z] ------------------------------------------------------------
[2025-12-04T03:22:55.958Z] MCP (FIYAT) VERISI CEKILIYOR...
[2025-12-04T03:22:55.958Z] ------------------------------------------------------------
[2025-12-04T03:22:57.451Z] ✅ 48 MCP kaydi eklendi
[2025-12-04T03:22:57.451Z] ------------------------------------------------------------
[2025-12-04T03:22:57.451Z] GENERATION (URETIM) VERISI CEKILIYOR...
[2025-12-04T03:22:57.451Z] ------------------------------------------------------------
[2025-12-04T03:22:57.451Z] 1 parca halinde cekilecek (API limiti 30 gun)
[2025-12-04T03:22:57.451Z] Parca 1/1: 2025-12-02 - 2025-12-03
[2025-12-04T03:22:57.989Z] ✅ 48 Generation kaydi eklendi
[2025-12-04T03:22:57.989Z] Toplam 48 Generation kaydi eklendi
[2025-12-04T03:22:57.989Z] ------------------------------------------------------------
[2025-12-04T03:22:57.989Z] CONSUMPTION (TUKETIM) VERISI CEKILIYOR...
[2025-12-04T03:22:57.989Z] ------------------------------------------------------------
[2025-12-04T03:22:58.362Z] ✅ 48 Consumption kaydi eklendi
[2025-12-04T03:22:58.362Z] ============================================================
[2025-12-04T03:22:58.362Z] CATCH-UP SYNC TAMAMLANDI
[2025-12-04T03:22:58.362Z] ============================================================
[2025-12-04T03:22:58.363Z] Toplam MCP kaydi: 18720
[2025-12-04T03:22:58.363Z] Toplam Generation kaydi: 18720
[2025-12-04T03:22:58.364Z] Toplam Consumption kaydi: 18720
[2025-12-04T03:22:58.364Z] ============================================================
[2025-12-04T03:22:58.364Z] 🔄 WAL checkpoint yapiliyor (degisiklikleri DB dosyasina yazma)...
[2025-12-04T03:22:58.372Z] ✅ WAL checkpoint tamamlandi
[2025-12-04T03:22:58.373Z] Catch-up sync tamamlandi
[2025-12-05T03:22:07.641Z] ============================================================
[2025-12-05T03:22:07.641Z] CATCH-UP SYNC - Eksik Gun Doldurma
[2025-12-05T03:22:07.642Z] ============================================================
[2025-12-05T03:22:07.642Z] En son veri tarihi: 2025-12-03T23:00:00+03:00
[2025-12-05T03:22:07.915Z] Kontrol araligi: 2025-12-04 - 2025-12-04 (dahil)
[2025-12-05T03:22:07.915Z] ⚠️  1 eksik gun bulundu: 2025-12-04 - 2025-12-04
[2025-12-05T03:22:07.916Z] ------------------------------------------------------------
[2025-12-05T03:22:07.916Z] MCP (FIYAT) VERISI CEKILIYOR...
[2025-12-05T03:22:07.916Z] ------------------------------------------------------------
[2025-12-05T03:22:10.110Z] ✅ 24 MCP kaydi eklendi
[2025-12-05T03:22:10.110Z] ------------------------------------------------------------
[2025-12-05T03:22:10.110Z] GENERATION (URETIM) VERISI CEKILIYOR...
[2025-12-05T03:22:10.111Z] ------------------------------------------------------------
[2025-12-05T03:22:10.111Z] 1 parca halinde cekilecek (API limiti 30 gun)
[2025-12-05T03:22:10.111Z] Parca 1/1: 2025-12-04 - 2025-12-04
[2025-12-05T03:22:10.525Z] ✅ 24 Generation kaydi eklendi
[2025-12-05T03:22:10.525Z] Toplam 24 Generation kaydi eklendi
[2025-12-05T03:22:10.525Z] ------------------------------------------------------------
[2025-12-05T03:22:10.525Z] CONSUMPTION (TUKETIM) VERISI CEKILIYOR...
[2025-12-05T03:22:10.525Z] ------------------------------------------------------------
[2025-12-05T03:22:10.949Z] ✅ 24 Consumption kaydi eklendi
[2025-12-05T03:22:10.949Z] ============================================================
[2025-12-05T03:22:10.949Z] CATCH-UP SYNC TAMAMLANDI
[2025-12-05T03:22:10.949Z] ============================================================
[2025-12-05T03:22:10.950Z] Toplam MCP kaydi: 18744
[2025-12-05T03:22:10.951Z] Toplam Generation kaydi: 18744
[2025-12-05T03:22:10.951Z] Toplam Consumption kaydi: 18744
[2025-12-05T03:22:10.951Z] ============================================================
[2025-12-05T03:22:10.951Z] 🔄 WAL checkpoint yapiliyor (degisiklikleri DB dosyasina yazma)...
[2025-12-05T03:22:10.960Z] ✅ WAL checkpoint tamamlandi
[2025-12-05T03:22:10.960Z] Catch-up sync tamamlandi
[2025-12-06T03:12:33.028Z] ============================================================
[2025-12-06T03:12:33.029Z] CATCH-UP SYNC - Eksik Gun Doldurma
[2025-12-06T03:12:33.029Z] ============================================================
[2025-12-06T03:12:33.030Z] En son veri tarihi: 2025-12-04T23:00:00+03:00
[2025-12-06T03:12:33.284Z] Kontrol araligi: 2025-12-05 - 2025-12-05 (dahil)
[2025-12-06T03:12:33.285Z] ⚠️  1 eksik gun bulundu: 2025-12-05 - 2025-12-05
[2025-12-06T03:12:33.285Z] ------------------------------------------------------------
[2025-12-06T03:12:33.285Z] MCP (FIYAT) VERISI CEKILIYOR...
[2025-12-06T03:12:33.285Z] ------------------------------------------------------------
[2025-12-06T03:12:35.095Z] ✅ 24 MCP kaydi eklendi
[2025-12-06T03:12:35.095Z] ------------------------------------------------------------
[2025-12-06T03:12:35.095Z] GENERATION (URETIM) VERISI CEKILIYOR...
[2025-12-06T03:12:35.095Z] ------------------------------------------------------------
[2025-12-06T03:12:35.096Z] 1 parca halinde cekilecek (API limiti 30 gun)
[2025-12-06T03:12:35.096Z] Parca 1/1: 2025-12-05 - 2025-12-05
[2025-12-06T03:12:35.488Z] ✅ 24 Generation kaydi eklendi
[2025-12-06T03:12:35.488Z] Toplam 24 Generation kaydi eklendi
[2025-12-06T03:12:35.489Z] ------------------------------------------------------------
[2025-12-06T03:12:35.489Z] CONSUMPTION (TUKETIM) VERISI CEKILIYOR...
[2025-12-06T03:12:35.489Z] ------------------------------------------------------------
[2025-12-06T03:12:35.857Z] ✅ 24 Consumption kaydi eklendi
[2025-12-06T03:12:35.857Z] ============================================================
[2025-12-06T03:12:35.857Z] CATCH-UP SYNC TAMAMLANDI
[2025-12-06T03:12:35.857Z] ============================================================
[2025-12-06T03:12:35.858Z] Toplam MCP kaydi: 18768
[2025-12-06T03:12:35.858Z] Toplam Generation kaydi: 18768
[2025-12-06T03:12:35.859Z] Toplam Consumption kaydi: 18768
[2025-12-06T03:12:35.859Z] ============================================================
[2025-12-06T03:12:35.859Z] 🔄 WAL checkpoint yapiliyor (degisiklikleri DB dosyasina yazma)...
[2025-12-06T03:12:35.866Z] ✅ WAL checkpoint tamamlandi
[2025-12-06T03:12:35.867Z] Catch-up sync tamamlandi
[2025-12-07T03:38:33.393Z] ============================================================
[2025-12-07T03:38:33.394Z] CATCH-UP SYNC - Eksik Gun Doldurma
[2025-12-07T03:38:33.395Z] ============================================================
[2025-12-07T03:38:33.395Z] En son veri tarihi: 2025-12-05T23:00:00+03:00
[2025-12-07T03:38:33.730Z] Kontrol araligi: 2025-12-06 - 2025-12-06 (dahil)
[2025-12-07T03:38:33.731Z] ⚠️  1 eksik gun bulundu: 2025-12-06 - 2025-12-06
[2025-12-07T03:38:33.731Z] ------------------------------------------------------------
[2025-12-07T03:38:33.731Z] MCP (FIYAT) VERISI CEKILIYOR...
[2025-12-07T03:38:33.731Z] ------------------------------------------------------------
[2025-12-07T03:38:36.260Z] ✅ 24 MCP kaydi eklendi
[2025-12-07T03:38:36.260Z] ------------------------------------------------------------
[2025-12-07T03:38:36.260Z] GENERATION (URETIM) VERISI CEKILIYOR...
[2025-12-07T03:38:36.261Z] ------------------------------------------------------------
[2025-12-07T03:38:36.261Z] 1 parca halinde cekilecek (API limiti 30 gun)
[2025-12-07T03:38:36.261Z] Parca 1/1: 2025-12-06 - 2025-12-06
[2025-12-07T03:38:36.802Z] ✅ 24 Generation kaydi eklendi
[2025-12-07T03:38:36.802Z] Toplam 24 Generation kaydi eklendi
[2025-12-07T03:38:36.802Z] ------------------------------------------------------------
[2025-12-07T03:38:36.802Z] CONSUMPTION (TUKETIM) VERISI CEKILIYOR...
[2025-12-07T03:38:36.802Z] ------------------------------------------------------------
[2025-12-07T03:38:37.229Z] ✅ 24 Consumption kaydi eklendi
[2025-12-07T03:38:37.230Z] ============================================================
[2025-12-07T03:38:37.230Z] CATCH-UP SYNC TAMAMLANDI
[2025-12-07T03:38:37.230Z] ============================================================
[2025-12-07T03:38:37.230Z] Toplam MCP kaydi: 18792
[2025-12-07T03:38:37.231Z] Toplam Generation kaydi: 18792
[2025-12-07T03:38:37.232Z] Toplam Consumption kaydi: 18792
[2025-12-07T03:38:37.232Z] ============================================================
[2025-12-07T03:38:37.232Z] 🔄 WAL checkpoint yapiliyor (degisiklikleri DB dosyasina yazma)...
[2025-12-07T03:38:37.234Z] ✅ WAL checkpoint tamamlandi
[2025-12-07T03:38:37.235Z] Catch-up sync tamamlandi
[2025-12-08T03:25:04.286Z] ============================================================
[2025-12-08T03:25:04.288Z] CATCH-UP SYNC - Eksik Gun Doldurma
[2025-12-08T03:25:04.288Z] ============================================================
[2025-12-08T03:25:04.289Z] En son veri tarihi: 2025-12-06T23:00:00+03:00
[2025-12-08T03:25:04.546Z] Kontrol araligi: 2025-12-07 - 2025-12-07 (dahil)
[2025-12-08T03:25:04.547Z] ⚠️  1 eksik gun bulundu: 2025-12-07 - 2025-12-07
[2025-12-08T03:25:04.547Z] ------------------------------------------------------------
[2025-12-08T03:25:04.547Z] MCP (FIYAT) VERISI CEKILIYOR...
[2025-12-08T03:25:04.547Z] ------------------------------------------------------------
[2025-12-08T03:25:06.931Z] ✅ 24 MCP kaydi eklendi
[2025-12-08T03:25:06.931Z] ------------------------------------------------------------
[2025-12-08T03:25:06.931Z] GENERATION (URETIM) VERISI CEKILIYOR...
[2025-12-08T03:25:06.931Z] ------------------------------------------------------------
[2025-12-08T03:25:06.931Z] 1 parca halinde cekilecek (API limiti 30 gun)
[2025-12-08T03:25:06.931Z] Parca 1/1: 2025-12-07 - 2025-12-07
[2025-12-08T03:25:07.574Z] ✅ 24 Generation kaydi eklendi
[2025-12-08T03:25:07.574Z] Toplam 24 Generation kaydi eklendi
[2025-12-08T03:25:07.574Z] ------------------------------------------------------------
[2025-12-08T03:25:07.574Z] CONSUMPTION (TUKETIM) VERISI CEKILIYOR...
[2025-12-08T03:25:07.574Z] ------------------------------------------------------------
[2025-12-08T03:25:08.059Z] ✅ 24 Consumption kaydi eklendi
[2025-12-08T03:25:08.059Z] ============================================================
[2025-12-08T03:25:08.059Z] CATCH-UP SYNC TAMAMLANDI
[2025-12-08T03:25:08.059Z] ============================================================
[2025-12-08T03:25:08.060Z] Toplam MCP kaydi: 18816
[2025-12-08T03:25:08.060Z] Toplam Generation kaydi: 18816
[2025-12-08T03:25:08.061Z] Toplam Consumption kaydi: 18816
[2025-12-08T03:25:08.061Z] ============================================================
[2025-12-08T03:25:08.061Z] 🔄 WAL checkpoint yapiliyor (degisiklikleri DB dosyasina yazma)...
[2025-12-08T03:25:08.069Z] ✅ WAL checkpoint tamamlandi
[2025-12-08T03:25:08.069Z] Catch-up sync tamamlandi
[2025-12-09T03:22:01.056Z] ============================================================
[2025-12-09T03:22:01.056Z] CATCH-UP SYNC - Eksik Gun Doldurma
[2025-12-09T03:22:01.056Z] ============================================================
[2025-12-09T03:22:01.057Z] En son veri tarihi: 2025-12-07T23:00:00+03:00
[2025-12-09T03:22:01.352Z] Kontrol araligi: 2025-12-08 - 2025-12-08 (dahil)
[2025-12-09T03:22:01.353Z] ⚠️  1 eksik gun bulundu: 2025-12-08 - 2025-12-08
[2025-12-09T03:22:01.353Z] ------------------------------------------------------------
[2025-12-09T03:22:01.354Z] MCP (FIYAT) VERISI CEKILIYOR...
[2025-12-09T03:22:01.354Z] ------------------------------------------------------------
[2025-12-09T03:22:03.328Z] ✅ 24 MCP kaydi eklendi
[2025-12-09T03:22:03.328Z] ------------------------------------------------------------
[2025-12-09T03:22:03.328Z] GENERATION (URETIM) VERISI CEKILIYOR...
[2025-12-09T03:22:03.328Z] ------------------------------------------------------------
[2025-12-09T03:22:03.328Z] 1 parca halinde cekilecek (API limiti 30 gun)
[2025-12-09T03:22:03.328Z] Parca 1/1: 2025-12-08 - 2025-12-08
[2025-12-09T03:22:03.798Z] ✅ 24 Generation kaydi eklendi
[2025-12-09T03:22:03.798Z] Toplam 24 Generation kaydi eklendi
[2025-12-09T03:22:03.798Z] ------------------------------------------------------------
[2025-12-09T03:22:03.798Z] CONSUMPTION (TUKETIM) VERISI CEKILIYOR...
[2025-12-09T03:22:03.798Z] ------------------------------------------------------------
[2025-12-09T03:22:04.276Z] ✅ 24 Consumption kaydi eklendi
[2025-12-09T03:22:04.276Z] ============================================================
[2025-12-09T03:22:04.276Z] CATCH-UP SYNC TAMAMLANDI
[2025-12-09T03:22:04.276Z] ============================================================
[2025-12-09T03:22:04.277Z] Toplam MCP kaydi: 18840
[2025-12-09T03:22:04.278Z] Toplam Generation kaydi: 18840
[2025-12-09T03:22:04.279Z] Toplam Consumption kaydi: 18840
[2025-12-09T03:22:04.279Z] ============================================================
[2025-12-09T03:22:04.279Z] 🔄 WAL checkpoint yapiliyor (degisiklikleri DB dosyasina yazma)...
[2025-12-09T03:22:04.286Z] ✅ WAL checkpoint tamamlandi
[2025-12-09T03:22:04.286Z] Catch-up sync tamamlandi
[2025-12-10T03:25:52.212Z] ============================================================
[2025-12-10T03:25:52.213Z] CATCH-UP SYNC - Eksik Gun Doldurma
[2025-12-10T03:25:52.213Z] ============================================================
[2025-12-10T03:25:52.213Z] En son veri tarihi: 2025-12-08T23:00:00+03:00
[2025-12-10T03:25:52.484Z] Kontrol araligi: 2025-12-09 - 2025-12-09 (dahil)
[2025-12-10T03:25:52.484Z] ⚠️  1 eksik gun bulundu: 2025-12-09 - 2025-12-09
[2025-12-10T03:25:52.484Z] ------------------------------------------------------------
[2025-12-10T03:25:52.484Z] MCP (FIYAT) VERISI CEKILIYOR...
[2025-12-10T03:25:52.484Z] ------------------------------------------------------------
[2025-12-10T03:25:54.922Z] ✅ 24 MCP kaydi eklendi
[2025-12-10T03:25:54.922Z] ------------------------------------------------------------
[2025-12-10T03:25:54.923Z] GENERATION (URETIM) VERISI CEKILIYOR...
[2025-12-10T03:25:54.923Z] ------------------------------------------------------------
[2025-12-10T03:25:54.923Z] 1 parca halinde cekilecek (API limiti 30 gun)
[2025-12-10T03:25:54.923Z] Parca 1/1: 2025-12-09 - 2025-12-09
[2025-12-10T03:25:55.593Z] ✅ 24 Generation kaydi eklendi
[2025-12-10T03:25:55.593Z] Toplam 24 Generation kaydi eklendi
[2025-12-10T03:25:55.593Z] ------------------------------------------------------------
[2025-12-10T03:25:55.593Z] CONSUMPTION (TUKETIM) VERISI CEKILIYOR...
[2025-12-10T03:25:55.593Z] ------------------------------------------------------------
[2025-12-10T03:25:56.058Z] ✅ 24 Consumption kaydi eklendi
[2025-12-10T03:25:56.058Z] ============================================================
[2025-12-10T03:25:56.058Z] CATCH-UP SYNC TAMAMLANDI
[2025-12-10T03:25:56.058Z] ============================================================
[2025-12-10T03:25:56.058Z] Toplam MCP kaydi: 18864
[2025-12-10T03:25:56.059Z] Toplam Generation kaydi: 18864
[2025-12-10T03:25:56.060Z] Toplam Consumption kaydi: 18864
[2025-12-10T03:25:56.060Z] ============================================================
[2025-12-10T03:25:56.060Z] 🔄 WAL checkpoint yapiliyor (degisiklikleri DB dosyasina yazma)...
[2025-12-10T03:25:56.062Z] ✅ WAL checkpoint tamamlandi
[2025-12-10T03:25:56.062Z] Catch-up sync tamamlandi
[2025-12-11T03:27:38.351Z] ============================================================
[2025-12-11T03:27:38.352Z] CATCH-UP SYNC - Eksik Gun Doldurma
[2025-12-11T03:27:38.352Z] ============================================================
[2025-12-11T03:27:38.353Z] En son veri tarihi: 2025-12-09T23:00:00+03:00
[2025-12-11T03:27:38.390Z] Kontrol araligi: 2025-12-10 - 2025-12-10 (dahil)
[2025-12-11T03:27:38.390Z] ⚠️  1 eksik gun bulundu: 2025-12-10 - 2025-12-10
[2025-12-11T03:27:38.391Z] ------------------------------------------------------------
[2025-12-11T03:27:38.391Z] MCP (FIYAT) VERISI CEKILIYOR...
[2025-12-11T03:27:38.391Z] ------------------------------------------------------------
[2025-12-11T03:27:40.864Z] ✅ 24 MCP kaydi eklendi
[2025-12-11T03:27:40.864Z] ------------------------------------------------------------
[2025-12-11T03:27:40.864Z] GENERATION (URETIM) VERISI CEKILIYOR...
[2025-12-11T03:27:40.864Z] ------------------------------------------------------------
[2025-12-11T03:27:40.864Z] 1 parca halinde cekilecek (API limiti 30 gun)
[2025-12-11T03:27:40.864Z] Parca 1/1: 2025-12-10 - 2025-12-10
[2025-12-11T03:27:41.433Z] ✅ 24 Generation kaydi eklendi
[2025-12-11T03:27:41.433Z] Toplam 24 Generation kaydi eklendi
[2025-12-11T03:27:41.433Z] ------------------------------------------------------------
[2025-12-11T03:27:41.433Z] CONSUMPTION (TUKETIM) VERISI CEKILIYOR...
[2025-12-11T03:27:41.433Z] ------------------------------------------------------------
[2025-12-11T03:27:41.847Z] ✅ 24 Consumption kaydi eklendi
[2025-12-11T03:27:41.847Z] ============================================================
[2025-12-11T03:27:41.848Z] CATCH-UP SYNC TAMAMLANDI
[2025-12-11T03:27:41.848Z] ============================================================
[2025-12-11T03:27:41.848Z] Toplam MCP kaydi: 18888
[2025-12-11T03:27:41.849Z] Toplam Generation kaydi: 18888
[2025-12-11T03:27:41.850Z] Toplam Consumption kaydi: 18888
[2025-12-11T03:27:41.850Z] ============================================================
[2025-12-11T03:27:41.850Z] 🔄 WAL checkpoint yapiliyor (degisiklikleri DB dosyasina yazma)...
[2025-12-11T03:27:41.852Z] ✅ WAL checkpoint tamamlandi
[2025-12-11T03:27:41.853Z] Catch-up sync tamamlandi
[2025-12-12T03:26:32.274Z] ============================================================
[2025-12-12T03:26:32.275Z] CATCH-UP SYNC - Eksik Gun Doldurma
[2025-12-12T03:26:32.275Z] ============================================================
[2025-12-12T03:26:32.276Z] En son veri tarihi: 2025-12-10T23:00:00+03:00
[2025-12-12T03:26:32.472Z] Kontrol araligi: 2025-12-11 - 2025-12-11 (dahil)
[2025-12-12T03:26:32.472Z] ⚠️  1 eksik gun bulundu: 2025-12-11 - 2025-12-11
[2025-12-12T03:26:32.472Z] ------------------------------------------------------------
[2025-12-12T03:26:32.472Z] MCP (FIYAT) VERISI CEKILIYOR...
[2025-12-12T03:26:32.472Z] ------------------------------------------------------------
[2025-12-12T03:26:35.074Z] ✅ 24 MCP kaydi eklendi
[2025-12-12T03:26:35.074Z] ------------------------------------------------------------
[2025-12-12T03:26:35.074Z] GENERATION (URETIM) VERISI CEKILIYOR...
[2025-12-12T03:26:35.074Z] ------------------------------------------------------------
[2025-12-12T03:26:35.074Z] 1 parca halinde cekilecek (API limiti 30 gun)
[2025-12-12T03:26:35.074Z] Parca 1/1: 2025-12-11 - 2025-12-11
[2025-12-12T03:26:35.542Z] ✅ 24 Generation kaydi eklendi
[2025-12-12T03:26:35.542Z] Toplam 24 Generation kaydi eklendi
[2025-12-12T03:26:35.543Z] ------------------------------------------------------------
[2025-12-12T03:26:35.543Z] CONSUMPTION (TUKETIM) VERISI CEKILIYOR...
[2025-12-12T03:26:35.543Z] ------------------------------------------------------------
[2025-12-12T03:26:36.049Z] ✅ 24 Consumption kaydi eklendi
[2025-12-12T03:26:36.049Z] ============================================================
[2025-12-12T03:26:36.049Z] CATCH-UP SYNC TAMAMLANDI
[2025-12-12T03:26:36.049Z] ============================================================
[2025-12-12T03:26:36.050Z] Toplam MCP kaydi: 18912
[2025-12-12T03:26:36.051Z] Toplam Generation kaydi: 18912
[2025-12-12T03:26:36.051Z] Toplam Consumption kaydi: 18912
[2025-12-12T03:26:36.051Z] ============================================================
[2025-12-12T03:26:36.052Z] 🔄 WAL checkpoint yapiliyor (degisiklikleri DB dosyasina yazma)...
[2025-12-12T03:26:36.054Z] ✅ WAL checkpoint tamamlandi
[2025-12-12T03:26:36.055Z] Catch-up sync tamamlandi
[2025-12-13T03:19:02.915Z] ============================================================
[2025-12-13T03:19:02.916Z] CATCH-UP SYNC - Eksik Gun Doldurma
[2025-12-13T03:19:02.916Z] ============================================================
[2025-12-13T03:19:02.917Z] En son veri tarihi: 2025-12-11T23:00:00+03:00
[2025-12-13T03:19:03.178Z] Kontrol araligi: 2025-12-12 - 2025-12-12 (dahil)
[2025-12-13T03:19:03.179Z] ⚠️  1 eksik gun bulundu: 2025-12-12 - 2025-12-12
[2025-12-13T03:19:03.179Z] ------------------------------------------------------------
[2025-12-13T03:19:03.179Z] MCP (FIYAT) VERISI CEKILIYOR...
[2025-12-13T03:19:03.179Z] ------------------------------------------------------------
[2025-12-13T03:19:04.669Z] ✅ 24 MCP kaydi eklendi
[2025-12-13T03:19:04.669Z] ------------------------------------------------------------
[2025-12-13T03:19:04.669Z] GENERATION (URETIM) VERISI CEKILIYOR...
[2025-12-13T03:19:04.670Z] ------------------------------------------------------------
[2025-12-13T03:19:04.670Z] 1 parca halinde cekilecek (API limiti 30 gun)
[2025-12-13T03:19:04.670Z] Parca 1/1: 2025-12-12 - 2025-12-12
[2025-12-13T03:19:05.139Z] ✅ 24 Generation kaydi eklendi
[2025-12-13T03:19:05.139Z] Toplam 24 Generation kaydi eklendi
[2025-12-13T03:19:05.139Z] ------------------------------------------------------------
[2025-12-13T03:19:05.139Z] CONSUMPTION (TUKETIM) VERISI CEKILIYOR...
[2025-12-13T03:19:05.139Z] ------------------------------------------------------------
[2025-12-13T03:19:05.610Z] ✅ 24 Consumption kaydi eklendi
[2025-12-13T03:19:05.610Z] ============================================================
[2025-12-13T03:19:05.611Z] CATCH-UP SYNC TAMAMLANDI
[2025-12-13T03:19:05.611Z] ============================================================
[2025-12-13T03:19:05.611Z] Toplam MCP kaydi: 18936
[2025-12-13T03:19:05.612Z] Toplam Generation kaydi: 18936
[2025-12-13T03:19:05.612Z] Toplam Consumption kaydi: 18936
[2025-12-13T03:19:05.613Z] ============================================================
[2025-12-13T03:19:05.613Z] 🔄 WAL checkpoint yapiliyor (degisiklikleri DB dosyasina yazma)...
[2025-12-13T03:19:05.623Z] ✅ WAL checkpoint tamamlandi
[2025-12-13T03:19:05.624Z] Catch-up sync tamamlandi
[2025-12-14T03:40:32.175Z] ============================================================
[2025-12-14T03:40:32.176Z] CATCH-UP SYNC - Eksik Gun Doldurma
[2025-12-14T03:40:32.176Z] ============================================================
[2025-12-14T03:40:32.176Z] En son veri tarihi: 2025-12-12T23:00:00+03:00
[2025-12-14T03:40:32.405Z] Kontrol araligi: 2025-12-13 - 2025-12-13 (dahil)
[2025-12-14T03:40:32.406Z] ⚠️  1 eksik gun bulundu: 2025-12-13 - 2025-12-13
[2025-12-14T03:40:32.406Z] ------------------------------------------------------------
[2025-12-14T03:40:32.406Z] MCP (FIYAT) VERISI CEKILIYOR...
[2025-12-14T03:40:32.406Z] ------------------------------------------------------------
[2025-12-14T03:40:34.288Z] ✅ 24 MCP kaydi eklendi
[2025-12-14T03:40:34.288Z] ------------------------------------------------------------
[2025-12-14T03:40:34.288Z] GENERATION (URETIM) VERISI CEKILIYOR...
[2025-12-14T03:40:34.289Z] ------------------------------------------------------------
[2025-12-14T03:40:34.289Z] 1 parca halinde cekilecek (API limiti 30 gun)
[2025-12-14T03:40:34.289Z] Parca 1/1: 2025-12-13 - 2025-12-13
[2025-12-14T03:40:35.121Z] ✅ 24 Generation kaydi eklendi
[2025-12-14T03:40:35.121Z] Toplam 24 Generation kaydi eklendi
[2025-12-14T03:40:35.121Z] ------------------------------------------------------------
[2025-12-14T03:40:35.121Z] CONSUMPTION (TUKETIM) VERISI CEKILIYOR...
[2025-12-14T03:40:35.121Z] ------------------------------------------------------------
[2025-12-14T03:40:35.525Z] ✅ 24 Consumption kaydi eklendi
[2025-12-14T03:40:35.526Z] ============================================================
[2025-12-14T03:40:35.526Z] CATCH-UP SYNC TAMAMLANDI
[2025-12-14T03:40:35.526Z] ============================================================
[2025-12-14T03:40:35.526Z] Toplam MCP kaydi: 18960
[2025-12-14T03:40:35.527Z] Toplam Generation kaydi: 18960
[2025-12-14T03:40:35.528Z] Toplam Consumption kaydi: 18960
[2025-12-14T03:40:35.528Z] ============================================================
[2025-12-14T03:40:35.528Z] 🔄 WAL checkpoint yapiliyor (degisiklikleri DB dosyasina yazma)...
[2025-12-14T03:40:35.532Z] ✅ WAL checkpoint tamamlandi
[2025-12-14T03:40:35.532Z] Catch-up sync tamamlandi
[2025-12-15T03:44:47.651Z] ============================================================
[2025-12-15T03:44:47.652Z] CATCH-UP SYNC - Eksik Gun Doldurma
[2025-12-15T03:44:47.652Z] ============================================================
[2025-12-15T03:44:47.652Z] En son veri tarihi: 2025-12-13T23:00:00+03:00
[2025-12-15T03:44:47.854Z] Kontrol araligi: 2025-12-14 - 2025-12-14 (dahil)
[2025-12-15T03:44:47.854Z] ⚠️  1 eksik gun bulundu: 2025-12-14 - 2025-12-14
[2025-12-15T03:44:47.854Z] ------------------------------------------------------------
[2025-12-15T03:44:47.855Z] MCP (FIYAT) VERISI CEKILIYOR...
[2025-12-15T03:44:47.855Z] ------------------------------------------------------------
[2025-12-15T03:44:50.593Z] ✅ 24 MCP kaydi eklendi
[2025-12-15T03:44:50.593Z] ------------------------------------------------------------
[2025-12-15T03:44:50.593Z] GENERATION (URETIM) VERISI CEKILIYOR...
[2025-12-15T03:44:50.593Z] ------------------------------------------------------------
[2025-12-15T03:44:50.593Z] 1 parca halinde cekilecek (API limiti 30 gun)
[2025-12-15T03:44:50.593Z] Parca 1/1: 2025-12-14 - 2025-12-14
[2025-12-15T03:44:51.186Z] ✅ 24 Generation kaydi eklendi
[2025-12-15T03:44:51.186Z] Toplam 24 Generation kaydi eklendi
[2025-12-15T03:44:51.186Z] ------------------------------------------------------------
[2025-12-15T03:44:51.186Z] CONSUMPTION (TUKETIM) VERISI CEKILIYOR...
[2025-12-15T03:44:51.186Z] ------------------------------------------------------------
[2025-12-15T03:44:51.663Z] ✅ 24 Consumption kaydi eklendi
[2025-12-15T03:44:51.663Z] ============================================================
[2025-12-15T03:44:51.663Z] CATCH-UP SYNC TAMAMLANDI
[2025-12-15T03:44:51.663Z] ============================================================
[2025-12-15T03:44:51.664Z] Toplam MCP kaydi: 18984
[2025-12-15T03:44:51.665Z] Toplam Generation kaydi: 18984
[2025-12-15T03:44:51.666Z] Toplam Consumption kaydi: 18984
[2025-12-15T03:44:51.666Z] ============================================================
[2025-12-15T03:44:51.666Z] 🔄 WAL checkpoint yapiliyor (degisiklikleri DB dosyasina yazma)...
[2025-12-15T03:44:51.668Z] ✅ WAL checkpoint tamamlandi
[2025-12-15T03:44:51.669Z] Catch-up sync tamamlandi
[2025-12-16T03:28:17.334Z] ============================================================
[2025-12-16T03:28:17.336Z] CATCH-UP SYNC - Eksik Gun Doldurma
[2025-12-16T03:28:17.336Z] ============================================================
[2025-12-16T03:28:17.336Z] En son veri tarihi: 2025-12-14T23:00:00+03:00
[2025-12-16T03:28:17.593Z] Kontrol araligi: 2025-12-15 - 2025-12-15 (dahil)
[2025-12-16T03:28:17.593Z] ⚠️  1 eksik gun bulundu: 2025-12-15 - 2025-12-15
[2025-12-16T03:28:17.593Z] ------------------------------------------------------------
[2025-12-16T03:28:17.594Z] MCP (FIYAT) VERISI CEKILIYOR...
[2025-12-16T03:28:17.594Z] ------------------------------------------------------------
[2025-12-16T03:28:20.365Z] ✅ 24 MCP kaydi eklendi
[2025-12-16T03:28:20.365Z] ------------------------------------------------------------
[2025-12-16T03:28:20.366Z] GENERATION (URETIM) VERISI CEKILIYOR...
[2025-12-16T03:28:20.366Z] ------------------------------------------------------------
[2025-12-16T03:28:20.366Z] 1 parca halinde cekilecek (API limiti 30 gun)
[2025-12-16T03:28:20.366Z] Parca 1/1: 2025-12-15 - 2025-12-15
[2025-12-16T03:28:20.974Z] ✅ 24 Generation kaydi eklendi
[2025-12-16T03:28:20.974Z] Toplam 24 Generation kaydi eklendi
[2025-12-16T03:28:20.974Z] ------------------------------------------------------------
[2025-12-16T03:28:20.974Z] CONSUMPTION (TUKETIM) VERISI CEKILIYOR...
[2025-12-16T03:28:20.974Z] ------------------------------------------------------------
[2025-12-16T03:28:21.481Z] ✅ 24 Consumption kaydi eklendi
[2025-12-16T03:28:21.481Z] ============================================================
[2025-12-16T03:28:21.481Z] CATCH-UP SYNC TAMAMLANDI
[2025-12-16T03:28:21.481Z] ============================================================
[2025-12-16T03:28:21.482Z] Toplam MCP kaydi: 19008
[2025-12-16T03:28:21.483Z] Toplam Generation kaydi: 19008
[2025-12-16T03:28:21.483Z] Toplam Consumption kaydi: 19008
[2025-12-16T03:28:21.483Z] ============================================================
[2025-12-16T03:28:21.483Z] 🔄 WAL checkpoint yapiliyor (degisiklikleri DB dosyasina yazma)...
[2025-12-16T03:28:21.486Z] ✅ WAL checkpoint tamamlandi
[2025-12-16T03:28:21.486Z] Catch-up sync tamamlandi
[2025-12-17T03:23:23.422Z] ============================================================
[2025-12-17T03:23:23.423Z] CATCH-UP SYNC - Eksik Gun Doldurma
[2025-12-17T03:23:23.423Z] ============================================================
[2025-12-17T03:23:23.423Z] En son veri tarihi: 2025-12-15T23:00:00+03:00
[2025-12-17T03:23:23.700Z] Kontrol araligi: 2025-12-16 - 2025-12-16 (dahil)
[2025-12-17T03:23:23.700Z] ⚠️  1 eksik gun bulundu: 2025-12-16 - 2025-12-16
[2025-12-17T03:23:23.700Z] ------------------------------------------------------------
[2025-12-17T03:23:23.700Z] MCP (FIYAT) VERISI CEKILIYOR...
[2025-12-17T03:23:23.700Z] ------------------------------------------------------------
[2025-12-17T03:23:26.474Z] ✅ 24 MCP kaydi eklendi
[2025-12-17T03:23:26.475Z] ------------------------------------------------------------
[2025-12-17T03:23:26.475Z] GENERATION (URETIM) VERISI CEKILIYOR...
[2025-12-17T03:23:26.475Z] ------------------------------------------------------------
[2025-12-17T03:23:26.475Z] 1 parca halinde cekilecek (API limiti 30 gun)
[2025-12-17T03:23:26.475Z] Parca 1/1: 2025-12-16 - 2025-12-16
[2025-12-17T03:23:26.965Z] ✅ 24 Generation kaydi eklendi
[2025-12-17T03:23:26.965Z] Toplam 24 Generation kaydi eklendi
[2025-12-17T03:23:26.965Z] ------------------------------------------------------------
[2025-12-17T03:23:26.965Z] CONSUMPTION (TUKETIM) VERISI CEKILIYOR...
[2025-12-17T03:23:26.965Z] ------------------------------------------------------------
[2025-12-17T03:23:27.415Z] ✅ 24 Consumption kaydi eklendi
[2025-12-17T03:23:27.415Z] ============================================================
[2025-12-17T03:23:27.415Z] CATCH-UP SYNC TAMAMLANDI
[2025-12-17T03:23:27.416Z] ============================================================
[2025-12-17T03:23:27.416Z] Toplam MCP kaydi: 19032
[2025-12-17T03:23:27.417Z] Toplam Generation kaydi: 19032
[2025-12-17T03:23:27.417Z] Toplam Consumption kaydi: 19032
[2025-12-17T03:23:27.417Z] ============================================================
[2025-12-17T03:23:27.417Z] 🔄 WAL checkpoint yapiliyor (degisiklikleri DB dosyasina yazma)...
[2025-12-17T03:23:27.423Z] ✅ WAL checkpoint tamamlandi
[2025-12-17T03:23:27.423Z] Catch-up sync tamamlandi
[2025-12-18T03:24:02.082Z] ============================================================
[2025-12-18T03:24:02.083Z] CATCH-UP SYNC - Eksik Gun Doldurma
[2025-12-18T03:24:02.083Z] ============================================================
[2025-12-18T03:24:02.084Z] En son veri tarihi: 2025-12-16T23:00:00+03:00
[2025-12-18T03:24:02.368Z] Kontrol araligi: 2025-12-17 - 2025-12-17 (dahil)
[2025-12-18T03:24:02.369Z] ⚠️  1 eksik gun bulundu: 2025-12-17 - 2025-12-17
[2025-12-18T03:24:02.369Z] ------------------------------------------------------------
[2025-12-18T03:24:02.369Z] MCP (FIYAT) VERISI CEKILIYOR...
[2025-12-18T03:24:02.369Z] ------------------------------------------------------------
[2025-12-18T03:24:04.889Z] ✅ 24 MCP kaydi eklendi
[2025-12-18T03:24:04.890Z] ------------------------------------------------------------
[2025-12-18T03:24:04.890Z] GENERATION (URETIM) VERISI CEKILIYOR...
[2025-12-18T03:24:04.890Z] ------------------------------------------------------------
[2025-12-18T03:24:04.890Z] 1 parca halinde cekilecek (API limiti 30 gun)
[2025-12-18T03:24:04.890Z] Parca 1/1: 2025-12-17 - 2025-12-17
[2025-12-18T03:24:05.427Z] ✅ 24 Generation kaydi eklendi
[2025-12-18T03:24:05.427Z] Toplam 24 Generation kaydi eklendi
[2025-12-18T03:24:05.427Z] ------------------------------------------------------------
[2025-12-18T03:24:05.428Z] CONSUMPTION (TUKETIM) VERISI CEKILIYOR...
[2025-12-18T03:24:05.428Z] ------------------------------------------------------------
[2025-12-18T03:24:05.824Z] ✅ 24 Consumption kaydi eklendi
[2025-12-18T03:24:05.824Z] ============================================================
[2025-12-18T03:24:05.824Z] CATCH-UP SYNC TAMAMLANDI
[2025-12-18T03:24:05.824Z] ============================================================
[2025-12-18T03:24:05.824Z] Toplam MCP kaydi: 19056
[2025-12-18T03:24:05.825Z] Toplam Generation kaydi: 19056
[2025-12-18T03:24:05.826Z] Toplam Consumption kaydi: 19056
[2025-12-18T03:24:05.826Z] ============================================================
[2025-12-18T03:24:05.826Z] 🔄 WAL checkpoint yapiliyor (degisiklikleri DB dosyasina yazma)...
[2025-12-18T03:24:05.833Z] ✅ WAL checkpoint tamamlandi
[2025-12-18T03:24:05.833Z] Catch-up sync tamamlandi
[2025-12-19T03:26:59.070Z] ============================================================
[2025-12-19T03:26:59.071Z] CATCH-UP SYNC - Eksik Gun Doldurma
[2025-12-19T03:26:59.071Z] ============================================================
[2025-12-19T03:26:59.072Z] En son veri tarihi: 2025-12-17T23:00:00+03:00
[2025-12-19T03:26:59.300Z] Kontrol araligi: 2025-12-18 - 2025-12-18 (dahil)
[2025-12-19T03:26:59.301Z] ⚠️  1 eksik gun bulundu: 2025-12-18 - 2025-12-18
[2025-12-19T03:26:59.301Z] ------------------------------------------------------------
[2025-12-19T03:26:59.301Z] MCP (FIYAT) VERISI CEKILIYOR...
[2025-12-19T03:26:59.301Z] ------------------------------------------------------------
[2025-12-19T03:27:01.465Z] ✅ 24 MCP kaydi eklendi
[2025-12-19T03:27:01.465Z] ------------------------------------------------------------
[2025-12-19T03:27:01.465Z] GENERATION (URETIM) VERISI CEKILIYOR...
[2025-12-19T03:27:01.465Z] ------------------------------------------------------------
[2025-12-19T03:27:01.466Z] 1 parca halinde cekilecek (API limiti 30 gun)
[2025-12-19T03:27:01.466Z] Parca 1/1: 2025-12-18 - 2025-12-18
[2025-12-19T03:27:01.857Z] ✅ 24 Generation kaydi eklendi
[2025-12-19T03:27:01.857Z] Toplam 24 Generation kaydi eklendi
[2025-12-19T03:27:01.857Z] ------------------------------------------------------------
[2025-12-19T03:27:01.858Z] CONSUMPTION (TUKETIM) VERISI CEKILIYOR...
[2025-12-19T03:27:01.858Z] ------------------------------------------------------------
[2025-12-19T03:27:02.293Z] ✅ 24 Consumption kaydi eklendi
[2025-12-19T03:27:02.293Z] ============================================================
[2025-12-19T03:27:02.293Z] CATCH-UP SYNC TAMAMLANDI
[2025-12-19T03:27:02.293Z] ============================================================
[2025-12-19T03:27:02.293Z] Toplam MCP kaydi: 19080
[2025-12-19T03:27:02.294Z] Toplam Generation kaydi: 19080
[2025-12-19T03:27:02.295Z] Toplam Consumption kaydi: 19080
[2025-12-19T03:27:02.295Z] ============================================================
[2025-12-19T03:27:02.295Z] 🔄 WAL checkpoint yapiliyor (degisiklikleri DB dosyasina yazma)...
[2025-12-19T03:27:02.302Z] ✅ WAL checkpoint tamamlandi
[2025-12-19T03:27:02.303Z] Catch-up sync tamamlandi
[2025-12-20T03:18:42.745Z] ============================================================
[2025-12-20T03:18:42.746Z] CATCH-UP SYNC - Eksik Gun Doldurma
[2025-12-20T03:18:42.746Z] ============================================================
[2025-12-20T03:18:42.746Z] En son veri tarihi: 2025-12-18T23:00:00+03:00
[2025-12-20T03:18:42.786Z] Kontrol araligi: 2025-12-19 - 2025-12-19 (dahil)
[2025-12-20T03:18:42.787Z] ⚠️  1 eksik gun bulundu: 2025-12-19 - 2025-12-19
[2025-12-20T03:18:42.787Z] ------------------------------------------------------------
[2025-12-20T03:18:42.787Z] MCP (FIYAT) VERISI CEKILIYOR...
[2025-12-20T03:18:42.787Z] ------------------------------------------------------------
[2025-12-20T03:18:45.976Z] ✅ 24 MCP kaydi eklendi
[2025-12-20T03:18:45.976Z] ------------------------------------------------------------
[2025-12-20T03:18:45.976Z] GENERATION (URETIM) VERISI CEKILIYOR...
[2025-12-20T03:18:45.976Z] ------------------------------------------------------------
[2025-12-20T03:18:45.976Z] 1 parca halinde cekilecek (API limiti 30 gun)
[2025-12-20T03:18:45.976Z] Parca 1/1: 2025-12-19 - 2025-12-19
[2025-12-20T03:18:46.459Z] ✅ 24 Generation kaydi eklendi
[2025-12-20T03:18:46.459Z] Toplam 24 Generation kaydi eklendi
[2025-12-20T03:18:46.459Z] ------------------------------------------------------------
[2025-12-20T03:18:46.459Z] CONSUMPTION (TUKETIM) VERISI CEKILIYOR...
[2025-12-20T03:18:46.459Z] ------------------------------------------------------------
[2025-12-20T03:18:46.994Z] ✅ 24 Consumption kaydi eklendi
[2025-12-20T03:18:46.995Z] ============================================================
[2025-12-20T03:18:46.995Z] CATCH-UP SYNC TAMAMLANDI
[2025-12-20T03:18:46.995Z] ============================================================
[2025-12-20T03:18:46.995Z] Toplam MCP kaydi: 19104
[2025-12-20T03:18:46.996Z] Toplam Generation kaydi: 19104
[2025-12-20T03:18:46.997Z] Toplam Consumption kaydi: 19104
[2025-12-20T03:18:46.997Z] ============================================================
[2025-12-20T03:18:46.997Z] 🔄 WAL checkpoint yapiliyor (degisiklikleri DB dosyasina yazma)...
[2025-12-20T03:18:47.005Z] ✅ WAL checkpoint tamamlandi
[2025-12-20T03:18:47.005Z] Catch-up sync tamamlandi
[2025-12-21T03:41:19.025Z] ============================================================
[2025-12-21T03:41:19.026Z] CATCH-UP SYNC - Eksik Gun Doldurma
[2025-12-21T03:41:19.026Z] ============================================================
[2025-12-21T03:41:19.026Z] En son veri tarihi: 2025-12-19T23:00:00+03:00
[2025-12-21T03:41:19.283Z] Kontrol araligi: 2025-12-20 - 2025-12-20 (dahil)
[2025-12-21T03:41:19.284Z] ⚠️  1 eksik gun bulundu: 2025-12-20 - 2025-12-20
[2025-12-21T03:41:19.284Z] ------------------------------------------------------------
[2025-12-21T03:41:19.284Z] MCP (FIYAT) VERISI CEKILIYOR...
[2025-12-21T03:41:19.284Z] ------------------------------------------------------------
[2025-12-21T03:41:21.563Z] ✅ 24 MCP kaydi eklendi
[2025-12-21T03:41:21.563Z] ------------------------------------------------------------
[2025-12-21T03:41:21.563Z] GENERATION (URETIM) VERISI CEKILIYOR...
[2025-12-21T03:41:21.563Z] ------------------------------------------------------------
[2025-12-21T03:41:21.563Z] 1 parca halinde cekilecek (API limiti 30 gun)
[2025-12-21T03:41:21.563Z] Parca 1/1: 2025-12-20 - 2025-12-20
[2025-12-21T03:41:22.091Z] ✅ 24 Generation kaydi eklendi
[2025-12-21T03:41:22.091Z] Toplam 24 Generation kaydi eklendi
[2025-12-21T03:41:22.091Z] ------------------------------------------------------------
[2025-12-21T03:41:22.092Z] CONSUMPTION (TUKETIM) VERISI CEKILIYOR...
[2025-12-21T03:41:22.092Z] ------------------------------------------------------------
[2025-12-21T03:41:22.534Z] ✅ 24 Consumption kaydi eklendi
[2025-12-21T03:41:22.534Z] ============================================================
[2025-12-21T03:41:22.534Z] CATCH-UP SYNC TAMAMLANDI
[2025-12-21T03:41:22.535Z] ============================================================
[2025-12-21T03:41:22.535Z] Toplam MCP kaydi: 19128
[2025-12-21T03:41:22.536Z] Toplam Generation kaydi: 19128
[2025-12-21T03:41:22.536Z] Toplam Consumption kaydi: 19128
[2025-12-21T03:41:22.537Z] ============================================================
[2025-12-21T03:41:22.537Z] 🔄 WAL checkpoint yapiliyor (degisiklikleri DB dosyasina yazma)...
[2025-12-21T03:41:22.539Z] ✅ WAL checkpoint tamamlandi
[2025-12-21T03:41:22.540Z] Catch-up sync tamamlandi
[2025-12-22T03:45:32.170Z] ============================================================
[2025-12-22T03:45:32.171Z] CATCH-UP SYNC - Eksik Gun Doldurma
[2025-12-22T03:45:32.171Z] ============================================================
[2025-12-22T03:45:32.171Z] En son veri tarihi: 2025-12-20T23:00:00+03:00
[2025-12-22T03:45:32.441Z] Kontrol araligi: 2025-12-21 - 2025-12-21 (dahil)
[2025-12-22T03:45:32.441Z] ⚠️  1 eksik gun bulundu: 2025-12-21 - 2025-12-21
[2025-12-22T03:45:32.441Z] ------------------------------------------------------------
[2025-12-22T03:45:32.442Z] MCP (FIYAT) VERISI CEKILIYOR...
[2025-12-22T03:45:32.442Z] ------------------------------------------------------------
[2025-12-22T03:45:34.666Z] ✅ 24 MCP kaydi eklendi
[2025-12-22T03:45:34.666Z] ------------------------------------------------------------
[2025-12-22T03:45:34.666Z] GENERATION (URETIM) VERISI CEKILIYOR...
[2025-12-22T03:45:34.666Z] ------------------------------------------------------------
[2025-12-22T03:45:34.667Z] 1 parca halinde cekilecek (API limiti 30 gun)
[2025-12-22T03:45:34.667Z] Parca 1/1: 2025-12-21 - 2025-12-21
[2025-12-22T03:45:35.032Z] ✅ 24 Generation kaydi eklendi
[2025-12-22T03:45:35.033Z] Toplam 24 Generation kaydi eklendi
[2025-12-22T03:45:35.033Z] ------------------------------------------------------------
[2025-12-22T03:45:35.033Z] CONSUMPTION (TUKETIM) VERISI CEKILIYOR...
[2025-12-22T03:45:35.033Z] ------------------------------------------------------------
[2025-12-22T03:45:35.401Z] ✅ 24 Consumption kaydi eklendi
[2025-12-22T03:45:35.401Z] ============================================================
[2025-12-22T03:45:35.401Z] CATCH-UP SYNC TAMAMLANDI
[2025-12-22T03:45:35.401Z] ============================================================
[2025-12-22T03:45:35.402Z] Toplam MCP kaydi: 19152
[2025-12-22T03:45:35.402Z] Toplam Generation kaydi: 19152
[2025-12-22T03:45:35.403Z] Toplam Consumption kaydi: 19152
[2025-12-22T03:45:35.403Z] ============================================================
[2025-12-22T03:45:35.403Z] 🔄 WAL checkpoint yapiliyor (degisiklikleri DB dosyasina yazma)...
[2025-12-22T03:45:35.411Z] ✅ WAL checkpoint tamamlandi
[2025-12-22T03:45:35.411Z] Catch-up sync tamamlandi
[2025-12-23T03:38:58.718Z] ============================================================
[2025-12-23T03:38:58.718Z] CATCH-UP SYNC - Eksik Gun Doldurma
[2025-12-23T03:38:58.719Z] ============================================================
[2025-12-23T03:38:58.719Z] En son veri tarihi: 2025-12-21T23:00:00+03:00
[2025-12-23T03:38:58.953Z] Kontrol araligi: 2025-12-22 - 2025-12-22 (dahil)
[2025-12-23T03:38:58.955Z] ⚠️  1 eksik gun bulundu: 2025-12-22 - 2025-12-22
[2025-12-23T03:38:58.955Z] ------------------------------------------------------------
[2025-12-23T03:38:58.955Z] MCP (FIYAT) VERISI CEKILIYOR...
[2025-12-23T03:38:58.955Z] ------------------------------------------------------------
[2025-12-23T03:39:01.690Z] ✅ 24 MCP kaydi eklendi
[2025-12-23T03:39:01.690Z] ------------------------------------------------------------
[2025-12-23T03:39:01.690Z] GENERATION (URETIM) VERISI CEKILIYOR...
[2025-12-23T03:39:01.690Z] ------------------------------------------------------------
[2025-12-23T03:39:01.690Z] 1 parca halinde cekilecek (API limiti 30 gun)
[2025-12-23T03:39:01.690Z] Parca 1/1: 2025-12-22 - 2025-12-22
[2025-12-23T03:39:02.309Z] ✅ 24 Generation kaydi eklendi
[2025-12-23T03:39:02.309Z] Toplam 24 Generation kaydi eklendi
[2025-12-23T03:39:02.309Z] ------------------------------------------------------------
[2025-12-23T03:39:02.309Z] CONSUMPTION (TUKETIM) VERISI CEKILIYOR...
[2025-12-23T03:39:02.309Z] ------------------------------------------------------------
[2025-12-23T03:39:02.718Z] ✅ 24 Consumption kaydi eklendi
[2025-12-23T03:39:02.718Z] ============================================================
[2025-12-23T03:39:02.718Z] CATCH-UP SYNC TAMAMLANDI
[2025-12-23T03:39:02.718Z] ============================================================
[2025-12-23T03:39:02.718Z] Toplam MCP kaydi: 19176
[2025-12-23T03:39:02.719Z] Toplam Generation kaydi: 19176
[2025-12-23T03:39:02.720Z] Toplam Consumption kaydi: 19176
[2025-12-23T03:39:02.720Z] ============================================================
[2025-12-23T03:39:02.720Z] 🔄 WAL checkpoint yapiliyor (degisiklikleri DB dosyasina yazma)...
[2025-12-23T03:39:02.723Z] ✅ WAL checkpoint tamamlandi
[2025-12-23T03:39:02.723Z] Catch-up sync tamamlandi
[2025-12-24T03:27:19.993Z] ============================================================
[2025-12-24T03:27:19.994Z] CATCH-UP SYNC - Eksik Gun Doldurma
[2025-12-24T03:27:19.994Z] ============================================================
[2025-12-24T03:27:19.995Z] En son veri tarihi: 2025-12-22T23:00:00+03:00
[2025-12-24T03:27:20.284Z] Kontrol araligi: 2025-12-23 - 2025-12-23 (dahil)
[2025-12-24T03:27:20.284Z] ⚠️  1 eksik gun bulundu: 2025-12-23 - 2025-12-23
[2025-12-24T03:27:20.285Z] ------------------------------------------------------------
[2025-12-24T03:27:20.285Z] MCP (FIYAT) VERISI CEKILIYOR...
[2025-12-24T03:27:20.285Z] ------------------------------------------------------------
[2025-12-24T03:27:23.623Z] ✅ 24 MCP kaydi eklendi
[2025-12-24T03:27:23.623Z] ------------------------------------------------------------
[2025-12-24T03:27:23.623Z] GENERATION (URETIM) VERISI CEKILIYOR...
[2025-12-24T03:27:23.624Z] ------------------------------------------------------------
[2025-12-24T03:27:23.624Z] 1 parca halinde cekilecek (API limiti 30 gun)
[2025-12-24T03:27:23.624Z] Parca 1/1: 2025-12-23 - 2025-12-23
[2025-12-24T03:27:24.266Z] ✅ 24 Generation kaydi eklendi
[2025-12-24T03:27:24.267Z] Toplam 24 Generation kaydi eklendi
[2025-12-24T03:27:24.267Z] ------------------------------------------------------------
[2025-12-24T03:27:24.267Z] CONSUMPTION (TUKETIM) VERISI CEKILIYOR...
[2025-12-24T03:27:24.267Z] ------------------------------------------------------------
[2025-12-24T03:27:24.779Z] ✅ 24 Consumption kaydi eklendi
[2025-12-24T03:27:24.779Z] ============================================================
[2025-12-24T03:27:24.779Z] CATCH-UP SYNC TAMAMLANDI
[2025-12-24T03:27:24.779Z] ============================================================
[2025-12-24T03:27:24.780Z] Toplam MCP kaydi: 19200
[2025-12-24T03:27:24.781Z] Toplam Generation kaydi: 19200
[2025-12-24T03:27:24.782Z] Toplam Consumption kaydi: 19200
[2025-12-24T03:27:24.782Z] ============================================================
[2025-12-24T03:27:24.782Z] 🔄 WAL checkpoint yapiliyor (degisiklikleri DB dosyasina yazma)...
[2025-12-24T03:27:24.787Z] ✅ WAL checkpoint tamamlandi
[2025-12-24T03:27:24.787Z] Catch-up sync tamamlandi
[2025-12-25T03:39:06.441Z] ============================================================
[2025-12-25T03:39:06.442Z] CATCH-UP SYNC - Eksik Gun Doldurma
[2025-12-25T03:39:06.442Z] ============================================================
[2025-12-25T03:39:06.443Z] En son veri tarihi: 2025-12-23T23:00:00+03:00
[2025-12-25T03:39:06.478Z] Kontrol araligi: 2025-12-24 - 2025-12-24 (dahil)
[2025-12-25T03:39:06.478Z] ⚠️  1 eksik gun bulundu: 2025-12-24 - 2025-12-24
[2025-12-25T03:39:06.479Z] ------------------------------------------------------------
[2025-12-25T03:39:06.479Z] MCP (FIYAT) VERISI CEKILIYOR...
[2025-12-25T03:39:06.479Z] ------------------------------------------------------------
[2025-12-25T03:39:09.685Z] ✅ 24 MCP kaydi eklendi
[2025-12-25T03:39:09.686Z] ------------------------------------------------------------
[2025-12-25T03:39:09.686Z] GENERATION (URETIM) VERISI CEKILIYOR...
[2025-12-25T03:39:09.686Z] ------------------------------------------------------------
[2025-12-25T03:39:09.686Z] 1 parca halinde cekilecek (API limiti 30 gun)
[2025-12-25T03:39:09.686Z] Parca 1/1: 2025-12-24 - 2025-12-24
[2025-12-25T03:39:10.325Z] ✅ 24 Generation kaydi eklendi
[2025-12-25T03:39:10.325Z] Toplam 24 Generation kaydi eklendi
[2025-12-25T03:39:10.325Z] ------------------------------------------------------------
[2025-12-25T03:39:10.325Z] CONSUMPTION (TUKETIM) VERISI CEKILIYOR...
[2025-12-25T03:39:10.325Z] ------------------------------------------------------------
[2025-12-25T03:39:10.810Z] ✅ 24 Consumption kaydi eklendi
[2025-12-25T03:39:10.810Z] ============================================================
[2025-12-25T03:39:10.810Z] CATCH-UP SYNC TAMAMLANDI
[2025-12-25T03:39:10.810Z] ============================================================
[2025-12-25T03:39:10.811Z] Toplam MCP kaydi: 19224
[2025-12-25T03:39:10.811Z] Toplam Generation kaydi: 19224
[2025-12-25T03:39:10.812Z] Toplam Consumption kaydi: 19224
[2025-12-25T03:39:10.812Z] ============================================================
[2025-12-25T03:39:10.812Z] 🔄 WAL checkpoint yapiliyor (degisiklikleri DB dosyasina yazma)...
[2025-12-25T03:39:10.815Z] ✅ WAL checkpoint tamamlandi
[2025-12-25T03:39:10.815Z] Catch-up sync tamamlandi
[2025-12-26T03:37:08.832Z] ============================================================
[2025-12-26T03:37:08.832Z] CATCH-UP SYNC - Eksik Gun Doldurma
[2025-12-26T03:37:08.832Z] ============================================================
[2025-12-26T03:37:08.833Z] En son veri tarihi: 2025-12-24T23:00:00+03:00
[2025-12-26T03:37:09.107Z] Kontrol araligi: 2025-12-25 - 2025-12-25 (dahil)
[2025-12-26T03:37:09.108Z] ⚠️  1 eksik gun bulundu: 2025-12-25 - 2025-12-25
[2025-12-26T03:37:09.108Z] ------------------------------------------------------------
[2025-12-26T03:37:09.108Z] MCP (FIYAT) VERISI CEKILIYOR...
[2025-12-26T03:37:09.108Z] ------------------------------------------------------------
[2025-12-26T03:37:12.410Z] ✅ 24 MCP kaydi eklendi
[2025-12-26T03:37:12.410Z] ------------------------------------------------------------
[2025-12-26T03:37:12.410Z] GENERATION (URETIM) VERISI CEKILIYOR...
[2025-12-26T03:37:12.411Z] ------------------------------------------------------------
[2025-12-26T03:37:12.411Z] 1 parca halinde cekilecek (API limiti 30 gun)
[2025-12-26T03:37:12.411Z] Parca 1/1: 2025-12-25 - 2025-12-25
[2025-12-26T03:37:12.928Z] ✅ 24 Generation kaydi eklendi
[2025-12-26T03:37:12.928Z] Toplam 24 Generation kaydi eklendi
[2025-12-26T03:37:12.928Z] ------------------------------------------------------------
[2025-12-26T03:37:12.928Z] CONSUMPTION (TUKETIM) VERISI CEKILIYOR...
[2025-12-26T03:37:12.928Z] ------------------------------------------------------------
[2025-12-26T03:37:13.440Z] ✅ 24 Consumption kaydi eklendi
[2025-12-26T03:37:13.440Z] ============================================================
[2025-12-26T03:37:13.440Z] CATCH-UP SYNC TAMAMLANDI
[2025-12-26T03:37:13.440Z] ============================================================
[2025-12-26T03:37:13.441Z] Toplam MCP kaydi: 19248
[2025-12-26T03:37:13.441Z] Toplam Generation kaydi: 19248
[2025-12-26T03:37:13.442Z] Toplam Consumption kaydi: 19248
[2025-12-26T03:37:13.442Z] ============================================================
[2025-12-26T03:37:13.442Z] 🔄 WAL checkpoint yapiliyor (degisiklikleri DB dosyasina yazma)...
[2025-12-26T03:37:13.449Z] ✅ WAL checkpoint tamamlandi
[2025-12-26T03:37:13.450Z] Catch-up sync tamamlandi
[2025-12-27T03:26:14.372Z] ============================================================
[2025-12-27T03:26:14.373Z] CATCH-UP SYNC - Eksik Gun Doldurma
[2025-12-27T03:26:14.373Z] ============================================================
[2025-12-27T03:26:14.373Z] En son veri tarihi: 2025-12-25T23:00:00+03:00
[2025-12-27T03:26:14.568Z] Kontrol araligi: 2025-12-26 - 2025-12-26 (dahil)
[2025-12-27T03:26:14.569Z] ⚠️  1 eksik gun bulundu: 2025-12-26 - 2025-12-26
[2025-12-27T03:26:14.569Z] ------------------------------------------------------------
[2025-12-27T03:26:14.569Z] MCP (FIYAT) VERISI CEKILIYOR...
[2025-12-27T03:26:14.569Z] ------------------------------------------------------------
[2025-12-27T03:26:16.976Z] ✅ 24 MCP kaydi eklendi
[2025-12-27T03:26:16.976Z] ------------------------------------------------------------
[2025-12-27T03:26:16.976Z] GENERATION (URETIM) VERISI CEKILIYOR...
[2025-12-27T03:26:16.976Z] ------------------------------------------------------------
[2025-12-27T03:26:16.976Z] 1 parca halinde cekilecek (API limiti 30 gun)
[2025-12-27T03:26:16.976Z] Parca 1/1: 2025-12-26 - 2025-12-26
[2025-12-27T03:26:17.413Z] ✅ 24 Generation kaydi eklendi
[2025-12-27T03:26:17.413Z] Toplam 24 Generation kaydi eklendi
[2025-12-27T03:26:17.413Z] ------------------------------------------------------------
[2025-12-27T03:26:17.413Z] CONSUMPTION (TUKETIM) VERISI CEKILIYOR...
[2025-12-27T03:26:17.413Z] ------------------------------------------------------------
[2025-12-27T03:26:17.816Z] ✅ 24 Consumption kaydi eklendi
[2025-12-27T03:26:17.816Z] ============================================================
[2025-12-27T03:26:17.816Z] CATCH-UP SYNC TAMAMLANDI
[2025-12-27T03:26:17.816Z] ============================================================
[2025-12-27T03:26:17.816Z] Toplam MCP kaydi: 19272
[2025-12-27T03:26:17.817Z] Toplam Generation kaydi: 19272
[2025-12-27T03:26:17.818Z] Toplam Consumption kaydi: 19272
[2025-12-27T03:26:17.818Z] ============================================================
[2025-12-27T03:26:17.818Z] 🔄 WAL checkpoint yapiliyor (degisiklikleri DB dosyasina yazma)...
[2025-12-27T03:26:17.826Z] ✅ WAL checkpoint tamamlandi
[2025-12-27T03:26:17.826Z] Catch-up sync tamamlandi
[2025-12-28T03:50:25.538Z] ============================================================
[2025-12-28T03:50:25.539Z] CATCH-UP SYNC - Eksik Gun Doldurma
[2025-12-28T03:50:25.539Z] ============================================================
[2025-12-28T03:50:25.539Z] En son veri tarihi: 2025-12-26T23:00:00+03:00
[2025-12-28T03:50:25.898Z] Kontrol araligi: 2025-12-27 - 2025-12-27 (dahil)
[2025-12-28T03:50:25.899Z] ⚠️  1 eksik gun bulundu: 2025-12-27 - 2025-12-27
[2025-12-28T03:50:25.899Z] ------------------------------------------------------------
[2025-12-28T03:50:25.899Z] MCP (FIYAT) VERISI CEKILIYOR...
[2025-12-28T03:50:25.899Z] ------------------------------------------------------------
[2025-12-28T03:50:28.546Z] ✅ 24 MCP kaydi eklendi
[2025-12-28T03:50:28.547Z] ------------------------------------------------------------
[2025-12-28T03:50:28.547Z] GENERATION (URETIM) VERISI CEKILIYOR...
[2025-12-28T03:50:28.547Z] ------------------------------------------------------------
[2025-12-28T03:50:28.547Z] 1 parca halinde cekilecek (API limiti 30 gun)
[2025-12-28T03:50:28.547Z] Parca 1/1: 2025-12-27 - 2025-12-27
[2025-12-28T03:50:29.095Z] ✅ 24 Generation kaydi eklendi
[2025-12-28T03:50:29.095Z] Toplam 24 Generation kaydi eklendi
[2025-12-28T03:50:29.095Z] ------------------------------------------------------------
[2025-12-28T03:50:29.095Z] CONSUMPTION (TUKETIM) VERISI CEKILIYOR...
[2025-12-28T03:50:29.095Z] ------------------------------------------------------------
[2025-12-28T03:50:29.649Z] ✅ 24 Consumption kaydi eklendi
[2025-12-28T03:50:29.649Z] ============================================================
[2025-12-28T03:50:29.649Z] CATCH-UP SYNC TAMAMLANDI
[2025-12-28T03:50:29.649Z] ============================================================
[2025-12-28T03:50:29.650Z] Toplam MCP kaydi: 19296
[2025-12-28T03:50:29.651Z] Toplam Generation kaydi: 19296
[2025-12-28T03:50:29.652Z] Toplam Consumption kaydi: 19296
[2025-12-28T03:50:29.652Z] ============================================================
[2025-12-28T03:50:29.652Z] 🔄 WAL checkpoint yapiliyor (degisiklikleri DB dosyasina yazma)...
[2025-12-28T03:50:29.660Z] ✅ WAL checkpoint tamamlandi
[2025-12-28T03:50:29.660Z] Catch-up sync tamamlandi
[2025-12-29T03:52:04.592Z] ============================================================
[2025-12-29T03:52:04.592Z] CATCH-UP SYNC - Eksik Gun Doldurma
[2025-12-29T03:52:04.593Z] ============================================================
[2025-12-29T03:52:04.593Z] En son veri tarihi: 2025-12-27T23:00:00+03:00
[2025-12-29T03:52:04.810Z] Kontrol araligi: 2025-12-28 - 2025-12-28 (dahil)
[2025-12-29T03:52:04.811Z] ⚠️  1 eksik gun bulundu: 2025-12-28 - 2025-12-28
[2025-12-29T03:52:04.811Z] ------------------------------------------------------------
[2025-12-29T03:52:04.811Z] MCP (FIYAT) VERISI CEKILIYOR...
[2025-12-29T03:52:04.811Z] ------------------------------------------------------------
[2025-12-29T03:52:08.301Z] ✅ 24 MCP kaydi eklendi
[2025-12-29T03:52:08.301Z] ------------------------------------------------------------
[2025-12-29T03:52:08.301Z] GENERATION (URETIM) VERISI CEKILIYOR...
[2025-12-29T03:52:08.302Z] ------------------------------------------------------------
[2025-12-29T03:52:08.302Z] 1 parca halinde cekilecek (API limiti 30 gun)
[2025-12-29T03:52:08.302Z] Parca 1/1: 2025-12-28 - 2025-12-28
[2025-12-29T03:52:08.955Z] ✅ 24 Generation kaydi eklendi
[2025-12-29T03:52:08.955Z] Toplam 24 Generation kaydi eklendi
[2025-12-29T03:52:08.955Z] ------------------------------------------------------------
[2025-12-29T03:52:08.955Z] CONSUMPTION (TUKETIM) VERISI CEKILIYOR...
[2025-12-29T03:52:08.955Z] ------------------------------------------------------------
[2025-12-29T03:52:09.539Z] ✅ 24 Consumption kaydi eklendi
[2025-12-29T03:52:09.539Z] ============================================================
[2025-12-29T03:52:09.539Z] CATCH-UP SYNC TAMAMLANDI
[2025-12-29T03:52:09.539Z] ============================================================
[2025-12-29T03:52:09.540Z] Toplam MCP kaydi: 19320
[2025-12-29T03:52:09.540Z] Toplam Generation kaydi: 19320
[2025-12-29T03:52:09.541Z] Toplam Consumption kaydi: 19320
[2025-12-29T03:52:09.541Z] ============================================================
[2025-12-29T03:52:09.541Z] 🔄 WAL checkpoint yapiliyor (degisiklikleri DB dosyasina yazma)...
[2025-12-29T03:52:09.549Z] ✅ WAL checkpoint tamamlandi
[2025-12-29T03:52:09.550Z] Catch-up sync tamamlandi
[2025-12-30T03:40:13.405Z] ============================================================
[2025-12-30T03:40:13.405Z] CATCH-UP SYNC - Eksik Gun Doldurma
[2025-12-30T03:40:13.406Z] ============================================================
[2025-12-30T03:40:13.406Z] En son veri tarihi: 2025-12-28T23:00:00+03:00
[2025-12-30T03:40:13.443Z] Kontrol araligi: 2025-12-29 - 2025-12-29 (dahil)
[2025-12-30T03:40:13.443Z] ⚠️  1 eksik gun bulundu: 2025-12-29 - 2025-12-29
[2025-12-30T03:40:13.443Z] ------------------------------------------------------------
[2025-12-30T03:40:13.443Z] MCP (FIYAT) VERISI CEKILIYOR...
[2025-12-30T03:40:13.444Z] ------------------------------------------------------------
[2025-12-30T03:40:15.837Z] ✅ 24 MCP kaydi eklendi
[2025-12-30T03:40:15.837Z] ------------------------------------------------------------
[2025-12-30T03:40:15.837Z] GENERATION (URETIM) VERISI CEKILIYOR...
[2025-12-30T03:40:15.837Z] ------------------------------------------------------------
[2025-12-30T03:40:15.837Z] 1 parca halinde cekilecek (API limiti 30 gun)
[2025-12-30T03:40:15.837Z] Parca 1/1: 2025-12-29 - 2025-12-29
[2025-12-30T03:40:16.236Z] ✅ 24 Generation kaydi eklendi
[2025-12-30T03:40:16.236Z] Toplam 24 Generation kaydi eklendi
[2025-12-30T03:40:16.237Z] ------------------------------------------------------------
[2025-12-30T03:40:16.237Z] CONSUMPTION (TUKETIM) VERISI CEKILIYOR...
[2025-12-30T03:40:16.237Z] ------------------------------------------------------------
[2025-12-30T03:40:16.662Z] ✅ 24 Consumption kaydi eklendi
[2025-12-30T03:40:16.663Z] ============================================================
[2025-12-30T03:40:16.663Z] CATCH-UP SYNC TAMAMLANDI
[2025-12-30T03:40:16.663Z] ============================================================
[2025-12-30T03:40:16.663Z] Toplam MCP kaydi: 19344
[2025-12-30T03:40:16.664Z] Toplam Generation kaydi: 19344
[2025-12-30T03:40:16.665Z] Toplam Consumption kaydi: 19344
[2025-12-30T03:40:16.665Z] ============================================================
[2025-12-30T03:40:16.665Z] 🔄 WAL checkpoint yapiliyor (degisiklikleri DB dosyasina yazma)...
[2025-12-30T03:40:16.668Z] ✅ WAL checkpoint tamamlandi
[2025-12-30T03:40:16.669Z] Catch-up sync tamamlandi
[2025-12-31T03:39:45.946Z] ============================================================
[2025-12-31T03:39:45.946Z] CATCH-UP SYNC - Eksik Gun Doldurma
[2025-12-31T03:39:45.947Z] ============================================================
[2025-12-31T03:39:45.947Z] En son veri tarihi: 2025-12-29T23:00:00+03:00
[2025-12-31T03:39:45.963Z] Kontrol araligi: 2025-12-30 - 2025-12-30 (dahil)
[2025-12-31T03:39:45.963Z] ⚠️  1 eksik gun bulundu: 2025-12-30 - 2025-12-30
[2025-12-31T03:39:45.963Z] ------------------------------------------------------------
[2025-12-31T03:39:45.964Z] MCP (FIYAT) VERISI CEKILIYOR...
[2025-12-31T03:39:45.964Z] ------------------------------------------------------------
[2025-12-31T03:39:49.220Z] ✅ 24 MCP kaydi eklendi
[2025-12-31T03:39:49.221Z] ------------------------------------------------------------
[2025-12-31T03:39:49.221Z] GENERATION (URETIM) VERISI CEKILIYOR...
[2025-12-31T03:39:49.221Z] ------------------------------------------------------------
[2025-12-31T03:39:49.221Z] 1 parca halinde cekilecek (API limiti 30 gun)
[2025-12-31T03:39:49.221Z] Parca 1/1: 2025-12-30 - 2025-12-30
[2025-12-31T03:39:49.830Z] ✅ 24 Generation kaydi eklendi
[2025-12-31T03:39:49.830Z] Toplam 24 Generation kaydi eklendi
[2025-12-31T03:39:49.830Z] ------------------------------------------------------------
[2025-12-31T03:39:49.830Z] CONSUMPTION (TUKETIM) VERISI CEKILIYOR...
[2025-12-31T03:39:49.830Z] ------------------------------------------------------------
[2025-12-31T03:39:50.303Z] ✅ 24 Consumption kaydi eklendi
[2025-12-31T03:39:50.303Z] ============================================================
[2025-12-31T03:39:50.303Z] CATCH-UP SYNC TAMAMLANDI
[2025-12-31T03:39:50.303Z] ============================================================
[2025-12-31T03:39:50.303Z] Toplam MCP kaydi: 19368
[2025-12-31T03:39:50.304Z] Toplam Generation kaydi: 19368
[2025-12-31T03:39:50.305Z] Toplam Consumption kaydi: 19368
[2025-12-31T03:39:50.305Z] ============================================================
[2025-12-31T03:39:50.305Z] 🔄 WAL checkpoint yapiliyor (degisiklikleri DB dosyasina yazma)...
[2025-12-31T03:39:50.314Z] ✅ WAL checkpoint tamamlandi
[2025-12-31T03:39:50.315Z] Catch-up sync tamamlandi
[2026-01-01T03:53:06.961Z] ============================================================
[2026-01-01T03:53:06.962Z] CATCH-UP SYNC - Eksik Gun Doldurma
[2026-01-01T03:53:06.962Z] ============================================================
[2026-01-01T03:53:06.963Z] En son veri tarihi: 2025-12-30T23:00:00+03:00
[2026-01-01T03:53:06.994Z] Kontrol araligi: 2025-12-31 - 2025-12-31 (dahil)
[2026-01-01T03:53:06.994Z] ⚠️  1 eksik gun bulundu: 2025-12-31 - 2025-12-31
[2026-01-01T03:53:06.995Z] ------------------------------------------------------------
[2026-01-01T03:53:06.995Z] MCP (FIYAT) VERISI CEKILIYOR...
[2026-01-01T03:53:06.995Z] ------------------------------------------------------------
[2026-01-01T03:53:09.512Z] ✅ 24 MCP kaydi eklendi
[2026-01-01T03:53:09.512Z] ------------------------------------------------------------
[2026-01-01T03:53:09.512Z] GENERATION (URETIM) VERISI CEKILIYOR...
[2026-01-01T03:53:09.512Z] ------------------------------------------------------------
[2026-01-01T03:53:09.512Z] 1 parca halinde cekilecek (API limiti 30 gun)
[2026-01-01T03:53:09.512Z] Parca 1/1: 2025-12-31 - 2025-12-31
[2026-01-01T03:53:10.043Z] ✅ 24 Generation kaydi eklendi
[2026-01-01T03:53:10.043Z] Toplam 24 Generation kaydi eklendi
[2026-01-01T03:53:10.043Z] ------------------------------------------------------------
[2026-01-01T03:53:10.043Z] CONSUMPTION (TUKETIM) VERISI CEKILIYOR...
[2026-01-01T03:53:10.043Z] ------------------------------------------------------------
[2026-01-01T03:53:10.446Z] ✅ 24 Consumption kaydi eklendi
[2026-01-01T03:53:10.446Z] ============================================================
[2026-01-01T03:53:10.446Z] CATCH-UP SYNC TAMAMLANDI
[2026-01-01T03:53:10.446Z] ============================================================
[2026-01-01T03:53:10.446Z] Toplam MCP kaydi: 19392
[2026-01-01T03:53:10.447Z] Toplam Generation kaydi: 19392
[2026-01-01T03:53:10.448Z] Toplam Consumption kaydi: 19392
[2026-01-01T03:53:10.448Z] ============================================================
[2026-01-01T03:53:10.448Z] 🔄 WAL checkpoint yapiliyor (degisiklikleri DB dosyasina yazma)...
[2026-01-01T03:53:10.451Z] ✅ WAL checkpoint tamamlandi
[2026-01-01T03:53:10.451Z] Catch-up sync tamamlandi
[2026-01-02T03:43:11.239Z] ============================================================
[2026-01-02T03:43:11.240Z] CATCH-UP SYNC - Eksik Gun Doldurma
[2026-01-02T03:43:11.240Z] ============================================================
[2026-01-02T03:43:11.241Z] En son veri tarihi: 2025-12-31T23:00:00+03:00
[2026-01-02T03:43:11.529Z] Kontrol araligi: 2026-01-01 - 2026-01-01 (dahil)
[2026-01-02T03:43:11.529Z] ⚠️  1 eksik gun bulundu: 2026-01-01 - 2026-01-01
[2026-01-02T03:43:11.529Z] ------------------------------------------------------------
[2026-01-02T03:43:11.530Z] MCP (FIYAT) VERISI CEKILIYOR...
[2026-01-02T03:43:11.530Z] ------------------------------------------------------------
[2026-01-02T03:43:14.620Z] ✅ 24 MCP kaydi eklendi
[2026-01-02T03:43:14.620Z] ------------------------------------------------------------
[2026-01-02T03:43:14.620Z] GENERATION (URETIM) VERISI CEKILIYOR...
[2026-01-02T03:43:14.620Z] ------------------------------------------------------------
[2026-01-02T03:43:14.620Z] 1 parca halinde cekilecek (API limiti 30 gun)
[2026-01-02T03:43:14.621Z] Parca 1/1: 2026-01-01 - 2026-01-01
[2026-01-02T03:43:15.283Z] ✅ 24 Generation kaydi eklendi
[2026-01-02T03:43:15.284Z] Toplam 24 Generation kaydi eklendi
[2026-01-02T03:43:15.284Z] ------------------------------------------------------------
[2026-01-02T03:43:15.284Z] CONSUMPTION (TUKETIM) VERISI CEKILIYOR...
[2026-01-02T03:43:15.284Z] ------------------------------------------------------------
[2026-01-02T03:43:15.782Z] ✅ 24 Consumption kaydi eklendi
[2026-01-02T03:43:15.782Z] ============================================================
[2026-01-02T03:43:15.782Z] CATCH-UP SYNC TAMAMLANDI
[2026-01-02T03:43:15.782Z] ============================================================
[2026-01-02T03:43:15.783Z] Toplam MCP kaydi: 19416
[2026-01-02T03:43:15.783Z] Toplam Generation kaydi: 19416
[2026-01-02T03:43:15.784Z] Toplam Consumption kaydi: 19416
[2026-01-02T03:43:15.784Z] ============================================================
[2026-01-02T03:43:15.784Z] 🔄 WAL checkpoint yapiliyor (degisiklikleri DB dosyasina yazma)...
[2026-01-02T03:43:15.792Z] ✅ WAL checkpoint tamamlandi
[2026-01-02T03:43:15.792Z] Catch-up sync tamamlandi
[2026-01-03T03:26:02.920Z] ============================================================
[2026-01-03T03:26:02.921Z] CATCH-UP SYNC - Eksik Gun Doldurma
[2026-01-03T03:26:02.921Z] ============================================================
[2026-01-03T03:26:02.922Z] En son veri tarihi: 2026-01-01T23:00:00+03:00
[2026-01-03T03:26:03.179Z] Kontrol araligi: 2026-01-02 - 2026-01-02 (dahil)
[2026-01-03T03:26:03.180Z] ⚠️  1 eksik gun bulundu: 2026-01-02 - 2026-01-02
[2026-01-03T03:26:03.180Z] ------------------------------------------------------------
[2026-01-03T03:26:03.180Z] MCP (FIYAT) VERISI CEKILIYOR...
[2026-01-03T03:26:03.180Z] ------------------------------------------------------------
[2026-01-03T03:26:05.803Z] ✅ 24 MCP kaydi eklendi
[2026-01-03T03:26:05.803Z] ------------------------------------------------------------
[2026-01-03T03:26:05.803Z] GENERATION (URETIM) VERISI CEKILIYOR...
[2026-01-03T03:26:05.803Z] ------------------------------------------------------------
[2026-01-03T03:26:05.803Z] 1 parca halinde cekilecek (API limiti 30 gun)
[2026-01-03T03:26:05.803Z] Parca 1/1: 2026-01-02 - 2026-01-02
[2026-01-03T03:26:06.383Z] ✅ 24 Generation kaydi eklendi
[2026-01-03T03:26:06.383Z] Toplam 24 Generation kaydi eklendi
[2026-01-03T03:26:06.383Z] ------------------------------------------------------------
[2026-01-03T03:26:06.383Z] CONSUMPTION (TUKETIM) VERISI CEKILIYOR...
[2026-01-03T03:26:06.383Z] ------------------------------------------------------------
[2026-01-03T03:26:06.780Z] ✅ 24 Consumption kaydi eklendi
[2026-01-03T03:26:06.780Z] ============================================================
[2026-01-03T03:26:06.780Z] CATCH-UP SYNC TAMAMLANDI
[2026-01-03T03:26:06.780Z] ============================================================
[2026-01-03T03:26:06.781Z] Toplam MCP kaydi: 19440
[2026-01-03T03:26:06.781Z] Toplam Generation kaydi: 19440
[2026-01-03T03:26:06.782Z] Toplam Consumption kaydi: 19440
[2026-01-03T03:26:06.782Z] ============================================================
[2026-01-03T03:26:06.782Z] 🔄 WAL checkpoint yapiliyor (degisiklikleri DB dosyasina yazma)...
[2026-01-03T03:26:06.785Z] ✅ WAL checkpoint tamamlandi
[2026-01-03T03:26:06.785Z] Catch-up sync tamamlandi
[2026-01-04T03:53:29.903Z] ============================================================
[2026-01-04T03:53:29.904Z] CATCH-UP SYNC - Eksik Gun Doldurma
[2026-01-04T03:53:29.904Z] ============================================================
[2026-01-04T03:53:29.905Z] En son veri tarihi: 2026-01-02T23:00:00+03:00
[2026-01-04T03:53:29.939Z] Kontrol araligi: 2026-01-03 - 2026-01-03 (dahil)
[2026-01-04T03:53:29.939Z] ⚠️  1 eksik gun bulundu: 2026-01-03 - 2026-01-03
[2026-01-04T03:53:29.939Z] ------------------------------------------------------------
[2026-01-04T03:53:29.940Z] MCP (FIYAT) VERISI CEKILIYOR...
[2026-01-04T03:53:29.940Z] ------------------------------------------------------------
[2026-01-04T03:53:33.190Z] ✅ 24 MCP kaydi eklendi
[2026-01-04T03:53:33.190Z] ------------------------------------------------------------
[2026-01-04T03:53:33.191Z] GENERATION (URETIM) VERISI CEKILIYOR...
[2026-01-04T03:53:33.191Z] ------------------------------------------------------------
[2026-01-04T03:53:33.191Z] 1 parca halinde cekilecek (API limiti 30 gun)
[2026-01-04T03:53:33.191Z] Parca 1/1: 2026-01-03 - 2026-01-03
[2026-01-04T03:53:33.818Z] ✅ 24 Generation kaydi eklendi
[2026-01-04T03:53:33.818Z] Toplam 24 Generation kaydi eklendi
[2026-01-04T03:53:33.818Z] ------------------------------------------------------------
[2026-01-04T03:53:33.818Z] CONSUMPTION (TUKETIM) VERISI CEKILIYOR...
[2026-01-04T03:53:33.818Z] ------------------------------------------------------------
[2026-01-04T03:53:34.296Z] ✅ 24 Consumption kaydi eklendi
[2026-01-04T03:53:34.296Z] ============================================================
[2026-01-04T03:53:34.296Z] CATCH-UP SYNC TAMAMLANDI
[2026-01-04T03:53:34.296Z] ============================================================
[2026-01-04T03:53:34.297Z] Toplam MCP kaydi: 19464
[2026-01-04T03:53:34.297Z] Toplam Generation kaydi: 19464
[2026-01-04T03:53:34.298Z] Toplam Consumption kaydi: 19464
[2026-01-04T03:53:34.298Z] ============================================================
[2026-01-04T03:53:34.298Z] 🔄 WAL checkpoint yapiliyor (degisiklikleri DB dosyasina yazma)...
[2026-01-04T03:53:34.307Z] ✅ WAL checkpoint tamamlandi
[2026-01-04T03:53:34.307Z] Catch-up sync tamamlandi
[2026-01-05T03:58:47.510Z] ============================================================
[2026-01-05T03:58:47.511Z] CATCH-UP SYNC - Eksik Gun Doldurma
[2026-01-05T03:58:47.511Z] ============================================================
[2026-01-05T03:58:47.512Z] En son veri tarihi: 2026-01-03T23:00:00+03:00
[2026-01-05T03:58:47.759Z] Kontrol araligi: 2026-01-04 - 2026-01-04 (dahil)
[2026-01-05T03:58:47.760Z] ⚠️  1 eksik gun bulundu: 2026-01-04 - 2026-01-04
[2026-01-05T03:58:47.760Z] ------------------------------------------------------------
[2026-01-05T03:58:47.760Z] MCP (FIYAT) VERISI CEKILIYOR...
[2026-01-05T03:58:47.760Z] ------------------------------------------------------------
[2026-01-05T03:58:50.984Z] ✅ 24 MCP kaydi eklendi
[2026-01-05T03:58:50.984Z] ------------------------------------------------------------
[2026-01-05T03:58:50.984Z] GENERATION (URETIM) VERISI CEKILIYOR...
[2026-01-05T03:58:50.984Z] ------------------------------------------------------------
[2026-01-05T03:58:50.984Z] 1 parca halinde cekilecek (API limiti 30 gun)
[2026-01-05T03:58:50.984Z] Parca 1/1: 2026-01-04 - 2026-01-04
[2026-01-05T03:58:51.624Z] ✅ 24 Generation kaydi eklendi
[2026-01-05T03:58:51.624Z] Toplam 24 Generation kaydi eklendi
[2026-01-05T03:58:51.624Z] ------------------------------------------------------------
[2026-01-05T03:58:51.624Z] CONSUMPTION (TUKETIM) VERISI CEKILIYOR...
[2026-01-05T03:58:51.624Z] ------------------------------------------------------------
[2026-01-05T03:58:52.197Z] ✅ 24 Consumption kaydi eklendi
[2026-01-05T03:58:52.197Z] ============================================================
[2026-01-05T03:58:52.197Z] CATCH-UP SYNC TAMAMLANDI
[2026-01-05T03:58:52.197Z] ============================================================
[2026-01-05T03:58:52.197Z] Toplam MCP kaydi: 19488
[2026-01-05T03:58:52.198Z] Toplam Generation kaydi: 19488
[2026-01-05T03:58:52.199Z] Toplam Consumption kaydi: 19488
[2026-01-05T03:58:52.199Z] ============================================================
[2026-01-05T03:58:52.199Z] 🔄 WAL checkpoint yapiliyor (degisiklikleri DB dosyasina yazma)...
[2026-01-05T03:58:52.207Z] ✅ WAL checkpoint tamamlandi
[2026-01-05T03:58:52.208Z] Catch-up sync tamamlandi
[2026-01-06T03:41:31.406Z] ============================================================
[2026-01-06T03:41:31.407Z] CATCH-UP SYNC - Eksik Gun Doldurma
[2026-01-06T03:41:31.407Z] ============================================================
[2026-01-06T03:41:31.408Z] En son veri tarihi: 2026-01-04T23:00:00+03:00
[2026-01-06T03:41:31.445Z] Kontrol araligi: 2026-01-05 - 2026-01-05 (dahil)
[2026-01-06T03:41:31.446Z] ⚠️  1 eksik gun bulundu: 2026-01-05 - 2026-01-05
[2026-01-06T03:41:31.446Z] ------------------------------------------------------------
[2026-01-06T03:41:31.447Z] MCP (FIYAT) VERISI CEKILIYOR...
[2026-01-06T03:41:31.447Z] ------------------------------------------------------------
[2026-01-06T03:41:34.565Z] ✅ 24 MCP kaydi eklendi
[2026-01-06T03:41:34.565Z] ------------------------------------------------------------
[2026-01-06T03:41:34.565Z] GENERATION (URETIM) VERISI CEKILIYOR...
[2026-01-06T03:41:34.565Z] ------------------------------------------------------------
[2026-01-06T03:41:34.565Z] 1 parca halinde cekilecek (API limiti 30 gun)
[2026-01-06T03:41:34.565Z] Parca 1/1: 2026-01-05 - 2026-01-05
[2026-01-06T03:41:35.185Z] ✅ 24 Generation kaydi eklendi
[2026-01-06T03:41:35.185Z] Toplam 24 Generation kaydi eklendi
[2026-01-06T03:41:35.186Z] ------------------------------------------------------------
[2026-01-06T03:41:35.186Z] CONSUMPTION (TUKETIM) VERISI CEKILIYOR...
[2026-01-06T03:41:35.186Z] ------------------------------------------------------------
[2026-01-06T03:41:35.712Z] ✅ 24 Consumption kaydi eklendi
[2026-01-06T03:41:35.712Z] ============================================================
[2026-01-06T03:41:35.712Z] CATCH-UP SYNC TAMAMLANDI
[2026-01-06T03:41:35.713Z] ============================================================
[2026-01-06T03:41:35.713Z] Toplam MCP kaydi: 19512
[2026-01-06T03:41:35.714Z] Toplam Generation kaydi: 19512
[2026-01-06T03:41:35.714Z] Toplam Consumption kaydi: 19512
[2026-01-06T03:41:35.715Z] ============================================================
[2026-01-06T03:41:35.715Z] 🔄 WAL checkpoint yapiliyor (degisiklikleri DB dosyasina yazma)...
[2026-01-06T03:41:35.718Z] ✅ WAL checkpoint tamamlandi
[2026-01-06T03:41:35.718Z] Catch-up sync tamamlandi
[2026-01-07T03:42:06.929Z] ============================================================
[2026-01-07T03:42:06.930Z] CATCH-UP SYNC - Eksik Gun Doldurma
[2026-01-07T03:42:06.930Z] ============================================================
[2026-01-07T03:42:06.931Z] En son veri tarihi: 2026-01-05T23:00:00+03:00
[2026-01-07T03:42:07.145Z] Kontrol araligi: 2026-01-06 - 2026-01-06 (dahil)
[2026-01-07T03:42:07.145Z] ⚠️  1 eksik gun bulundu: 2026-01-06 - 2026-01-06
[2026-01-07T03:42:07.146Z] ------------------------------------------------------------
[2026-01-07T03:42:07.146Z] MCP (FIYAT) VERISI CEKILIYOR...
[2026-01-07T03:42:07.146Z] ------------------------------------------------------------
[2026-01-07T03:42:09.785Z] ✅ 24 MCP kaydi eklendi
[2026-01-07T03:42:09.785Z] ------------------------------------------------------------
[2026-01-07T03:42:09.785Z] GENERATION (URETIM) VERISI CEKILIYOR...
[2026-01-07T03:42:09.785Z] ------------------------------------------------------------
[2026-01-07T03:42:09.785Z] 1 parca halinde cekilecek (API limiti 30 gun)
[2026-01-07T03:42:09.785Z] Parca 1/1: 2026-01-06 - 2026-01-06
[2026-01-07T03:42:11.439Z] ✅ 24 Generation kaydi eklendi
[2026-01-07T03:42:11.439Z] Toplam 24 Generation kaydi eklendi
[2026-01-07T03:42:11.440Z] ------------------------------------------------------------
[2026-01-07T03:42:11.440Z] CONSUMPTION (TUKETIM) VERISI CEKILIYOR...
[2026-01-07T03:42:11.440Z] ------------------------------------------------------------
[2026-01-07T03:42:11.921Z] ✅ 24 Consumption kaydi eklendi
[2026-01-07T03:42:11.921Z] ============================================================
[2026-01-07T03:42:11.921Z] CATCH-UP SYNC TAMAMLANDI
[2026-01-07T03:42:11.921Z] ============================================================
[2026-01-07T03:42:11.922Z] Toplam MCP kaydi: 19536
[2026-01-07T03:42:11.922Z] Toplam Generation kaydi: 19536
[2026-01-07T03:42:11.923Z] Toplam Consumption kaydi: 19536
[2026-01-07T03:42:11.923Z] ============================================================
[2026-01-07T03:42:11.923Z] 🔄 WAL checkpoint yapiliyor (degisiklikleri DB dosyasina yazma)...
[2026-01-07T03:42:11.931Z] ✅ WAL checkpoint tamamlandi
[2026-01-07T03:42:11.931Z] Catch-up sync tamamlandi
[2026-01-08T03:42:15.470Z] ============================================================
[2026-01-08T03:42:15.471Z] CATCH-UP SYNC - Eksik Gun Doldurma
[2026-01-08T03:42:15.471Z] ============================================================
[2026-01-08T03:42:15.471Z] En son veri tarihi: 2026-01-05T23:00:00+03:00
[2026-01-08T03:42:15.742Z] Kontrol araligi: 2026-01-06 - 2026-01-07 (dahil)
[2026-01-08T03:42:15.743Z] ⚠️  2 eksik gun bulundu: 2026-01-06 - 2026-01-07
[2026-01-08T03:42:15.743Z] ------------------------------------------------------------
[2026-01-08T03:42:15.743Z] MCP (FIYAT) VERISI CEKILIYOR...
[2026-01-08T03:42:15.743Z] ------------------------------------------------------------
[2026-01-08T03:42:18.271Z] ✅ 48 MCP kaydi eklendi
[2026-01-08T03:42:18.271Z] ------------------------------------------------------------
[2026-01-08T03:42:18.271Z] GENERATION (URETIM) VERISI CEKILIYOR...
[2026-01-08T03:42:18.271Z] ------------------------------------------------------------
[2026-01-08T03:42:18.271Z] 1 parca halinde cekilecek (API limiti 30 gun)
[2026-01-08T03:42:18.271Z] Parca 1/1: 2026-01-06 - 2026-01-07
[2026-01-08T03:42:18.937Z] ✅ 48 Generation kaydi eklendi
[2026-01-08T03:42:18.938Z] Toplam 48 Generation kaydi eklendi
[2026-01-08T03:42:18.938Z] ------------------------------------------------------------
[2026-01-08T03:42:18.938Z] CONSUMPTION (TUKETIM) VERISI CEKILIYOR...
[2026-01-08T03:42:18.938Z] ------------------------------------------------------------
[2026-01-08T03:42:19.400Z] ✅ 48 Consumption kaydi eklendi
[2026-01-08T03:42:19.400Z] ============================================================
[2026-01-08T03:42:19.400Z] CATCH-UP SYNC TAMAMLANDI
[2026-01-08T03:42:19.400Z] ============================================================
[2026-01-08T03:42:19.401Z] Toplam MCP kaydi: 19560
[2026-01-08T03:42:19.402Z] Toplam Generation kaydi: 19560
[2026-01-08T03:42:19.403Z] Toplam Consumption kaydi: 19560
[2026-01-08T03:42:19.403Z] ============================================================
[2026-01-08T03:42:19.403Z] 🔄 WAL checkpoint yapiliyor (degisiklikleri DB dosyasina yazma)...
[2026-01-08T03:42:19.410Z] ✅ WAL checkpoint tamamlandi
[2026-01-08T03:42:19.410Z] Catch-up sync tamamlandi
[2026-01-09T03:42:31.812Z] ============================================================
[2026-01-09T03:42:31.813Z] CATCH-UP SYNC - Eksik Gun Doldurma
[2026-01-09T03:42:31.813Z] ============================================================
[2026-01-09T03:42:31.814Z] En son veri tarihi: 2026-01-07T23:00:00+03:00
[2026-01-09T03:42:31.846Z] Kontrol araligi: 2026-01-08 - 2026-01-08 (dahil)
[2026-01-09T03:42:31.846Z] ⚠️  1 eksik gun bulundu: 2026-01-08 - 2026-01-08
[2026-01-09T03:42:31.846Z] ------------------------------------------------------------
[2026-01-09T03:42:31.847Z] MCP (FIYAT) VERISI CEKILIYOR...
[2026-01-09T03:42:31.847Z] ------------------------------------------------------------
[2026-01-09T03:42:35.106Z] ✅ 24 MCP kaydi eklendi
[2026-01-09T03:42:35.106Z] ------------------------------------------------------------
[2026-01-09T03:42:35.107Z] GENERATION (URETIM) VERISI CEKILIYOR...
[2026-01-09T03:42:35.107Z] ------------------------------------------------------------
[2026-01-09T03:42:35.107Z] 1 parca halinde cekilecek (API limiti 30 gun)
[2026-01-09T03:42:35.107Z] Parca 1/1: 2026-01-08 - 2026-01-08
[2026-01-09T03:42:36.100Z] ✅ 24 Generation kaydi eklendi
[2026-01-09T03:42:36.100Z] Toplam 24 Generation kaydi eklendi
[2026-01-09T03:42:36.100Z] ------------------------------------------------------------
[2026-01-09T03:42:36.100Z] CONSUMPTION (TUKETIM) VERISI CEKILIYOR...
[2026-01-09T03:42:36.100Z] ------------------------------------------------------------
[2026-01-09T03:42:36.642Z] ✅ 24 Consumption kaydi eklendi
[2026-01-09T03:42:36.642Z] ============================================================
[2026-01-09T03:42:36.643Z] CATCH-UP SYNC TAMAMLANDI
[2026-01-09T03:42:36.643Z] ============================================================
[2026-01-09T03:42:36.643Z] Toplam MCP kaydi: 19584
[2026-01-09T03:42:36.644Z] Toplam Generation kaydi: 19584
[2026-01-09T03:42:36.645Z] Toplam Consumption kaydi: 19584
[2026-01-09T03:42:36.645Z] ============================================================
[2026-01-09T03:42:36.645Z] 🔄 WAL checkpoint yapiliyor (degisiklikleri DB dosyasina yazma)...
[2026-01-09T03:42:36.653Z] ✅ WAL checkpoint tamamlandi
[2026-01-09T03:42:36.653Z] Catch-up sync tamamlandi
[2026-01-11T03:52:48.088Z] ============================================================
[2026-01-11T03:52:48.089Z] CATCH-UP SYNC - Eksik Gun Doldurma
[2026-01-11T03:52:48.089Z] ============================================================
[2026-01-11T03:52:48.089Z] En son veri tarihi: 2026-01-08T23:00:00+03:00
[2026-01-11T03:52:48.109Z] Kontrol araligi: 2026-01-09 - 2026-01-10 (dahil)
[2026-01-11T03:52:48.109Z] ⚠️  2 eksik gun bulundu: 2026-01-09 - 2026-01-10
[2026-01-11T03:52:48.109Z] ------------------------------------------------------------
[2026-01-11T03:52:48.110Z] MCP (FIYAT) VERISI CEKILIYOR...
[2026-01-11T03:52:48.110Z] ------------------------------------------------------------
[2026-01-11T03:52:50.414Z] ✅ 48 MCP kaydi eklendi
[2026-01-11T03:52:50.414Z] ------------------------------------------------------------
[2026-01-11T03:52:50.414Z] GENERATION (URETIM) VERISI CEKILIYOR...
[2026-01-11T03:52:50.414Z] ------------------------------------------------------------
[2026-01-11T03:52:50.414Z] 1 parca halinde cekilecek (API limiti 30 gun)
[2026-01-11T03:52:50.414Z] Parca 1/1: 2026-01-09 - 2026-01-10
[2026-01-11T03:52:51.070Z] ✅ 48 Generation kaydi eklendi
[2026-01-11T03:52:51.070Z] Toplam 48 Generation kaydi eklendi
[2026-01-11T03:52:51.070Z] ------------------------------------------------------------
[2026-01-11T03:52:51.070Z] CONSUMPTION (TUKETIM) VERISI CEKILIYOR...
[2026-01-11T03:52:51.070Z] ------------------------------------------------------------
[2026-01-11T03:52:51.522Z] ✅ 48 Consumption kaydi eklendi
[2026-01-11T03:52:51.522Z] ============================================================
[2026-01-11T03:52:51.522Z] CATCH-UP SYNC TAMAMLANDI
[2026-01-11T03:52:51.522Z] ============================================================
[2026-01-11T03:52:51.523Z] Toplam MCP kaydi: 19632
[2026-01-11T03:52:51.523Z] Toplam Generation kaydi: 19632
[2026-01-11T03:52:51.524Z] Toplam Consumption kaydi: 19632
[2026-01-11T03:52:51.524Z] ============================================================
[2026-01-11T03:52:51.524Z] 🔄 WAL checkpoint yapiliyor (degisiklikleri DB dosyasina yazma)...
[2026-01-11T03:52:51.532Z] ✅ WAL checkpoint tamamlandi
[2026-01-11T03:52:51.532Z] Catch-up sync tamamlandi
[2026-01-12T03:52:27.870Z] ============================================================
[2026-01-12T03:52:27.871Z] CATCH-UP SYNC - Eksik Gun Doldurma
[2026-01-12T03:52:27.871Z] ============================================================
[2026-01-12T03:52:27.871Z] En son veri tarihi: 2026-01-10T23:00:00+03:00
[2026-01-12T03:52:27.905Z] Kontrol araligi: 2026-01-11 - 2026-01-11 (dahil)
[2026-01-12T03:52:27.906Z] ⚠️  1 eksik gun bulundu: 2026-01-11 - 2026-01-11
[2026-01-12T03:52:27.906Z] ------------------------------------------------------------
[2026-01-12T03:52:27.906Z] MCP (FIYAT) VERISI CEKILIYOR...
[2026-01-12T03:52:27.906Z] ------------------------------------------------------------
[2026-01-12T03:52:31.086Z] ✅ 24 MCP kaydi eklendi
[2026-01-12T03:52:31.086Z] ------------------------------------------------------------
[2026-01-12T03:52:31.086Z] GENERATION (URETIM) VERISI CEKILIYOR...
[2026-01-12T03:52:31.086Z] ------------------------------------------------------------
[2026-01-12T03:52:31.087Z] 1 parca halinde cekilecek (API limiti 30 gun)
[2026-01-12T03:52:31.087Z] Parca 1/1: 2026-01-11 - 2026-01-11
[2026-01-12T03:52:31.769Z] ✅ 24 Generation kaydi eklendi
[2026-01-12T03:52:31.769Z] Toplam 24 Generation kaydi eklendi
[2026-01-12T03:52:31.769Z] ------------------------------------------------------------
[2026-01-12T03:52:31.769Z] CONSUMPTION (TUKETIM) VERISI CEKILIYOR...
[2026-01-12T03:52:31.769Z] ------------------------------------------------------------
[2026-01-12T03:52:32.312Z] ✅ 24 Consumption kaydi eklendi
[2026-01-12T03:52:32.312Z] ============================================================
[2026-01-12T03:52:32.312Z] CATCH-UP SYNC TAMAMLANDI
[2026-01-12T03:52:32.312Z] ============================================================
[2026-01-12T03:52:32.313Z] Toplam MCP kaydi: 19656
[2026-01-12T03:52:32.313Z] Toplam Generation kaydi: 19656
[2026-01-12T03:52:32.314Z] Toplam Consumption kaydi: 19656
[2026-01-12T03:52:32.314Z] ============================================================
[2026-01-12T03:52:32.314Z] 🔄 WAL checkpoint yapiliyor (degisiklikleri DB dosyasina yazma)...
[2026-01-12T03:52:32.323Z] ✅ WAL checkpoint tamamlandi
[2026-01-12T03:52:32.324Z] Catch-up sync tamamlandi
[2026-01-13T03:41:11.755Z] ============================================================
[2026-01-13T03:41:11.755Z] CATCH-UP SYNC - Eksik Gun Doldurma
[2026-01-13T03:41:11.756Z] ============================================================
[2026-01-13T03:41:11.756Z] En son veri tarihi: 2026-01-11T23:00:00+03:00
[2026-01-13T03:41:11.789Z] Kontrol araligi: 2026-01-12 - 2026-01-12 (dahil)
[2026-01-13T03:41:11.790Z] ⚠️  1 eksik gun bulundu: 2026-01-12 - 2026-01-12
[2026-01-13T03:41:11.790Z] ------------------------------------------------------------
[2026-01-13T03:41:11.790Z] MCP (FIYAT) VERISI CEKILIYOR...
[2026-01-13T03:41:11.790Z] ------------------------------------------------------------
[2026-01-13T03:41:14.115Z] ✅ 24 MCP kaydi eklendi
[2026-01-13T03:41:14.115Z] ------------------------------------------------------------
[2026-01-13T03:41:14.115Z] GENERATION (URETIM) VERISI CEKILIYOR...
[2026-01-13T03:41:14.115Z] ------------------------------------------------------------
[2026-01-13T03:41:14.115Z] 1 parca halinde cekilecek (API limiti 30 gun)
[2026-01-13T03:41:14.115Z] Parca 1/1: 2026-01-12 - 2026-01-12
[2026-01-13T03:41:15.042Z] ✅ 24 Generation kaydi eklendi
[2026-01-13T03:41:15.042Z] Toplam 24 Generation kaydi eklendi
[2026-01-13T03:41:15.042Z] ------------------------------------------------------------
[2026-01-13T03:41:15.042Z] CONSUMPTION (TUKETIM) VERISI CEKILIYOR...
[2026-01-13T03:41:15.042Z] ------------------------------------------------------------
[2026-01-13T03:41:15.433Z] ✅ 24 Consumption kaydi eklendi
[2026-01-13T03:41:15.434Z] ============================================================
[2026-01-13T03:41:15.434Z] CATCH-UP SYNC TAMAMLANDI
[2026-01-13T03:41:15.434Z] ============================================================
[2026-01-13T03:41:15.434Z] Toplam MCP kaydi: 19680
[2026-01-13T03:41:15.435Z] Toplam Generation kaydi: 19680
[2026-01-13T03:41:15.436Z] Toplam Consumption kaydi: 19680
[2026-01-13T03:41:15.436Z] ============================================================
[2026-01-13T03:41:15.436Z] 🔄 WAL checkpoint yapiliyor (degisiklikleri DB dosyasina yazma)...
[2026-01-13T03:41:15.443Z] ✅ WAL checkpoint tamamlandi
[2026-01-13T03:41:15.443Z] Catch-up sync tamamlandi
[2026-01-14T03:50:06.424Z] ============================================================
[2026-01-14T03:50:06.424Z] CATCH-UP SYNC - Eksik Gun Doldurma
[2026-01-14T03:50:06.425Z] ============================================================
[2026-01-14T03:50:06.425Z] En son veri tarihi: 2026-01-12T23:00:00+03:00
[2026-01-14T03:50:06.663Z] Kontrol araligi: 2026-01-13 - 2026-01-13 (dahil)
[2026-01-14T03:50:06.663Z] ⚠️  1 eksik gun bulundu: 2026-01-13 - 2026-01-13
[2026-01-14T03:50:06.663Z] ------------------------------------------------------------
[2026-01-14T03:50:06.663Z] MCP (FIYAT) VERISI CEKILIYOR...
[2026-01-14T03:50:06.663Z] ------------------------------------------------------------
[2026-01-14T03:50:09.170Z] ✅ 24 MCP kaydi eklendi
[2026-01-14T03:50:09.170Z] ------------------------------------------------------------
[2026-01-14T03:50:09.170Z] GENERATION (URETIM) VERISI CEKILIYOR...
[2026-01-14T03:50:09.170Z] ------------------------------------------------------------
[2026-01-14T03:50:09.170Z] 1 parca halinde cekilecek (API limiti 30 gun)
[2026-01-14T03:50:09.170Z] Parca 1/1: 2026-01-13 - 2026-01-13
[2026-01-14T03:50:09.595Z] ✅ 24 Generation kaydi eklendi
[2026-01-14T03:50:09.595Z] Toplam 24 Generation kaydi eklendi
[2026-01-14T03:50:09.595Z] ------------------------------------------------------------
[2026-01-14T03:50:09.595Z] CONSUMPTION (TUKETIM) VERISI CEKILIYOR...
[2026-01-14T03:50:09.596Z] ------------------------------------------------------------
[2026-01-14T03:50:10.035Z] ✅ 24 Consumption kaydi eklendi
[2026-01-14T03:50:10.035Z] ============================================================
[2026-01-14T03:50:10.035Z] CATCH-UP SYNC TAMAMLANDI
[2026-01-14T03:50:10.035Z] ============================================================
[2026-01-14T03:50:10.036Z] Toplam MCP kaydi: 19704
[2026-01-14T03:50:10.036Z] Toplam Generation kaydi: 19704
[2026-01-14T03:50:10.037Z] Toplam Consumption kaydi: 19704
[2026-01-14T03:50:10.037Z] ============================================================
[2026-01-14T03:50:10.037Z] 🔄 WAL checkpoint yapiliyor (degisiklikleri DB dosyasina yazma)...
[2026-01-14T03:50:10.047Z] ✅ WAL checkpoint tamamlandi
[2026-01-14T03:50:10.047Z] Catch-up sync tamamlandi
[2026-01-15T03:44:13.876Z] ============================================================
[2026-01-15T03:44:13.877Z] CATCH-UP SYNC - Eksik Gun Doldurma
[2026-01-15T03:44:13.877Z] ============================================================
[2026-01-15T03:44:13.878Z] En son veri tarihi: 2026-01-13T23:00:00+03:00
[2026-01-15T03:44:13.915Z] Kontrol araligi: 2026-01-14 - 2026-01-14 (dahil)
[2026-01-15T03:44:13.916Z] ⚠️  1 eksik gun bulundu: 2026-01-14 - 2026-01-14
[2026-01-15T03:44:13.916Z] ------------------------------------------------------------
[2026-01-15T03:44:13.916Z] MCP (FIYAT) VERISI CEKILIYOR...
[2026-01-15T03:44:13.916Z] ------------------------------------------------------------
[2026-01-15T03:44:16.652Z] ✅ 24 MCP kaydi eklendi
[2026-01-15T03:44:16.652Z] ------------------------------------------------------------
[2026-01-15T03:44:16.652Z] GENERATION (URETIM) VERISI CEKILIYOR...
[2026-01-15T03:44:16.653Z] ------------------------------------------------------------
[2026-01-15T03:44:16.653Z] 1 parca halinde cekilecek (API limiti 30 gun)
[2026-01-15T03:44:16.653Z] Parca 1/1: 2026-01-14 - 2026-01-14
[2026-01-15T03:44:17.252Z] ✅ 24 Generation kaydi eklendi
[2026-01-15T03:44:17.252Z] Toplam 24 Generation kaydi eklendi
[2026-01-15T03:44:17.252Z] ------------------------------------------------------------
[2026-01-15T03:44:17.253Z] CONSUMPTION (TUKETIM) VERISI CEKILIYOR...
[2026-01-15T03:44:17.253Z] ------------------------------------------------------------
[2026-01-15T03:44:17.724Z] ✅ 24 Consumption kaydi eklendi
[2026-01-15T03:44:17.724Z] ============================================================
[2026-01-15T03:44:17.724Z] CATCH-UP SYNC TAMAMLANDI
[2026-01-15T03:44:17.724Z] ============================================================
[2026-01-15T03:44:17.724Z] Toplam MCP kaydi: 19728
[2026-01-15T03:44:17.725Z] Toplam Generation kaydi: 19728
[2026-01-15T03:44:17.726Z] Toplam Consumption kaydi: 19728
[2026-01-15T03:44:17.726Z] ============================================================
[2026-01-15T03:44:17.726Z] 🔄 WAL checkpoint yapiliyor (degisiklikleri DB dosyasina yazma)...
[2026-01-15T03:44:17.734Z] ✅ WAL checkpoint tamamlandi
[2026-01-15T03:44:17.734Z] Catch-up sync tamamlandi
[2026-01-17T03:26:12.992Z] ============================================================
[2026-01-17T03:26:12.993Z] CATCH-UP SYNC - Eksik Gun Doldurma
[2026-01-17T03:26:12.993Z] ============================================================
[2026-01-17T03:26:12.993Z] En son veri tarihi: 2026-01-14T23:00:00+03:00
[2026-01-17T03:26:14.167Z] Kontrol araligi: 2026-01-15 - 2026-01-16 (dahil)
[2026-01-17T03:26:14.168Z] ⚠️  2 eksik gun bulundu: 2026-01-15 - 2026-01-16
[2026-01-17T03:26:14.168Z] ------------------------------------------------------------
[2026-01-17T03:26:14.168Z] MCP (FIYAT) VERISI CEKILIYOR...
[2026-01-17T03:26:14.168Z] ------------------------------------------------------------
[2026-01-17T03:26:17.306Z] ✅ 48 MCP kaydi eklendi
[2026-01-17T03:26:17.306Z] ------------------------------------------------------------
[2026-01-17T03:26:17.306Z] GENERATION (URETIM) VERISI CEKILIYOR...
[2026-01-17T03:26:17.306Z] ------------------------------------------------------------
[2026-01-17T03:26:17.307Z] 1 parca halinde cekilecek (API limiti 30 gun)
[2026-01-17T03:26:17.307Z] Parca 1/1: 2026-01-15 - 2026-01-16
[2026-01-17T03:26:18.006Z] ✅ 48 Generation kaydi eklendi
[2026-01-17T03:26:18.006Z] Toplam 48 Generation kaydi eklendi
[2026-01-17T03:26:18.006Z] ------------------------------------------------------------
[2026-01-17T03:26:18.006Z] CONSUMPTION (TUKETIM) VERISI CEKILIYOR...
[2026-01-17T03:26:18.006Z] ------------------------------------------------------------
[2026-01-17T03:26:18.544Z] ✅ 48 Consumption kaydi eklendi
[2026-01-17T03:26:18.544Z] ============================================================
[2026-01-17T03:26:18.544Z] CATCH-UP SYNC TAMAMLANDI
[2026-01-17T03:26:18.544Z] ============================================================
[2026-01-17T03:26:18.545Z] Toplam MCP kaydi: 19776
[2026-01-17T03:26:18.546Z] Toplam Generation kaydi: 19776
[2026-01-17T03:26:18.547Z] Toplam Consumption kaydi: 19776
[2026-01-17T03:26:18.547Z] ============================================================
[2026-01-17T03:26:18.547Z] 🔄 WAL checkpoint yapiliyor (degisiklikleri DB dosyasina yazma)...
[2026-01-17T03:26:18.550Z] ✅ WAL checkpoint tamamlandi
[2026-01-17T03:26:18.551Z] Catch-up sync tamamlandi
[2026-01-18T03:48:31.179Z] ============================================================
[2026-01-18T03:48:31.179Z] CATCH-UP SYNC - Eksik Gun Doldurma
[2026-01-18T03:48:31.180Z] ============================================================
[2026-01-18T03:48:31.180Z] En son veri tarihi: 2026-01-16T23:00:00+03:00
[2026-01-18T03:48:31.419Z] Kontrol araligi: 2026-01-17 - 2026-01-17 (dahil)
[2026-01-18T03:48:31.421Z] ⚠️  1 eksik gun bulundu: 2026-01-17 - 2026-01-17
[2026-01-18T03:48:31.421Z] ------------------------------------------------------------
[2026-01-18T03:48:31.421Z] MCP (FIYAT) VERISI CEKILIYOR...
[2026-01-18T03:48:31.421Z] ------------------------------------------------------------
[2026-01-18T03:48:34.714Z] ✅ 24 MCP kaydi eklendi
[2026-01-18T03:48:34.714Z] ------------------------------------------------------------
[2026-01-18T03:48:34.714Z] GENERATION (URETIM) VERISI CEKILIYOR...
[2026-01-18T03:48:34.714Z] ------------------------------------------------------------
[2026-01-18T03:48:34.715Z] 1 parca halinde cekilecek (API limiti 30 gun)
[2026-01-18T03:48:34.715Z] Parca 1/1: 2026-01-17 - 2026-01-17
[2026-01-18T03:48:35.285Z] ✅ 24 Generation kaydi eklendi
[2026-01-18T03:48:35.285Z] Toplam 24 Generation kaydi eklendi
[2026-01-18T03:48:35.285Z] ------------------------------------------------------------
[2026-01-18T03:48:35.285Z] CONSUMPTION (TUKETIM) VERISI CEKILIYOR...
[2026-01-18T03:48:35.285Z] ------------------------------------------------------------
[2026-01-18T03:48:35.841Z] ✅ 24 Consumption kaydi eklendi
[2026-01-18T03:48:35.841Z] ============================================================
[2026-01-18T03:48:35.841Z] CATCH-UP SYNC TAMAMLANDI
[2026-01-18T03:48:35.841Z] ============================================================
[2026-01-18T03:48:35.842Z] Toplam MCP kaydi: 19800
[2026-01-18T03:48:35.842Z] Toplam Generation kaydi: 19800
[2026-01-18T03:48:35.843Z] Toplam Consumption kaydi: 19800
[2026-01-18T03:48:35.843Z] ============================================================
[2026-01-18T03:48:35.843Z] 🔄 WAL checkpoint yapiliyor (degisiklikleri DB dosyasina yazma)...
[2026-01-18T03:48:35.851Z] ✅ WAL checkpoint tamamlandi
[2026-01-18T03:48:35.852Z] Catch-up sync tamamlandi
[2026-01-19T03:53:30.175Z] ============================================================
[2026-01-19T03:53:30.176Z] CATCH-UP SYNC - Eksik Gun Doldurma
[2026-01-19T03:53:30.176Z] ============================================================
[2026-01-19T03:53:30.177Z] En son veri tarihi: 2026-01-17T23:00:00+03:00
[2026-01-19T03:53:30.195Z] Kontrol araligi: 2026-01-18 - 2026-01-18 (dahil)
[2026-01-19T03:53:30.196Z] ⚠️  1 eksik gun bulundu: 2026-01-18 - 2026-01-18
[2026-01-19T03:53:30.196Z] ------------------------------------------------------------
[2026-01-19T03:53:30.196Z] MCP (FIYAT) VERISI CEKILIYOR...
[2026-01-19T03:53:30.196Z] ------------------------------------------------------------
[2026-01-19T03:53:32.616Z] ✅ 24 MCP kaydi eklendi
[2026-01-19T03:53:32.617Z] ------------------------------------------------------------
[2026-01-19T03:53:32.617Z] GENERATION (URETIM) VERISI CEKILIYOR...
[2026-01-19T03:53:32.617Z] ------------------------------------------------------------
[2026-01-19T03:53:32.617Z] 1 parca halinde cekilecek (API limiti 30 gun)
[2026-01-19T03:53:32.617Z] Parca 1/1: 2026-01-18 - 2026-01-18
[2026-01-19T03:53:33.210Z] ✅ 24 Generation kaydi eklendi
[2026-01-19T03:53:33.210Z] Toplam 24 Generation kaydi eklendi
[2026-01-19T03:53:33.210Z] ------------------------------------------------------------
[2026-01-19T03:53:33.210Z] CONSUMPTION (TUKETIM) VERISI CEKILIYOR...
[2026-01-19T03:53:33.210Z] ------------------------------------------------------------
[2026-01-19T03:53:33.686Z] ✅ 24 Consumption kaydi eklendi
[2026-01-19T03:53:33.686Z] ============================================================
[2026-01-19T03:53:33.686Z] CATCH-UP SYNC TAMAMLANDI
[2026-01-19T03:53:33.686Z] ============================================================
[2026-01-19T03:53:33.686Z] Toplam MCP kaydi: 19824
[2026-01-19T03:53:33.687Z] Toplam Generation kaydi: 19824
[2026-01-19T03:53:33.688Z] Toplam Consumption kaydi: 19824
[2026-01-19T03:53:33.688Z] ============================================================
[2026-01-19T03:53:33.688Z] 🔄 WAL checkpoint yapiliyor (degisiklikleri DB dosyasina yazma)...
[2026-01-19T03:53:33.695Z] ✅ WAL checkpoint tamamlandi
[2026-01-19T03:53:33.696Z] Catch-up sync tamamlandi
[2026-01-20T03:47:05.671Z] ============================================================
[2026-01-20T03:47:05.672Z] CATCH-UP SYNC - Eksik Gun Doldurma
[2026-01-20T03:47:05.672Z] ============================================================
[2026-01-20T03:47:05.673Z] En son veri tarihi: 2026-01-18T23:00:00+03:00
[2026-01-20T03:47:05.708Z] Kontrol araligi: 2026-01-19 - 2026-01-19 (dahil)
[2026-01-20T03:47:05.709Z] ⚠️  1 eksik gun bulundu: 2026-01-19 - 2026-01-19
[2026-01-20T03:47:05.709Z] ------------------------------------------------------------
[2026-01-20T03:47:05.709Z] MCP (FIYAT) VERISI CEKILIYOR...
[2026-01-20T03:47:05.709Z] ------------------------------------------------------------
[2026-01-20T03:47:08.724Z] ✅ 24 MCP kaydi eklendi
[2026-01-20T03:47:08.724Z] ------------------------------------------------------------
[2026-01-20T03:47:08.724Z] GENERATION (URETIM) VERISI CEKILIYOR...
[2026-01-20T03:47:08.724Z] ------------------------------------------------------------
[2026-01-20T03:47:08.724Z] 1 parca halinde cekilecek (API limiti 30 gun)
[2026-01-20T03:47:08.724Z] Parca 1/1: 2026-01-19 - 2026-01-19
[2026-01-20T03:47:09.208Z] ✅ 24 Generation kaydi eklendi
[2026-01-20T03:47:09.208Z] Toplam 24 Generation kaydi eklendi
[2026-01-20T03:47:09.208Z] ------------------------------------------------------------
[2026-01-20T03:47:09.208Z] CONSUMPTION (TUKETIM) VERISI CEKILIYOR...
[2026-01-20T03:47:09.208Z] ------------------------------------------------------------
[2026-01-20T03:47:09.704Z] ✅ 24 Consumption kaydi eklendi
[2026-01-20T03:47:09.704Z] ============================================================
[2026-01-20T03:47:09.704Z] CATCH-UP SYNC TAMAMLANDI
[2026-01-20T03:47:09.704Z] ============================================================
[2026-01-20T03:47:09.705Z] Toplam MCP kaydi: 19848
[2026-01-20T03:47:09.706Z] Toplam Generation kaydi: 19848
[2026-01-20T03:47:09.706Z] Toplam Consumption kaydi: 19848
[2026-01-20T03:47:09.707Z] ============================================================
[2026-01-20T03:47:09.707Z] 🔄 WAL checkpoint yapiliyor (degisiklikleri DB dosyasina yazma)...
[2026-01-20T03:47:09.713Z] ✅ WAL checkpoint tamamlandi
[2026-01-20T03:47:09.713Z] Catch-up sync tamamlandi
[2026-01-21T03:46:39.482Z] ============================================================
[2026-01-21T03:46:39.484Z] CATCH-UP SYNC - Eksik Gun Doldurma
[2026-01-21T03:46:39.484Z] ============================================================
[2026-01-21T03:46:39.484Z] En son veri tarihi: 2026-01-19T23:00:00+03:00
[2026-01-21T03:46:39.813Z] Kontrol araligi: 2026-01-20 - 2026-01-20 (dahil)
[2026-01-21T03:46:39.814Z] ⚠️  1 eksik gun bulundu: 2026-01-20 - 2026-01-20
[2026-01-21T03:46:39.814Z] ------------------------------------------------------------
[2026-01-21T03:46:39.814Z] MCP (FIYAT) VERISI CEKILIYOR...
[2026-01-21T03:46:39.814Z] ------------------------------------------------------------
[2026-01-21T03:46:42.152Z] ✅ 24 MCP kaydi eklendi
[2026-01-21T03:46:42.152Z] ------------------------------------------------------------
[2026-01-21T03:46:42.152Z] GENERATION (URETIM) VERISI CEKILIYOR...
[2026-01-21T03:46:42.152Z] ------------------------------------------------------------
[2026-01-21T03:46:42.152Z] 1 parca halinde cekilecek (API limiti 30 gun)
[2026-01-21T03:46:42.152Z] Parca 1/1: 2026-01-20 - 2026-01-20
[2026-01-21T03:46:42.621Z] ✅ 24 Generation kaydi eklendi
[2026-01-21T03:46:42.621Z] Toplam 24 Generation kaydi eklendi
[2026-01-21T03:46:42.621Z] ------------------------------------------------------------
[2026-01-21T03:46:42.621Z] CONSUMPTION (TUKETIM) VERISI CEKILIYOR...
[2026-01-21T03:46:42.621Z] ------------------------------------------------------------
[2026-01-21T03:46:43.092Z] ✅ 24 Consumption kaydi eklendi
[2026-01-21T03:46:43.092Z] ============================================================
[2026-01-21T03:46:43.093Z] CATCH-UP SYNC TAMAMLANDI
[2026-01-21T03:46:43.093Z] ============================================================
[2026-01-21T03:46:43.093Z] Toplam MCP kaydi: 19872
[2026-01-21T03:46:43.094Z] Toplam Generation kaydi: 19872
[2026-01-21T03:46:43.095Z] Toplam Consumption kaydi: 19872
[2026-01-21T03:46:43.095Z] ============================================================
[2026-01-21T03:46:43.095Z] 🔄 WAL checkpoint yapiliyor (degisiklikleri DB dosyasina yazma)...
[2026-01-21T03:46:43.103Z] ✅ WAL checkpoint tamamlandi
[2026-01-21T03:46:43.104Z] Catch-up sync tamamlandi
[2026-01-22T03:50:32.556Z] ============================================================
[2026-01-22T03:50:32.556Z] CATCH-UP SYNC - Eksik Gun Doldurma
[2026-01-22T03:50:32.557Z] ============================================================
[2026-01-22T03:50:32.557Z] En son veri tarihi: 2026-01-20T23:00:00+03:00
[2026-01-22T03:50:32.587Z] Kontrol araligi: 2026-01-21 - 2026-01-21 (dahil)
[2026-01-22T03:50:32.588Z] ⚠️  1 eksik gun bulundu: 2026-01-21 - 2026-01-21
[2026-01-22T03:50:32.588Z] ------------------------------------------------------------
[2026-01-22T03:50:32.588Z] MCP (FIYAT) VERISI CEKILIYOR...
[2026-01-22T03:50:32.588Z] ------------------------------------------------------------
[2026-01-22T03:50:35.147Z] ✅ 24 MCP kaydi eklendi
[2026-01-22T03:50:35.147Z] ------------------------------------------------------------
[2026-01-22T03:50:35.147Z] GENERATION (URETIM) VERISI CEKILIYOR...
[2026-01-22T03:50:35.147Z] ------------------------------------------------------------
[2026-01-22T03:50:35.147Z] 1 parca halinde cekilecek (API limiti 30 gun)
[2026-01-22T03:50:35.147Z] Parca 1/1: 2026-01-21 - 2026-01-21
[2026-01-22T03:50:35.747Z] ✅ 24 Generation kaydi eklendi
[2026-01-22T03:50:35.747Z] Toplam 24 Generation kaydi eklendi
[2026-01-22T03:50:35.747Z] ------------------------------------------------------------
[2026-01-22T03:50:35.747Z] CONSUMPTION (TUKETIM) VERISI CEKILIYOR...
[2026-01-22T03:50:35.747Z] ------------------------------------------------------------
[2026-01-22T03:50:36.240Z] ✅ 24 Consumption kaydi eklendi
[2026-01-22T03:50:36.240Z] ============================================================
[2026-01-22T03:50:36.240Z] CATCH-UP SYNC TAMAMLANDI
[2026-01-22T03:50:36.240Z] ============================================================
[2026-01-22T03:50:36.241Z] Toplam MCP kaydi: 19896
[2026-01-22T03:50:36.242Z] Toplam Generation kaydi: 19896
[2026-01-22T03:50:36.242Z] Toplam Consumption kaydi: 19896
[2026-01-22T03:50:36.242Z] ============================================================
[2026-01-22T03:50:36.243Z] 🔄 WAL checkpoint yapiliyor (degisiklikleri DB dosyasina yazma)...
[2026-01-22T03:50:36.250Z] ✅ WAL checkpoint tamamlandi
[2026-01-22T03:50:36.251Z] Catch-up sync tamamlandi
[2026-01-23T03:45:31.683Z] ============================================================
[2026-01-23T03:45:31.684Z] CATCH-UP SYNC - Eksik Gun Doldurma
[2026-01-23T03:45:31.684Z] ============================================================
[2026-01-23T03:45:31.685Z] En son veri tarihi: 2026-01-21T23:00:00+03:00
[2026-01-23T03:45:32.026Z] Kontrol araligi: 2026-01-22 - 2026-01-22 (dahil)
[2026-01-23T03:45:32.026Z] ⚠️  1 eksik gun bulundu: 2026-01-22 - 2026-01-22
[2026-01-23T03:45:32.026Z] ------------------------------------------------------------
[2026-01-23T03:45:32.026Z] MCP (FIYAT) VERISI CEKILIYOR...
[2026-01-23T03:45:32.026Z] ------------------------------------------------------------
[2026-01-23T03:45:34.351Z] ✅ 24 MCP kaydi eklendi
[2026-01-23T03:45:34.351Z] ------------------------------------------------------------
[2026-01-23T03:45:34.351Z] GENERATION (URETIM) VERISI CEKILIYOR...
[2026-01-23T03:45:34.352Z] ------------------------------------------------------------
[2026-01-23T03:45:34.352Z] 1 parca halinde cekilecek (API limiti 30 gun)
[2026-01-23T03:45:34.352Z] Parca 1/1: 2026-01-22 - 2026-01-22
[2026-01-23T03:45:34.954Z] ✅ 24 Generation kaydi eklendi
[2026-01-23T03:45:34.954Z] Toplam 24 Generation kaydi eklendi
[2026-01-23T03:45:34.954Z] ------------------------------------------------------------
[2026-01-23T03:45:34.954Z] CONSUMPTION (TUKETIM) VERISI CEKILIYOR...
[2026-01-23T03:45:34.954Z] ------------------------------------------------------------
[2026-01-23T03:45:35.407Z] ✅ 24 Consumption kaydi eklendi
[2026-01-23T03:45:35.407Z] ============================================================
[2026-01-23T03:45:35.407Z] CATCH-UP SYNC TAMAMLANDI
[2026-01-23T03:45:35.407Z] ============================================================
[2026-01-23T03:45:35.408Z] Toplam MCP kaydi: 19920
[2026-01-23T03:45:35.408Z] Toplam Generation kaydi: 19920
[2026-01-23T03:45:35.409Z] Toplam Consumption kaydi: 19920
[2026-01-23T03:45:35.409Z] ============================================================
[2026-01-23T03:45:35.409Z] 🔄 WAL checkpoint yapiliyor (degisiklikleri DB dosyasina yazma)...
[2026-01-23T03:45:35.417Z] ✅ WAL checkpoint tamamlandi
[2026-01-23T03:45:35.417Z] Catch-up sync tamamlandi
[2026-01-24T03:39:13.285Z] ============================================================
[2026-01-24T03:39:13.286Z] CATCH-UP SYNC - Eksik Gun Doldurma
[2026-01-24T03:39:13.286Z] ============================================================
[2026-01-24T03:39:13.287Z] En son veri tarihi: 2026-01-22T23:00:00+03:00
[2026-01-24T03:39:13.320Z] Kontrol araligi: 2026-01-23 - 2026-01-23 (dahil)
[2026-01-24T03:39:13.321Z] ⚠️  1 eksik gun bulundu: 2026-01-23 - 2026-01-23
[2026-01-24T03:39:13.321Z] ------------------------------------------------------------
[2026-01-24T03:39:13.321Z] MCP (FIYAT) VERISI CEKILIYOR...
[2026-01-24T03:39:13.321Z] ------------------------------------------------------------
[2026-01-24T03:39:15.833Z] ✅ 24 MCP kaydi eklendi
[2026-01-24T03:39:15.833Z] ------------------------------------------------------------
[2026-01-24T03:39:15.833Z] GENERATION (URETIM) VERISI CEKILIYOR...
[2026-01-24T03:39:15.834Z] ------------------------------------------------------------
[2026-01-24T03:39:15.834Z] 1 parca halinde cekilecek (API limiti 30 gun)
[2026-01-24T03:39:15.834Z] Parca 1/1: 2026-01-23 - 2026-01-23
[2026-01-24T03:39:16.483Z] ✅ 24 Generation kaydi eklendi
[2026-01-24T03:39:16.483Z] Toplam 24 Generation kaydi eklendi
[2026-01-24T03:39:16.483Z] ------------------------------------------------------------
[2026-01-24T03:39:16.483Z] CONSUMPTION (TUKETIM) VERISI CEKILIYOR...
[2026-01-24T03:39:16.483Z] ------------------------------------------------------------
[2026-01-24T03:39:16.889Z] ✅ 24 Consumption kaydi eklendi
[2026-01-24T03:39:16.889Z] ============================================================
[2026-01-24T03:39:16.889Z] CATCH-UP SYNC TAMAMLANDI
[2026-01-24T03:39:16.889Z] ============================================================
[2026-01-24T03:39:16.890Z] Toplam MCP kaydi: 19944
[2026-01-24T03:39:16.890Z] Toplam Generation kaydi: 19944
[2026-01-24T03:39:16.891Z] Toplam Consumption kaydi: 19944
[2026-01-24T03:39:16.891Z] ============================================================
[2026-01-24T03:39:16.891Z] 🔄 WAL checkpoint yapiliyor (degisiklikleri DB dosyasina yazma)...
[2026-01-24T03:39:16.898Z] ✅ WAL checkpoint tamamlandi
[2026-01-24T03:39:16.898Z] Catch-up sync tamamlandi
[2026-01-25T03:56:46.545Z] ============================================================
[2026-01-25T03:56:46.546Z] CATCH-UP SYNC - Eksik Gun Doldurma
[2026-01-25T03:56:46.546Z] ============================================================
[2026-01-25T03:56:46.547Z] En son veri tarihi: 2026-01-23T23:00:00+03:00
[2026-01-25T03:56:46.817Z] Kontrol araligi: 2026-01-24 - 2026-01-24 (dahil)
[2026-01-25T03:56:46.817Z] ⚠️  1 eksik gun bulundu: 2026-01-24 - 2026-01-24
[2026-01-25T03:56:46.817Z] ------------------------------------------------------------
[2026-01-25T03:56:46.818Z] MCP (FIYAT) VERISI CEKILIYOR...
[2026-01-25T03:56:46.818Z] ------------------------------------------------------------
[2026-01-25T03:56:49.490Z] ✅ 24 MCP kaydi eklendi
[2026-01-25T03:56:49.490Z] ------------------------------------------------------------
[2026-01-25T03:56:49.490Z] GENERATION (URETIM) VERISI CEKILIYOR...
[2026-01-25T03:56:49.490Z] ------------------------------------------------------------
[2026-01-25T03:56:49.490Z] 1 parca halinde cekilecek (API limiti 30 gun)
[2026-01-25T03:56:49.490Z] Parca 1/1: 2026-01-24 - 2026-01-24
[2026-01-25T03:56:50.247Z] ✅ 24 Generation kaydi eklendi
[2026-01-25T03:56:50.247Z] Toplam 24 Generation kaydi eklendi
[2026-01-25T03:56:50.247Z] ------------------------------------------------------------
[2026-01-25T03:56:50.247Z] CONSUMPTION (TUKETIM) VERISI CEKILIYOR...
[2026-01-25T03:56:50.248Z] ------------------------------------------------------------
[2026-01-25T03:56:50.980Z] ✅ 24 Consumption kaydi eklendi
[2026-01-25T03:56:50.980Z] ============================================================
[2026-01-25T03:56:50.981Z] CATCH-UP SYNC TAMAMLANDI
[2026-01-25T03:56:50.981Z] ============================================================
[2026-01-25T03:56:50.981Z] Toplam MCP kaydi: 19968
[2026-01-25T03:56:50.982Z] Toplam Generation kaydi: 19968
[2026-01-25T03:56:50.983Z] Toplam Consumption kaydi: 19968
[2026-01-25T03:56:50.983Z] ============================================================
[2026-01-25T03:56:50.983Z] 🔄 WAL checkpoint yapiliyor (degisiklikleri DB dosyasina yazma)...
[2026-01-25T03:56:50.985Z] ✅ WAL checkpoint tamamlandi
[2026-01-25T03:56:50.985Z] Catch-up sync tamamlandi
[2026-01-26T03:59:41.065Z] ============================================================
[2026-01-26T03:59:41.066Z] CATCH-UP SYNC - Eksik Gun Doldurma
[2026-01-26T03:59:41.066Z] ============================================================
[2026-01-26T03:59:41.067Z] En son veri tarihi: 2026-01-24T23:00:00+03:00
[2026-01-26T03:59:41.102Z] Kontrol araligi: 2026-01-25 - 2026-01-25 (dahil)
[2026-01-26T03:59:41.102Z] ⚠️  1 eksik gun bulundu: 2026-01-25 - 2026-01-25
[2026-01-26T03:59:41.102Z] ------------------------------------------------------------
[2026-01-26T03:59:41.103Z] MCP (FIYAT) VERISI CEKILIYOR...
[2026-01-26T03:59:41.103Z] ------------------------------------------------------------
[2026-01-26T03:59:43.330Z] ✅ 24 MCP kaydi eklendi
[2026-01-26T03:59:43.331Z] ------------------------------------------------------------
[2026-01-26T03:59:43.331Z] GENERATION (URETIM) VERISI CEKILIYOR...
[2026-01-26T03:59:43.331Z] ------------------------------------------------------------
[2026-01-26T03:59:43.331Z] 1 parca halinde cekilecek (API limiti 30 gun)
[2026-01-26T03:59:43.331Z] Parca 1/1: 2026-01-25 - 2026-01-25
[2026-01-26T03:59:43.883Z] ✅ 24 Generation kaydi eklendi
[2026-01-26T03:59:43.883Z] Toplam 24 Generation kaydi eklendi
[2026-01-26T03:59:43.883Z] ------------------------------------------------------------
[2026-01-26T03:59:43.883Z] CONSUMPTION (TUKETIM) VERISI CEKILIYOR...
[2026-01-26T03:59:43.883Z] ------------------------------------------------------------
[2026-01-26T03:59:44.310Z] ✅ 24 Consumption kaydi eklendi
[2026-01-26T03:59:44.310Z] ============================================================
[2026-01-26T03:59:44.311Z] CATCH-UP SYNC TAMAMLANDI
[2026-01-26T03:59:44.311Z] ============================================================
[2026-01-26T03:59:44.311Z] Toplam MCP kaydi: 19992
[2026-01-26T03:59:44.312Z] Toplam Generation kaydi: 19992
[2026-01-26T03:59:44.313Z] Toplam Consumption kaydi: 19992
[2026-01-26T03:59:44.313Z] ============================================================
[2026-01-26T03:59:44.313Z] 🔄 WAL checkpoint yapiliyor (degisiklikleri DB dosyasina yazma)...
[2026-01-26T03:59:44.321Z] ✅ WAL checkpoint tamamlandi
[2026-01-26T03:59:44.322Z] Catch-up sync tamamlandi
[2026-01-27T03:50:19.862Z] ============================================================
[2026-01-27T03:50:19.863Z] CATCH-UP SYNC - Eksik Gun Doldurma
[2026-01-27T03:50:19.863Z] ============================================================
[2026-01-27T03:50:19.864Z] En son veri tarihi: 2026-01-25T23:00:00+03:00
[2026-01-27T03:50:20.109Z] Kontrol araligi: 2026-01-26 - 2026-01-26 (dahil)
[2026-01-27T03:50:20.110Z] ⚠️  1 eksik gun bulundu: 2026-01-26 - 2026-01-26
[2026-01-27T03:50:20.110Z] ------------------------------------------------------------
[2026-01-27T03:50:20.110Z] MCP (FIYAT) VERISI CEKILIYOR...
[2026-01-27T03:50:20.110Z] ------------------------------------------------------------
[2026-01-27T03:50:22.278Z] ✅ 24 MCP kaydi eklendi
[2026-01-27T03:50:22.278Z] ------------------------------------------------------------
[2026-01-27T03:50:22.278Z] GENERATION (URETIM) VERISI CEKILIYOR...
[2026-01-27T03:50:22.278Z] ------------------------------------------------------------
[2026-01-27T03:50:22.278Z] 1 parca halinde cekilecek (API limiti 30 gun)
[2026-01-27T03:50:22.278Z] Parca 1/1: 2026-01-26 - 2026-01-26
[2026-01-27T03:50:23.002Z] ✅ 24 Generation kaydi eklendi
[2026-01-27T03:50:23.002Z] Toplam 24 Generation kaydi eklendi
[2026-01-27T03:50:23.002Z] ------------------------------------------------------------
[2026-01-27T03:50:23.002Z] CONSUMPTION (TUKETIM) VERISI CEKILIYOR...
[2026-01-27T03:50:23.002Z] ------------------------------------------------------------
[2026-01-27T03:50:23.420Z] ✅ 24 Consumption kaydi eklendi
[2026-01-27T03:50:23.420Z] ============================================================
[2026-01-27T03:50:23.420Z] CATCH-UP SYNC TAMAMLANDI
[2026-01-27T03:50:23.420Z] ============================================================
[2026-01-27T03:50:23.421Z] Toplam MCP kaydi: 20016
[2026-01-27T03:50:23.421Z] Toplam Generation kaydi: 20016
[2026-01-27T03:50:23.422Z] Toplam Consumption kaydi: 20016
[2026-01-27T03:50:23.422Z] ============================================================
[2026-01-27T03:50:23.422Z] 🔄 WAL checkpoint yapiliyor (degisiklikleri DB dosyasina yazma)...
[2026-01-27T03:50:23.429Z] ✅ WAL checkpoint tamamlandi
[2026-01-27T03:50:23.430Z] Catch-up sync tamamlandi
[2026-01-28T03:47:54.343Z] ============================================================
[2026-01-28T03:47:54.344Z] CATCH-UP SYNC - Eksik Gun Doldurma
[2026-01-28T03:47:54.344Z] ============================================================
[2026-01-28T03:47:54.345Z] En son veri tarihi: 2026-01-26T23:00:00+03:00
[2026-01-28T03:47:54.376Z] Kontrol araligi: 2026-01-27 - 2026-01-27 (dahil)
[2026-01-28T03:47:54.377Z] ⚠️  1 eksik gun bulundu: 2026-01-27 - 2026-01-27
[2026-01-28T03:47:54.377Z] ------------------------------------------------------------
[2026-01-28T03:47:54.377Z] MCP (FIYAT) VERISI CEKILIYOR...
[2026-01-28T03:47:54.377Z] ------------------------------------------------------------
[2026-01-28T03:47:56.632Z] ✅ 24 MCP kaydi eklendi
[2026-01-28T03:47:56.632Z] ------------------------------------------------------------
[2026-01-28T03:47:56.633Z] GENERATION (URETIM) VERISI CEKILIYOR...
[2026-01-28T03:47:56.633Z] ------------------------------------------------------------
[2026-01-28T03:47:56.633Z] 1 parca halinde cekilecek (API limiti 30 gun)
[2026-01-28T03:47:56.633Z] Parca 1/1: 2026-01-27 - 2026-01-27
[2026-01-28T03:47:57.101Z] ✅ 24 Generation kaydi eklendi
[2026-01-28T03:47:57.101Z] Toplam 24 Generation kaydi eklendi
[2026-01-28T03:47:57.101Z] ------------------------------------------------------------
[2026-01-28T03:47:57.101Z] CONSUMPTION (TUKETIM) VERISI CEKILIYOR...
[2026-01-28T03:47:57.102Z] ------------------------------------------------------------
[2026-01-28T03:47:57.550Z] ✅ 24 Consumption kaydi eklendi
[2026-01-28T03:47:57.551Z] ============================================================
[2026-01-28T03:47:57.551Z] CATCH-UP SYNC TAMAMLANDI
[2026-01-28T03:47:57.551Z] ============================================================
[2026-01-28T03:47:57.551Z] Toplam MCP kaydi: 20040
[2026-01-28T03:47:57.552Z] Toplam Generation kaydi: 20040
[2026-01-28T03:47:57.553Z] Toplam Consumption kaydi: 20040
[2026-01-28T03:47:57.553Z] ============================================================
[2026-01-28T03:47:57.553Z] 🔄 WAL checkpoint yapiliyor (degisiklikleri DB dosyasina yazma)...
[2026-01-28T03:47:57.560Z] ✅ WAL checkpoint tamamlandi
[2026-01-28T03:47:57.560Z] Catch-up sync tamamlandi
[2026-01-29T04:09:31.650Z] ============================================================
[2026-01-29T04:09:31.651Z] CATCH-UP SYNC - Eksik Gun Doldurma
[2026-01-29T04:09:31.651Z] ============================================================
[2026-01-29T04:09:31.652Z] En son veri tarihi: 2026-01-27T23:00:00+03:00
[2026-01-29T04:09:31.879Z] Kontrol araligi: 2026-01-28 - 2026-01-28 (dahil)
[2026-01-29T04:09:31.880Z] ⚠️  1 eksik gun bulundu: 2026-01-28 - 2026-01-28
[2026-01-29T04:09:31.880Z] ------------------------------------------------------------
[2026-01-29T04:09:31.880Z] MCP (FIYAT) VERISI CEKILIYOR...
[2026-01-29T04:09:31.880Z] ------------------------------------------------------------
[2026-01-29T04:09:34.692Z] ✅ 24 MCP kaydi eklendi
[2026-01-29T04:09:34.692Z] ------------------------------------------------------------
[2026-01-29T04:09:34.692Z] GENERATION (URETIM) VERISI CEKILIYOR...
[2026-01-29T04:09:34.692Z] ------------------------------------------------------------
[2026-01-29T04:09:34.692Z] 1 parca halinde cekilecek (API limiti 30 gun)
[2026-01-29T04:09:34.693Z] Parca 1/1: 2026-01-28 - 2026-01-28
[2026-01-29T04:09:35.189Z] ✅ 24 Generation kaydi eklendi
[2026-01-29T04:09:35.189Z] Toplam 24 Generation kaydi eklendi
[2026-01-29T04:09:35.190Z] ------------------------------------------------------------
[2026-01-29T04:09:35.190Z] CONSUMPTION (TUKETIM) VERISI CEKILIYOR...
[2026-01-29T04:09:35.190Z] ------------------------------------------------------------
[2026-01-29T04:09:35.668Z] ✅ 24 Consumption kaydi eklendi
[2026-01-29T04:09:35.668Z] ============================================================
[2026-01-29T04:09:35.668Z] CATCH-UP SYNC TAMAMLANDI
[2026-01-29T04:09:35.668Z] ============================================================
[2026-01-29T04:09:35.668Z] Toplam MCP kaydi: 20064
[2026-01-29T04:09:35.669Z] Toplam Generation kaydi: 20064
[2026-01-29T04:09:35.670Z] Toplam Consumption kaydi: 20064
[2026-01-29T04:09:35.670Z] ============================================================
[2026-01-29T04:09:35.670Z] 🔄 WAL checkpoint yapiliyor (degisiklikleri DB dosyasina yazma)...
[2026-01-29T04:09:35.675Z] ✅ WAL checkpoint tamamlandi
[2026-01-29T04:09:35.675Z] Catch-up sync tamamlandi
[2026-01-29T15:33:15.373Z] ============================================================
[2026-01-29T15:33:15.374Z] CATCH-UP SYNC - Eksik Gun Doldurma
[2026-01-29T15:33:15.375Z] ============================================================
[2026-01-29T15:33:15.377Z] UYARI: Database bos! Tam veri toplama scripti calistirin.
[2026-01-29T15:33:15.377Z] 🔄 WAL checkpoint yapiliyor (degisiklikleri DB dosyasina yazma)...
[2026-01-29T15:33:15.380Z] ✅ WAL checkpoint tamamlandi
[2026-01-29T15:33:15.380Z] Catch-up sync tamamlandi
[2026-03-10T12:44:55.412Z] ============================================================
[2026-03-10T12:44:55.413Z] CATCH-UP SYNC - Eksik Gun Doldurma
[2026-03-10T12:44:55.413Z] ============================================================
[2026-03-10T12:44:55.413Z] En son veri tarihi: 2026-02-08T23:00:00+03:00
[2026-03-10T12:44:55.543Z] Kontrol araligi: 2026-02-09 - 2026-03-09 (dahil)
[2026-03-10T12:44:55.544Z] ⚠️  29 eksik gun bulundu: 2026-02-09 - 2026-03-09
[2026-03-10T12:44:55.544Z] ------------------------------------------------------------
[2026-03-10T12:44:55.544Z] MCP (FIYAT) VERISI CEKILIYOR...
[2026-03-10T12:44:55.544Z] ------------------------------------------------------------
[2026-03-10T12:44:58.198Z] ✅ 696 MCP kaydi eklendi
[2026-03-10T12:44:58.199Z] ------------------------------------------------------------
[2026-03-10T12:44:58.199Z] GENERATION (URETIM) VERISI CEKILIYOR...
[2026-03-10T12:44:58.199Z] ------------------------------------------------------------
[2026-03-10T12:44:58.199Z] 1 parca halinde cekilecek (API limiti 30 gun)
[2026-03-10T12:44:58.199Z] Parca 1/1: 2026-02-09 - 2026-03-09
[2026-03-10T12:45:02.655Z] ✅ 696 Generation kaydi eklendi
[2026-03-10T12:45:02.655Z] Toplam 696 Generation kaydi eklendi
[2026-03-10T12:45:02.655Z] ------------------------------------------------------------
[2026-03-10T12:45:02.655Z] CONSUMPTION (TUKETIM) VERISI CEKILIYOR...
[2026-03-10T12:45:02.655Z] ------------------------------------------------------------
[2026-03-10T12:45:03.138Z] ✅ 696 Consumption kaydi eklendi
[2026-03-10T12:45:03.138Z] ============================================================
[2026-03-10T12:45:03.138Z] CATCH-UP SYNC TAMAMLANDI
[2026-03-10T12:45:03.138Z] ============================================================
[2026-03-10T12:45:03.139Z] Toplam MCP kaydi: 21024
[2026-03-10T12:45:03.140Z] Toplam Generation kaydi: 21024
[2026-03-10T12:45:03.141Z] Toplam Consumption kaydi: 21024
[2026-03-10T12:45:03.141Z] ============================================================
[2026-03-10T12:45:03.141Z] 🔄 WAL checkpoint yapiliyor (degisiklikleri DB dosyasina yazma)...
[2026-03-10T12:45:03.146Z] ✅ WAL checkpoint tamamlandi
[2026-03-10T12:45:03.147Z] Catch-up sync tamamlandi
[2026-03-12T04:17:13.253Z] ============================================================
[2026-03-12T04:17:13.253Z] CATCH-UP SYNC - Eksik Gun Doldurma
[2026-03-12T04:17:13.254Z] ============================================================
[2026-03-12T04:17:13.254Z] En son veri tarihi: 2026-03-09T23:00:00+03:00
[2026-03-12T04:17:13.287Z] Kontrol araligi: 2026-03-10 - 2026-03-11 (dahil)
[2026-03-12T04:17:13.288Z] ⚠️  2 eksik gun bulundu: 2026-03-10 - 2026-03-11
[2026-03-12T04:17:13.288Z] ------------------------------------------------------------
[2026-03-12T04:17:13.288Z] MCP (FIYAT) VERISI CEKILIYOR...
[2026-03-12T04:17:13.288Z] ------------------------------------------------------------
[2026-03-12T04:17:16.208Z] ✅ 48 MCP kaydi eklendi
[2026-03-12T04:17:16.208Z] ------------------------------------------------------------
[2026-03-12T04:17:16.208Z] GENERATION (URETIM) VERISI CEKILIYOR...
[2026-03-12T04:17:16.208Z] ------------------------------------------------------------
[2026-03-12T04:17:16.208Z] 1 parca halinde cekilecek (API limiti 30 gun)
[2026-03-12T04:17:16.208Z] Parca 1/1: 2026-03-10 - 2026-03-11
[2026-03-12T04:17:16.901Z] ✅ 48 Generation kaydi eklendi
[2026-03-12T04:17:16.901Z] Toplam 48 Generation kaydi eklendi
[2026-03-12T04:17:16.901Z] ------------------------------------------------------------
[2026-03-12T04:17:16.901Z] CONSUMPTION (TUKETIM) VERISI CEKILIYOR...
[2026-03-12T04:17:16.901Z] ------------------------------------------------------------
[2026-03-12T04:17:17.393Z] ✅ 48 Consumption kaydi eklendi
[2026-03-12T04:17:17.393Z] ============================================================
[2026-03-12T04:17:17.393Z] CATCH-UP SYNC TAMAMLANDI
[2026-03-12T04:17:17.393Z] ============================================================
[2026-03-12T04:17:17.394Z] Toplam MCP kaydi: 21072
[2026-03-12T04:17:17.395Z] Toplam Generation kaydi: 21072
[2026-03-12T04:17:17.396Z] Toplam Consumption kaydi: 21072
[2026-03-12T04:17:17.396Z] ============================================================
[2026-03-12T04:17:17.396Z] 🔄 WAL checkpoint yapiliyor (degisiklikleri DB dosyasina yazma)...
[2026-03-12T04:17:17.404Z] ✅ WAL checkpoint tamamlandi
[2026-03-12T04:17:17.405Z] Catch-up sync tamamlandi
[2026-03-13T04:15:28.951Z] ============================================================
[2026-03-13T04:15:28.952Z] CATCH-UP SYNC - Eksik Gun Doldurma
[2026-03-13T04:15:28.952Z] ============================================================
[2026-03-13T04:15:28.952Z] En son veri tarihi: 2026-03-11T23:00:00+03:00
[2026-03-13T04:15:28.968Z] Kontrol araligi: 2026-03-12 - 2026-03-12 (dahil)
[2026-03-13T04:15:28.968Z] ⚠️  1 eksik gun bulundu: 2026-03-12 - 2026-03-12
[2026-03-13T04:15:28.968Z] ------------------------------------------------------------
[2026-03-13T04:15:28.968Z] MCP (FIYAT) VERISI CEKILIYOR...
[2026-03-13T04:15:28.968Z] ------------------------------------------------------------
[2026-03-13T04:15:31.473Z] ✅ 24 MCP kaydi eklendi
[2026-03-13T04:15:31.474Z] ------------------------------------------------------------
[2026-03-13T04:15:31.474Z] GENERATION (URETIM) VERISI CEKILIYOR...
[2026-03-13T04:15:31.474Z] ------------------------------------------------------------
[2026-03-13T04:15:31.474Z] 1 parca halinde cekilecek (API limiti 30 gun)
[2026-03-13T04:15:31.474Z] Parca 1/1: 2026-03-12 - 2026-03-12
[2026-03-13T04:15:31.968Z] ✅ 24 Generation kaydi eklendi
[2026-03-13T04:15:31.969Z] Toplam 24 Generation kaydi eklendi
[2026-03-13T04:15:31.969Z] ------------------------------------------------------------
[2026-03-13T04:15:31.969Z] CONSUMPTION (TUKETIM) VERISI CEKILIYOR...
[2026-03-13T04:15:31.969Z] ------------------------------------------------------------
[2026-03-13T04:15:32.436Z] ✅ 24 Consumption kaydi eklendi
[2026-03-13T04:15:32.436Z] ============================================================
[2026-03-13T04:15:32.436Z] CATCH-UP SYNC TAMAMLANDI
[2026-03-13T04:15:32.436Z] ============================================================
[2026-03-13T04:15:32.437Z] Toplam MCP kaydi: 21096
[2026-03-13T04:15:32.437Z] Toplam Generation kaydi: 21096
[2026-03-13T04:15:32.438Z] Toplam Consumption kaydi: 21096
[2026-03-13T04:15:32.438Z] ============================================================
[2026-03-13T04:15:32.438Z] 🔄 WAL checkpoint yapiliyor (degisiklikleri DB dosyasina yazma)...
[2026-03-13T04:15:32.440Z] ✅ WAL checkpoint tamamlandi
[2026-03-13T04:15:32.440Z] Catch-up sync tamamlandi
[2026-03-14T04:13:10.166Z] ============================================================
[2026-03-14T04:13:10.167Z] CATCH-UP SYNC - Eksik Gun Doldurma
[2026-03-14T04:13:10.167Z] ============================================================
[2026-03-14T04:13:10.168Z] En son veri tarihi: 2026-03-12T23:00:00+03:00
[2026-03-14T04:13:10.410Z] Kontrol araligi: 2026-03-13 - 2026-03-13 (dahil)
[2026-03-14T04:13:10.411Z] ⚠️  1 eksik gun bulundu: 2026-03-13 - 2026-03-13
[2026-03-14T04:13:10.411Z] ------------------------------------------------------------
[2026-03-14T04:13:10.411Z] MCP (FIYAT) VERISI CEKILIYOR...
[2026-03-14T04:13:10.411Z] ------------------------------------------------------------
[2026-03-14T04:13:13.108Z] ✅ 24 MCP kaydi eklendi
[2026-03-14T04:13:13.108Z] ------------------------------------------------------------
[2026-03-14T04:13:13.108Z] GENERATION (URETIM) VERISI CEKILIYOR...
[2026-03-14T04:13:13.109Z] ------------------------------------------------------------
[2026-03-14T04:13:13.109Z] 1 parca halinde cekilecek (API limiti 30 gun)
[2026-03-14T04:13:13.109Z] Parca 1/1: 2026-03-13 - 2026-03-13
[2026-03-14T04:13:13.751Z] ✅ 24 Generation kaydi eklendi
[2026-03-14T04:13:13.751Z] Toplam 24 Generation kaydi eklendi
[2026-03-14T04:13:13.751Z] ------------------------------------------------------------
[2026-03-14T04:13:13.751Z] CONSUMPTION (TUKETIM) VERISI CEKILIYOR...
[2026-03-14T04:13:13.751Z] ------------------------------------------------------------
[2026-03-14T04:13:14.255Z] ✅ 24 Consumption kaydi eklendi
[2026-03-14T04:13:14.255Z] ============================================================
[2026-03-14T04:13:14.255Z] CATCH-UP SYNC TAMAMLANDI
[2026-03-14T04:13:14.255Z] ============================================================
[2026-03-14T04:13:14.256Z] Toplam MCP kaydi: 21120
[2026-03-14T04:13:14.256Z] Toplam Generation kaydi: 21120
[2026-03-14T04:13:14.257Z] Toplam Consumption kaydi: 21120
[2026-03-14T04:13:14.257Z] ============================================================
[2026-03-14T04:13:14.257Z] 🔄 WAL checkpoint yapiliyor (degisiklikleri DB dosyasina yazma)...
[2026-03-14T04:13:14.266Z] ✅ WAL checkpoint tamamlandi
[2026-03-14T04:13:14.267Z] Catch-up sync tamamlandi
[2026-03-15T04:34:58.651Z] ============================================================
[2026-03-15T04:34:58.651Z] CATCH-UP SYNC - Eksik Gun Doldurma
[2026-03-15T04:34:58.651Z] ============================================================
[2026-03-15T04:34:58.652Z] En son veri tarihi: 2026-03-13T23:00:00+03:00
[2026-03-15T04:34:58.917Z] Kontrol araligi: 2026-03-14 - 2026-03-14 (dahil)
[2026-03-15T04:34:58.918Z] ⚠️  1 eksik gun bulundu: 2026-03-14 - 2026-03-14
[2026-03-15T04:34:58.918Z] ------------------------------------------------------------
[2026-03-15T04:34:58.918Z] MCP (FIYAT) VERISI CEKILIYOR...
[2026-03-15T04:34:58.918Z] ------------------------------------------------------------
[2026-03-15T04:35:01.387Z] ✅ 24 MCP kaydi eklendi
[2026-03-15T04:35:01.388Z] ------------------------------------------------------------
[2026-03-15T04:35:01.388Z] GENERATION (URETIM) VERISI CEKILIYOR...
[2026-03-15T04:35:01.388Z] ------------------------------------------------------------
[2026-03-15T04:35:01.388Z] 1 parca halinde cekilecek (API limiti 30 gun)
[2026-03-15T04:35:01.388Z] Parca 1/1: 2026-03-14 - 2026-03-14
[2026-03-15T04:35:02.039Z] ✅ 24 Generation kaydi eklendi
[2026-03-15T04:35:02.039Z] Toplam 24 Generation kaydi eklendi
[2026-03-15T04:35:02.039Z] ------------------------------------------------------------
[2026-03-15T04:35:02.039Z] CONSUMPTION (TUKETIM) VERISI CEKILIYOR...
[2026-03-15T04:35:02.039Z] ------------------------------------------------------------
[2026-03-15T04:35:02.526Z] ✅ 24 Consumption kaydi eklendi
[2026-03-15T04:35:02.526Z] ============================================================
[2026-03-15T04:35:02.526Z] CATCH-UP SYNC TAMAMLANDI
[2026-03-15T04:35:02.527Z] ============================================================
[2026-03-15T04:35:02.527Z] Toplam MCP kaydi: 21144
[2026-03-15T04:35:02.528Z] Toplam Generation kaydi: 21144
[2026-03-15T04:35:02.528Z] Toplam Consumption kaydi: 21144
[2026-03-15T04:35:02.529Z] ============================================================
[2026-03-15T04:35:02.529Z] 🔄 WAL checkpoint yapiliyor (degisiklikleri DB dosyasina yazma)...
[2026-03-15T04:35:02.535Z] ✅ WAL checkpoint tamamlandi
[2026-03-15T04:35:02.536Z] Catch-up sync tamamlandi
[2026-03-16T04:43:08.814Z] ============================================================
[2026-03-16T04:43:08.814Z] CATCH-UP SYNC - Eksik Gun Doldurma
[2026-03-16T04:43:08.814Z] ============================================================
[2026-03-16T04:43:08.815Z] En son veri tarihi: 2026-03-14T23:00:00+03:00
[2026-03-16T04:43:08.938Z] Kontrol araligi: 2026-03-15 - 2026-03-15 (dahil)
[2026-03-16T04:43:08.938Z] ⚠️  1 eksik gun bulundu: 2026-03-15 - 2026-03-15
[2026-03-16T04:43:08.938Z] ------------------------------------------------------------
[2026-03-16T04:43:08.939Z] MCP (FIYAT) VERISI CEKILIYOR...
[2026-03-16T04:43:08.939Z] ------------------------------------------------------------
[2026-03-16T04:43:12.181Z] ✅ 24 MCP kaydi eklendi
[2026-03-16T04:43:12.181Z] ------------------------------------------------------------
[2026-03-16T04:43:12.182Z] GENERATION (URETIM) VERISI CEKILIYOR...
[2026-03-16T04:43:12.182Z] ------------------------------------------------------------
[2026-03-16T04:43:12.182Z] 1 parca halinde cekilecek (API limiti 30 gun)
[2026-03-16T04:43:12.182Z] Parca 1/1: 2026-03-15 - 2026-03-15
[2026-03-16T04:43:12.860Z] ✅ 24 Generation kaydi eklendi
[2026-03-16T04:43:12.860Z] Toplam 24 Generation kaydi eklendi
[2026-03-16T04:43:12.861Z] ------------------------------------------------------------
[2026-03-16T04:43:12.861Z] CONSUMPTION (TUKETIM) VERISI CEKILIYOR...
[2026-03-16T04:43:12.861Z] ------------------------------------------------------------
[2026-03-16T04:43:13.400Z] ✅ 24 Consumption kaydi eklendi
[2026-03-16T04:43:13.400Z] ============================================================
[2026-03-16T04:43:13.400Z] CATCH-UP SYNC TAMAMLANDI
[2026-03-16T04:43:13.400Z] ============================================================
[2026-03-16T04:43:13.401Z] Toplam MCP kaydi: 21168
[2026-03-16T04:43:13.401Z] Toplam Generation kaydi: 21168
[2026-03-16T04:43:13.402Z] Toplam Consumption kaydi: 21168
[2026-03-16T04:43:13.403Z] ============================================================
[2026-03-16T04:43:13.403Z] 🔄 WAL checkpoint yapiliyor (degisiklikleri DB dosyasina yazma)...
[2026-03-16T04:43:13.412Z] ✅ WAL checkpoint tamamlandi
[2026-03-16T04:43:13.412Z] Catch-up sync tamamlandi
[2026-03-17T04:21:58.027Z] ============================================================
[2026-03-17T04:21:58.028Z] CATCH-UP SYNC - Eksik Gun Doldurma
[2026-03-17T04:21:58.028Z] ============================================================
[2026-03-17T04:21:58.028Z] En son veri tarihi: 2026-03-15T23:00:00+03:00
[2026-03-17T04:21:58.288Z] Kontrol araligi: 2026-03-16 - 2026-03-16 (dahil)
[2026-03-17T04:21:58.288Z] ⚠️  1 eksik gun bulundu: 2026-03-16 - 2026-03-16
[2026-03-17T04:21:58.288Z] ------------------------------------------------------------
[2026-03-17T04:21:58.288Z] MCP (FIYAT) VERISI CEKILIYOR...
[2026-03-17T04:21:58.289Z] ------------------------------------------------------------
[2026-03-17T04:22:00.606Z] ✅ 24 MCP kaydi eklendi
[2026-03-17T04:22:00.606Z] ------------------------------------------------------------
[2026-03-17T04:22:00.606Z] GENERATION (URETIM) VERISI CEKILIYOR...
[2026-03-17T04:22:00.607Z] ------------------------------------------------------------
[2026-03-17T04:22:00.607Z] 1 parca halinde cekilecek (API limiti 30 gun)
[2026-03-17T04:22:00.607Z] Parca 1/1: 2026-03-16 - 2026-03-16
[2026-03-17T04:22:01.023Z] ✅ 24 Generation kaydi eklendi
[2026-03-17T04:22:01.023Z] Toplam 24 Generation kaydi eklendi
[2026-03-17T04:22:01.023Z] ------------------------------------------------------------
[2026-03-17T04:22:01.023Z] CONSUMPTION (TUKETIM) VERISI CEKILIYOR...
[2026-03-17T04:22:01.023Z] ------------------------------------------------------------
[2026-03-17T04:22:01.453Z] ✅ 24 Consumption kaydi eklendi
[2026-03-17T04:22:01.453Z] ============================================================
[2026-03-17T04:22:01.454Z] CATCH-UP SYNC TAMAMLANDI
[2026-03-17T04:22:01.454Z] ============================================================
[2026-03-17T04:22:01.454Z] Toplam MCP kaydi: 21192
[2026-03-17T04:22:01.455Z] Toplam Generation kaydi: 21192
[2026-03-17T04:22:01.456Z] Toplam Consumption kaydi: 21192
[2026-03-17T04:22:01.456Z] ============================================================
[2026-03-17T04:22:01.456Z] 🔄 WAL checkpoint yapiliyor (degisiklikleri DB dosyasina yazma)...
[2026-03-17T04:22:01.459Z] ✅ WAL checkpoint tamamlandi
[2026-03-17T04:22:01.460Z] Catch-up sync tamamlandi
[2026-03-18T04:27:15.621Z] ============================================================
[2026-03-18T04:27:15.621Z] CATCH-UP SYNC - Eksik Gun Doldurma
[2026-03-18T04:27:15.621Z] ============================================================
[2026-03-18T04:27:15.622Z] En son veri tarihi: 2026-03-16T23:00:00+03:00
[2026-03-18T04:27:15.868Z] Kontrol araligi: 2026-03-17 - 2026-03-17 (dahil)
[2026-03-18T04:27:15.868Z] ⚠️  1 eksik gun bulundu: 2026-03-17 - 2026-03-17
[2026-03-18T04:27:15.868Z] ------------------------------------------------------------
[2026-03-18T04:27:15.869Z] MCP (FIYAT) VERISI CEKILIYOR...
[2026-03-18T04:27:15.869Z] ------------------------------------------------------------
[2026-03-18T04:27:18.778Z] ✅ 24 MCP kaydi eklendi
[2026-03-18T04:27:18.778Z] ------------------------------------------------------------
[2026-03-18T04:27:18.778Z] GENERATION (URETIM) VERISI CEKILIYOR...
[2026-03-18T04:27:18.779Z] ------------------------------------------------------------
[2026-03-18T04:27:18.779Z] 1 parca halinde cekilecek (API limiti 30 gun)
[2026-03-18T04:27:18.779Z] Parca 1/1: 2026-03-17 - 2026-03-17
[2026-03-18T04:27:19.262Z] ✅ 24 Generation kaydi eklendi
[2026-03-18T04:27:19.262Z] Toplam 24 Generation kaydi eklendi
[2026-03-18T04:27:19.262Z] ------------------------------------------------------------
[2026-03-18T04:27:19.262Z] CONSUMPTION (TUKETIM) VERISI CEKILIYOR...
[2026-03-18T04:27:19.262Z] ------------------------------------------------------------
[2026-03-18T04:27:19.746Z] ✅ 24 Consumption kaydi eklendi
[2026-03-18T04:27:19.746Z] ============================================================
[2026-03-18T04:27:19.746Z] CATCH-UP SYNC TAMAMLANDI
[2026-03-18T04:27:19.746Z] ============================================================
[2026-03-18T04:27:19.747Z] Toplam MCP kaydi: 21216
[2026-03-18T04:27:19.748Z] Toplam Generation kaydi: 21216
[2026-03-18T04:27:19.749Z] Toplam Consumption kaydi: 21216
[2026-03-18T04:27:19.749Z] ============================================================
[2026-03-18T04:27:19.749Z] 🔄 WAL checkpoint yapiliyor (degisiklikleri DB dosyasina yazma)...
[2026-03-18T04:27:19.757Z] ✅ WAL checkpoint tamamlandi
[2026-03-18T04:27:19.758Z] Catch-up sync tamamlandi
[2026-03-19T04:25:50.094Z] ============================================================
[2026-03-19T04:25:50.095Z] CATCH-UP SYNC - Eksik Gun Doldurma
[2026-03-19T04:25:50.095Z] ============================================================
[2026-03-19T04:25:50.095Z] En son veri tarihi: 2026-03-17T23:00:00+03:00
[2026-03-19T04:25:50.130Z] Kontrol araligi: 2026-03-18 - 2026-03-18 (dahil)
[2026-03-19T04:25:50.130Z] ⚠️  1 eksik gun bulundu: 2026-03-18 - 2026-03-18
[2026-03-19T04:25:50.130Z] ------------------------------------------------------------
[2026-03-19T04:25:50.131Z] MCP (FIYAT) VERISI CEKILIYOR...
[2026-03-19T04:25:50.131Z] ------------------------------------------------------------
[2026-03-19T04:25:52.669Z] ✅ 24 MCP kaydi eklendi
[2026-03-19T04:25:52.670Z] ------------------------------------------------------------
[2026-03-19T04:25:52.670Z] GENERATION (URETIM) VERISI CEKILIYOR...
[2026-03-19T04:25:52.670Z] ------------------------------------------------------------
[2026-03-19T04:25:52.670Z] 1 parca halinde cekilecek (API limiti 30 gun)
[2026-03-19T04:25:52.670Z] Parca 1/1: 2026-03-18 - 2026-03-18
[2026-03-19T04:25:53.396Z] ✅ 24 Generation kaydi eklendi
[2026-03-19T04:25:53.396Z] Toplam 24 Generation kaydi eklendi
[2026-03-19T04:25:53.396Z] ------------------------------------------------------------
[2026-03-19T04:25:53.396Z] CONSUMPTION (TUKETIM) VERISI CEKILIYOR...
[2026-03-19T04:25:53.396Z] ------------------------------------------------------------
[2026-03-19T04:25:54.071Z] ✅ 24 Consumption kaydi eklendi
[2026-03-19T04:25:54.071Z] ============================================================
[2026-03-19T04:25:54.071Z] CATCH-UP SYNC TAMAMLANDI
[2026-03-19T04:25:54.071Z] ============================================================
[2026-03-19T04:25:54.072Z] Toplam MCP kaydi: 21240
[2026-03-19T04:25:54.073Z] Toplam Generation kaydi: 21240
[2026-03-19T04:25:54.074Z] Toplam Consumption kaydi: 21240
[2026-03-19T04:25:54.074Z] ============================================================
[2026-03-19T04:25:54.074Z] 🔄 WAL checkpoint yapiliyor (degisiklikleri DB dosyasina yazma)...
[2026-03-19T04:25:54.082Z] ✅ WAL checkpoint tamamlandi
[2026-03-19T04:25:54.082Z] Catch-up sync tamamlandi
[2026-03-20T04:17:43.504Z] ============================================================
[2026-03-20T04:17:43.505Z] CATCH-UP SYNC - Eksik Gun Doldurma
[2026-03-20T04:17:43.505Z] ============================================================
[2026-03-20T04:17:43.505Z] En son veri tarihi: 2026-03-18T23:00:00+03:00
[2026-03-20T04:17:43.776Z] Kontrol araligi: 2026-03-19 - 2026-03-19 (dahil)
[2026-03-20T04:17:43.776Z] ⚠️  1 eksik gun bulundu: 2026-03-19 - 2026-03-19
[2026-03-20T04:17:43.776Z] ------------------------------------------------------------
[2026-03-20T04:17:43.776Z] MCP (FIYAT) VERISI CEKILIYOR...
[2026-03-20T04:17:43.777Z] ------------------------------------------------------------
[2026-03-20T04:17:46.435Z] ✅ 24 MCP kaydi eklendi
[2026-03-20T04:17:46.435Z] ------------------------------------------------------------
[2026-03-20T04:17:46.435Z] GENERATION (URETIM) VERISI CEKILIYOR...
[2026-03-20T04:17:46.435Z] ------------------------------------------------------------
[2026-03-20T04:17:46.435Z] 1 parca halinde cekilecek (API limiti 30 gun)
[2026-03-20T04:17:46.435Z] Parca 1/1: 2026-03-19 - 2026-03-19
[2026-03-20T04:17:47.023Z] ✅ 24 Generation kaydi eklendi
[2026-03-20T04:17:47.024Z] Toplam 24 Generation kaydi eklendi
[2026-03-20T04:17:47.024Z] ------------------------------------------------------------
[2026-03-20T04:17:47.024Z] CONSUMPTION (TUKETIM) VERISI CEKILIYOR...
[2026-03-20T04:17:47.024Z] ------------------------------------------------------------
[2026-03-20T04:17:47.480Z] ✅ 24 Consumption kaydi eklendi
[2026-03-20T04:17:47.480Z] ============================================================
[2026-03-20T04:17:47.480Z] CATCH-UP SYNC TAMAMLANDI
[2026-03-20T04:17:47.481Z] ============================================================
[2026-03-20T04:17:47.481Z] Toplam MCP kaydi: 21264
[2026-03-20T04:17:47.482Z] Toplam Generation kaydi: 21264
[2026-03-20T04:17:47.483Z] Toplam Consumption kaydi: 21264
[2026-03-20T04:17:47.483Z] ============================================================
[2026-03-20T04:17:47.483Z] 🔄 WAL checkpoint yapiliyor (degisiklikleri DB dosyasina yazma)...
[2026-03-20T04:17:47.493Z] ✅ WAL checkpoint tamamlandi
[2026-03-20T04:17:47.493Z] Catch-up sync tamamlandi
[2026-03-21T04:07:46.175Z] ============================================================
[2026-03-21T04:07:46.176Z] CATCH-UP SYNC - Eksik Gun Doldurma
[2026-03-21T04:07:46.176Z] ============================================================
[2026-03-21T04:07:46.176Z] En son veri tarihi: 2026-03-19T23:00:00+03:00
[2026-03-21T04:07:46.210Z] Kontrol araligi: 2026-03-20 - 2026-03-20 (dahil)
[2026-03-21T04:07:46.211Z] ⚠️  1 eksik gun bulundu: 2026-03-20 - 2026-03-20
[2026-03-21T04:07:46.211Z] ------------------------------------------------------------
[2026-03-21T04:07:46.211Z] MCP (FIYAT) VERISI CEKILIYOR...
[2026-03-21T04:07:46.211Z] ------------------------------------------------------------
[2026-03-21T04:07:48.702Z] ✅ 24 MCP kaydi eklendi
[2026-03-21T04:07:48.702Z] ------------------------------------------------------------
[2026-03-21T04:07:48.702Z] GENERATION (URETIM) VERISI CEKILIYOR...
[2026-03-21T04:07:48.702Z] ------------------------------------------------------------
[2026-03-21T04:07:48.702Z] 1 parca halinde cekilecek (API limiti 30 gun)
[2026-03-21T04:07:48.702Z] Parca 1/1: 2026-03-20 - 2026-03-20
[2026-03-21T04:07:49.134Z] ✅ 24 Generation kaydi eklendi
[2026-03-21T04:07:49.134Z] Toplam 24 Generation kaydi eklendi
[2026-03-21T04:07:49.134Z] ------------------------------------------------------------
[2026-03-21T04:07:49.134Z] CONSUMPTION (TUKETIM) VERISI CEKILIYOR...
[2026-03-21T04:07:49.134Z] ------------------------------------------------------------
[2026-03-21T04:07:49.587Z] ✅ 24 Consumption kaydi eklendi
[2026-03-21T04:07:49.587Z] ============================================================
[2026-03-21T04:07:49.588Z] CATCH-UP SYNC TAMAMLANDI
[2026-03-21T04:07:49.588Z] ============================================================
[2026-03-21T04:07:49.588Z] Toplam MCP kaydi: 21288
[2026-03-21T04:07:49.589Z] Toplam Generation kaydi: 21288
[2026-03-21T04:07:49.590Z] Toplam Consumption kaydi: 21288
[2026-03-21T04:07:49.590Z] ============================================================
[2026-03-21T04:07:49.590Z] 🔄 WAL checkpoint yapiliyor (degisiklikleri DB dosyasina yazma)...
[2026-03-21T04:07:49.598Z] ✅ WAL checkpoint tamamlandi
[2026-03-21T04:07:49.599Z] Catch-up sync tamamlandi
[2026-03-23T04:31:44.974Z] ============================================================
[2026-03-23T04:31:44.974Z] CATCH-UP SYNC - Eksik Gun Doldurma
[2026-03-23T04:31:44.974Z] ============================================================
[2026-03-23T04:31:44.975Z] En son veri tarihi: 2026-03-20T23:00:00+03:00
[2026-03-23T04:31:45.009Z] Kontrol araligi: 2026-03-21 - 2026-03-22 (dahil)
[2026-03-23T04:31:45.010Z] ⚠️  2 eksik gun bulundu: 2026-03-21 - 2026-03-22
[2026-03-23T04:31:45.010Z] ------------------------------------------------------------
[2026-03-23T04:31:45.010Z] MCP (FIYAT) VERISI CEKILIYOR...
[2026-03-23T04:31:45.010Z] ------------------------------------------------------------
[2026-03-23T04:31:48.154Z] ✅ 48 MCP kaydi eklendi
[2026-03-23T04:31:48.155Z] ------------------------------------------------------------
[2026-03-23T04:31:48.155Z] GENERATION (URETIM) VERISI CEKILIYOR...
[2026-03-23T04:31:48.155Z] ------------------------------------------------------------
[2026-03-23T04:31:48.155Z] 1 parca halinde cekilecek (API limiti 30 gun)
[2026-03-23T04:31:48.155Z] Parca 1/1: 2026-03-21 - 2026-03-22
[2026-03-23T04:31:48.745Z] ✅ 48 Generation kaydi eklendi
[2026-03-23T04:31:48.745Z] Toplam 48 Generation kaydi eklendi
[2026-03-23T04:31:48.745Z] ------------------------------------------------------------
[2026-03-23T04:31:48.745Z] CONSUMPTION (TUKETIM) VERISI CEKILIYOR...
[2026-03-23T04:31:48.745Z] ------------------------------------------------------------
[2026-03-23T04:31:49.426Z] ✅ 48 Consumption kaydi eklendi
[2026-03-23T04:31:49.426Z] ============================================================
[2026-03-23T04:31:49.426Z] CATCH-UP SYNC TAMAMLANDI
[2026-03-23T04:31:49.426Z] ============================================================
[2026-03-23T04:31:49.427Z] Toplam MCP kaydi: 21336
[2026-03-23T04:31:49.428Z] Toplam Generation kaydi: 21336
[2026-03-23T04:31:49.428Z] Toplam Consumption kaydi: 21336
[2026-03-23T04:31:49.429Z] ============================================================
[2026-03-23T04:31:49.429Z] 🔄 WAL checkpoint yapiliyor (degisiklikleri DB dosyasina yazma)...
[2026-03-23T04:31:49.437Z] ✅ WAL checkpoint tamamlandi
[2026-03-23T04:31:49.438Z] Catch-up sync tamamlandi
[2026-03-24T04:22:40.937Z] ============================================================
[2026-03-24T04:22:40.938Z] CATCH-UP SYNC - Eksik Gun Doldurma
[2026-03-24T04:22:40.938Z] ============================================================
[2026-03-24T04:22:40.938Z] En son veri tarihi: 2026-03-22T23:00:00+03:00
[2026-03-24T04:22:40.971Z] Kontrol araligi: 2026-03-23 - 2026-03-23 (dahil)
[2026-03-24T04:22:40.972Z] ⚠️  1 eksik gun bulundu: 2026-03-23 - 2026-03-23
[2026-03-24T04:22:40.972Z] ------------------------------------------------------------
[2026-03-24T04:22:40.972Z] MCP (FIYAT) VERISI CEKILIYOR...
[2026-03-24T04:22:40.972Z] ------------------------------------------------------------
[2026-03-24T04:22:43.659Z] ✅ 24 MCP kaydi eklendi
[2026-03-24T04:22:43.659Z] ------------------------------------------------------------
[2026-03-24T04:22:43.659Z] GENERATION (URETIM) VERISI CEKILIYOR...
[2026-03-24T04:22:43.659Z] ------------------------------------------------------------
[2026-03-24T04:22:43.659Z] 1 parca halinde cekilecek (API limiti 30 gun)
[2026-03-24T04:22:43.659Z] Parca 1/1: 2026-03-23 - 2026-03-23
[2026-03-24T04:22:44.343Z] ✅ 24 Generation kaydi eklendi
[2026-03-24T04:22:44.343Z] Toplam 24 Generation kaydi eklendi
[2026-03-24T04:22:44.343Z] ------------------------------------------------------------
[2026-03-24T04:22:44.343Z] CONSUMPTION (TUKETIM) VERISI CEKILIYOR...
[2026-03-24T04:22:44.343Z] ------------------------------------------------------------
[2026-03-24T04:22:44.790Z] ✅ 24 Consumption kaydi eklendi
[2026-03-24T04:22:44.790Z] ============================================================
[2026-03-24T04:22:44.790Z] CATCH-UP SYNC TAMAMLANDI
[2026-03-24T04:22:44.790Z] ============================================================
[2026-03-24T04:22:44.791Z] Toplam MCP kaydi: 21360
[2026-03-24T04:22:44.792Z] Toplam Generation kaydi: 21360
[2026-03-24T04:22:44.793Z] Toplam Consumption kaydi: 21360
[2026-03-24T04:22:44.793Z] ============================================================
[2026-03-24T04:22:44.793Z] 🔄 WAL checkpoint yapiliyor (degisiklikleri DB dosyasina yazma)...
[2026-03-24T04:22:44.797Z] ✅ WAL checkpoint tamamlandi
[2026-03-24T04:22:44.798Z] Catch-up sync tamamlandi
[2026-03-25T04:24:02.208Z] ============================================================
[2026-03-25T04:24:02.208Z] CATCH-UP SYNC - Eksik Gun Doldurma
[2026-03-25T04:24:02.208Z] ============================================================
[2026-03-25T04:24:02.209Z] En son veri tarihi: 2026-03-23T23:00:00+03:00
[2026-03-25T04:24:02.455Z] Kontrol araligi: 2026-03-24 - 2026-03-24 (dahil)
[2026-03-25T04:24:02.455Z] ⚠️  1 eksik gun bulundu: 2026-03-24 - 2026-03-24
[2026-03-25T04:24:02.455Z] ------------------------------------------------------------
[2026-03-25T04:24:02.455Z] MCP (FIYAT) VERISI CEKILIYOR...
[2026-03-25T04:24:02.456Z] ------------------------------------------------------------
[2026-03-25T04:24:05.039Z] ✅ 24 MCP kaydi eklendi
[2026-03-25T04:24:05.039Z] ------------------------------------------------------------
[2026-03-25T04:24:05.039Z] GENERATION (URETIM) VERISI CEKILIYOR...
[2026-03-25T04:24:05.039Z] ------------------------------------------------------------
[2026-03-25T04:24:05.039Z] 1 parca halinde cekilecek (API limiti 30 gun)
[2026-03-25T04:24:05.039Z] Parca 1/1: 2026-03-24 - 2026-03-24
[2026-03-25T04:24:05.636Z] ✅ 24 Generation kaydi eklendi
[2026-03-25T04:24:05.636Z] Toplam 24 Generation kaydi eklendi
[2026-03-25T04:24:05.637Z] ------------------------------------------------------------
[2026-03-25T04:24:05.637Z] CONSUMPTION (TUKETIM) VERISI CEKILIYOR...
[2026-03-25T04:24:05.637Z] ------------------------------------------------------------
[2026-03-25T04:24:06.092Z] ✅ 24 Consumption kaydi eklendi
[2026-03-25T04:24:06.092Z] ============================================================
[2026-03-25T04:24:06.092Z] CATCH-UP SYNC TAMAMLANDI
[2026-03-25T04:24:06.092Z] ============================================================
[2026-03-25T04:24:06.093Z] Toplam MCP kaydi: 21384
[2026-03-25T04:24:06.094Z] Toplam Generation kaydi: 21384
[2026-03-25T04:24:06.095Z] Toplam Consumption kaydi: 21384
[2026-03-25T04:24:06.095Z] ============================================================
[2026-03-25T04:24:06.095Z] 🔄 WAL checkpoint yapiliyor (degisiklikleri DB dosyasina yazma)...
[2026-03-25T04:24:06.097Z] ✅ WAL checkpoint tamamlandi
[2026-03-25T04:24:06.097Z] Catch-up sync tamamlandi
[2026-03-26T04:35:28.381Z] ============================================================
[2026-03-26T04:35:28.381Z] CATCH-UP SYNC - Eksik Gun Doldurma
[2026-03-26T04:35:28.381Z] ============================================================
[2026-03-26T04:35:28.382Z] En son veri tarihi: 2026-03-24T23:00:00+03:00
[2026-03-26T04:35:28.398Z] Kontrol araligi: 2026-03-25 - 2026-03-25 (dahil)
[2026-03-26T04:35:28.398Z] ⚠️  1 eksik gun bulundu: 2026-03-25 - 2026-03-25
[2026-03-26T04:35:28.398Z] ------------------------------------------------------------
[2026-03-26T04:35:28.399Z] MCP (FIYAT) VERISI CEKILIYOR...
[2026-03-26T04:35:28.399Z] ------------------------------------------------------------
[2026-03-26T04:35:30.663Z] ✅ 24 MCP kaydi eklendi
[2026-03-26T04:35:30.663Z] ------------------------------------------------------------
[2026-03-26T04:35:30.663Z] GENERATION (URETIM) VERISI CEKILIYOR...
[2026-03-26T04:35:30.663Z] ------------------------------------------------------------
[2026-03-26T04:35:30.663Z] 1 parca halinde cekilecek (API limiti 30 gun)
[2026-03-26T04:35:30.663Z] Parca 1/1: 2026-03-25 - 2026-03-25
[2026-03-26T04:35:31.138Z] ✅ 24 Generation kaydi eklendi
[2026-03-26T04:35:31.138Z] Toplam 24 Generation kaydi eklendi
[2026-03-26T04:35:31.138Z] ------------------------------------------------------------
[2026-03-26T04:35:31.139Z] CONSUMPTION (TUKETIM) VERISI CEKILIYOR...
[2026-03-26T04:35:31.139Z] ------------------------------------------------------------
[2026-03-26T04:35:31.727Z] ✅ 24 Consumption kaydi eklendi
[2026-03-26T04:35:31.727Z] ============================================================
[2026-03-26T04:35:31.727Z] CATCH-UP SYNC TAMAMLANDI
[2026-03-26T04:35:31.727Z] ============================================================
[2026-03-26T04:35:31.727Z] Toplam MCP kaydi: 21408
[2026-03-26T04:35:31.728Z] Toplam Generation kaydi: 21408
[2026-03-26T04:35:31.729Z] Toplam Consumption kaydi: 21408
[2026-03-26T04:35:31.729Z] ============================================================
[2026-03-26T04:35:31.729Z] 🔄 WAL checkpoint yapiliyor (degisiklikleri DB dosyasina yazma)...
[2026-03-26T04:35:31.736Z] ✅ WAL checkpoint tamamlandi
[2026-03-26T04:35:31.736Z] Catch-up sync tamamlandi
[2026-03-27T04:36:22.105Z] ============================================================
[2026-03-27T04:36:22.105Z] CATCH-UP SYNC - Eksik Gun Doldurma
[2026-03-27T04:36:22.105Z] ============================================================
[2026-03-27T04:36:22.106Z] En son veri tarihi: 2026-03-25T23:00:00+03:00
[2026-03-27T04:36:22.144Z] Kontrol araligi: 2026-03-26 - 2026-03-26 (dahil)
[2026-03-27T04:36:22.145Z] ⚠️  1 eksik gun bulundu: 2026-03-26 - 2026-03-26
[2026-03-27T04:36:22.145Z] ------------------------------------------------------------
[2026-03-27T04:36:22.145Z] MCP (FIYAT) VERISI CEKILIYOR...
[2026-03-27T04:36:22.145Z] ------------------------------------------------------------
[2026-03-27T04:36:24.995Z] ✅ 24 MCP kaydi eklendi
[2026-03-27T04:36:24.995Z] ------------------------------------------------------------
[2026-03-27T04:36:24.995Z] GENERATION (URETIM) VERISI CEKILIYOR...
[2026-03-27T04:36:24.995Z] ------------------------------------------------------------
[2026-03-27T04:36:24.996Z] 1 parca halinde cekilecek (API limiti 30 gun)
[2026-03-27T04:36:24.996Z] Parca 1/1: 2026-03-26 - 2026-03-26
[2026-03-27T04:36:25.488Z] ✅ 24 Generation kaydi eklendi
[2026-03-27T04:36:25.488Z] Toplam 24 Generation kaydi eklendi
[2026-03-27T04:36:25.488Z] ------------------------------------------------------------
[2026-03-27T04:36:25.488Z] CONSUMPTION (TUKETIM) VERISI CEKILIYOR...
[2026-03-27T04:36:25.488Z] ------------------------------------------------------------
[2026-03-27T04:36:26.047Z] ✅ 24 Consumption kaydi eklendi
[2026-03-27T04:36:26.047Z] ============================================================
[2026-03-27T04:36:26.047Z] CATCH-UP SYNC TAMAMLANDI
[2026-03-27T04:36:26.047Z] ============================================================
[2026-03-27T04:36:26.047Z] Toplam MCP kaydi: 21432
[2026-03-27T04:36:26.048Z] Toplam Generation kaydi: 21432
[2026-03-27T04:36:26.049Z] Toplam Consumption kaydi: 21432
[2026-03-27T04:36:26.049Z] ============================================================
[2026-03-27T04:36:26.050Z] 🔄 WAL checkpoint yapiliyor (degisiklikleri DB dosyasina yazma)...
[2026-03-27T04:36:26.060Z] ✅ WAL checkpoint tamamlandi
[2026-03-27T04:36:26.061Z] Catch-up sync tamamlandi
[2026-03-28T04:24:05.069Z] ============================================================
[2026-03-28T04:24:05.070Z] CATCH-UP SYNC - Eksik Gun Doldurma
[2026-03-28T04:24:05.070Z] ============================================================
[2026-03-28T04:24:05.070Z] En son veri tarihi: 2026-03-26T23:00:00+03:00
[2026-03-28T04:24:05.194Z] Kontrol araligi: 2026-03-27 - 2026-03-27 (dahil)
[2026-03-28T04:24:05.194Z] ⚠️  1 eksik gun bulundu: 2026-03-27 - 2026-03-27
[2026-03-28T04:24:05.194Z] ------------------------------------------------------------
[2026-03-28T04:24:05.195Z] MCP (FIYAT) VERISI CEKILIYOR...
[2026-03-28T04:24:05.195Z] ------------------------------------------------------------
[2026-03-28T04:24:08.424Z] ✅ 24 MCP kaydi eklendi
[2026-03-28T04:24:08.424Z] ------------------------------------------------------------
[2026-03-28T04:24:08.425Z] GENERATION (URETIM) VERISI CEKILIYOR...
[2026-03-28T04:24:08.425Z] ------------------------------------------------------------
[2026-03-28T04:24:08.425Z] 1 parca halinde cekilecek (API limiti 30 gun)
[2026-03-28T04:24:08.425Z] Parca 1/1: 2026-03-27 - 2026-03-27
[2026-03-28T04:24:09.094Z] ✅ 24 Generation kaydi eklendi
[2026-03-28T04:24:09.095Z] Toplam 24 Generation kaydi eklendi
[2026-03-28T04:24:09.095Z] ------------------------------------------------------------
[2026-03-28T04:24:09.095Z] CONSUMPTION (TUKETIM) VERISI CEKILIYOR...
[2026-03-28T04:24:09.095Z] ------------------------------------------------------------
[2026-03-28T04:24:09.662Z] ✅ 24 Consumption kaydi eklendi
[2026-03-28T04:24:09.662Z] ============================================================
[2026-03-28T04:24:09.662Z] CATCH-UP SYNC TAMAMLANDI
[2026-03-28T04:24:09.662Z] ============================================================
[2026-03-28T04:24:09.663Z] Toplam MCP kaydi: 21456
[2026-03-28T04:24:09.664Z] Toplam Generation kaydi: 21456
[2026-03-28T04:24:09.665Z] Toplam Consumption kaydi: 21456
[2026-03-28T04:24:09.665Z] ============================================================
[2026-03-28T04:24:09.665Z] 🔄 WAL checkpoint yapiliyor (degisiklikleri DB dosyasina yazma)...
[2026-03-28T04:24:09.667Z] ✅ WAL checkpoint tamamlandi
[2026-03-28T04:24:09.667Z] Catch-up sync tamamlandi
[2026-03-29T04:41:38.806Z] ============================================================
[2026-03-29T04:41:38.807Z] CATCH-UP SYNC - Eksik Gun Doldurma
[2026-03-29T04:41:38.807Z] ============================================================
[2026-03-29T04:41:38.807Z] En son veri tarihi: 2026-03-27T23:00:00+03:00
[2026-03-29T04:41:38.870Z] Kontrol araligi: 2026-03-28 - 2026-03-28 (dahil)
[2026-03-29T04:41:38.871Z] ⚠️  1 eksik gun bulundu: 2026-03-28 - 2026-03-28
[2026-03-29T04:41:38.871Z] ------------------------------------------------------------
[2026-03-29T04:41:38.871Z] MCP (FIYAT) VERISI CEKILIYOR...
[2026-03-29T04:41:38.871Z] ------------------------------------------------------------
[2026-03-29T04:41:41.526Z] ✅ 24 MCP kaydi eklendi
[2026-03-29T04:41:41.526Z] ------------------------------------------------------------
[2026-03-29T04:41:41.526Z] GENERATION (URETIM) VERISI CEKILIYOR...
[2026-03-29T04:41:41.526Z] ------------------------------------------------------------
[2026-03-29T04:41:41.527Z] 1 parca halinde cekilecek (API limiti 30 gun)
[2026-03-29T04:41:41.527Z] Parca 1/1: 2026-03-28 - 2026-03-28
[2026-03-29T04:41:42.033Z] ✅ 24 Generation kaydi eklendi
[2026-03-29T04:41:42.033Z] Toplam 24 Generation kaydi eklendi
[2026-03-29T04:41:42.033Z] ------------------------------------------------------------
[2026-03-29T04:41:42.033Z] CONSUMPTION (TUKETIM) VERISI CEKILIYOR...
[2026-03-29T04:41:42.033Z] ------------------------------------------------------------
[2026-03-29T04:41:42.507Z] ✅ 24 Consumption kaydi eklendi
[2026-03-29T04:41:42.508Z] ============================================================
[2026-03-29T04:41:42.508Z] CATCH-UP SYNC TAMAMLANDI
[2026-03-29T04:41:42.508Z] ============================================================
[2026-03-29T04:41:42.508Z] Toplam MCP kaydi: 21480
[2026-03-29T04:41:42.510Z] Toplam Generation kaydi: 21480
[2026-03-29T04:41:42.511Z] Toplam Consumption kaydi: 21480
[2026-03-29T04:41:42.511Z] ============================================================
[2026-03-29T04:41:42.511Z] 🔄 WAL checkpoint yapiliyor (degisiklikleri DB dosyasina yazma)...
[2026-03-29T04:41:42.518Z] ✅ WAL checkpoint tamamlandi
[2026-03-29T04:41:42.519Z] Catch-up sync tamamlandi
[2026-03-30T04:48:10.766Z] ============================================================
[2026-03-30T04:48:10.766Z] CATCH-UP SYNC - Eksik Gun Doldurma
[2026-03-30T04:48:10.766Z] ============================================================
[2026-03-30T04:48:10.767Z] En son veri tarihi: 2026-03-28T23:00:00+03:00
[2026-03-30T04:48:10.870Z] Kontrol araligi: 2026-03-29 - 2026-03-29 (dahil)
[2026-03-30T04:48:10.871Z] ⚠️  1 eksik gun bulundu: 2026-03-29 - 2026-03-29
[2026-03-30T04:48:10.871Z] ------------------------------------------------------------
[2026-03-30T04:48:10.871Z] MCP (FIYAT) VERISI CEKILIYOR...
[2026-03-30T04:48:10.871Z] ------------------------------------------------------------
[2026-03-30T04:48:12.996Z] ✅ 24 MCP kaydi eklendi
[2026-03-30T04:48:12.996Z] ------------------------------------------------------------
[2026-03-30T04:48:12.996Z] GENERATION (URETIM) VERISI CEKILIYOR...
[2026-03-30T04:48:12.996Z] ------------------------------------------------------------
[2026-03-30T04:48:12.997Z] 1 parca halinde cekilecek (API limiti 30 gun)
[2026-03-30T04:48:12.997Z] Parca 1/1: 2026-03-29 - 2026-03-29
[2026-03-30T04:48:13.434Z] ✅ 24 Generation kaydi eklendi
[2026-03-30T04:48:13.434Z] Toplam 24 Generation kaydi eklendi
[2026-03-30T04:48:13.434Z] ------------------------------------------------------------
[2026-03-30T04:48:13.434Z] CONSUMPTION (TUKETIM) VERISI CEKILIYOR...
[2026-03-30T04:48:13.434Z] ------------------------------------------------------------
[2026-03-30T04:48:13.904Z] ✅ 24 Consumption kaydi eklendi
[2026-03-30T04:48:13.904Z] ============================================================
[2026-03-30T04:48:13.904Z] CATCH-UP SYNC TAMAMLANDI
[2026-03-30T04:48:13.904Z] ============================================================
[2026-03-30T04:48:13.905Z] Toplam MCP kaydi: 21504
[2026-03-30T04:48:13.906Z] Toplam Generation kaydi: 21504
[2026-03-30T04:48:13.906Z] Toplam Consumption kaydi: 21504
[2026-03-30T04:48:13.906Z] ============================================================
[2026-03-30T04:48:13.907Z] 🔄 WAL checkpoint yapiliyor (degisiklikleri DB dosyasina yazma)...
[2026-03-30T04:48:14.003Z] ✅ WAL checkpoint tamamlandi
[2026-03-30T04:48:14.003Z] Catch-up sync tamamlandi
[2026-03-31T04:38:29.032Z] ============================================================
[2026-03-31T04:38:29.032Z] CATCH-UP SYNC - Eksik Gun Doldurma
[2026-03-31T04:38:29.032Z] ============================================================
[2026-03-31T04:38:29.033Z] En son veri tarihi: 2026-03-29T23:00:00+03:00
[2026-03-31T04:38:29.053Z] Kontrol araligi: 2026-03-30 - 2026-03-30 (dahil)
[2026-03-31T04:38:29.054Z] ⚠️  1 eksik gun bulundu: 2026-03-30 - 2026-03-30
[2026-03-31T04:38:29.054Z] ------------------------------------------------------------
[2026-03-31T04:38:29.054Z] MCP (FIYAT) VERISI CEKILIYOR...
[2026-03-31T04:38:29.054Z] ------------------------------------------------------------
[2026-03-31T04:38:31.903Z] ✅ 24 MCP kaydi eklendi
[2026-03-31T04:38:31.903Z] ------------------------------------------------------------
[2026-03-31T04:38:31.903Z] GENERATION (URETIM) VERISI CEKILIYOR...
[2026-03-31T04:38:31.904Z] ------------------------------------------------------------
[2026-03-31T04:38:31.904Z] 1 parca halinde cekilecek (API limiti 30 gun)
[2026-03-31T04:38:31.904Z] Parca 1/1: 2026-03-30 - 2026-03-30
[2026-03-31T04:38:32.538Z] ✅ 24 Generation kaydi eklendi
[2026-03-31T04:38:32.538Z] Toplam 24 Generation kaydi eklendi
[2026-03-31T04:38:32.538Z] ------------------------------------------------------------
[2026-03-31T04:38:32.538Z] CONSUMPTION (TUKETIM) VERISI CEKILIYOR...
[2026-03-31T04:38:32.538Z] ------------------------------------------------------------
[2026-03-31T04:38:32.970Z] ✅ 24 Consumption kaydi eklendi
[2026-03-31T04:38:32.970Z] ============================================================
[2026-03-31T04:38:32.970Z] CATCH-UP SYNC TAMAMLANDI
[2026-03-31T04:38:32.970Z] ============================================================
[2026-03-31T04:38:32.971Z] Toplam MCP kaydi: 21528
[2026-03-31T04:38:32.971Z] Toplam Generation kaydi: 21528
[2026-03-31T04:38:32.972Z] Toplam Consumption kaydi: 21528
[2026-03-31T04:38:32.972Z] ============================================================
[2026-03-31T04:38:32.972Z] 🔄 WAL checkpoint yapiliyor (degisiklikleri DB dosyasina yazma)...
[2026-03-31T04:38:32.979Z] ✅ WAL checkpoint tamamlandi
[2026-03-31T04:38:32.979Z] Catch-up sync tamamlandi
[2026-04-01T04:49:37.615Z] ============================================================
[2026-04-01T04:49:37.615Z] CATCH-UP SYNC - Eksik Gun Doldurma
[2026-04-01T04:49:37.615Z] ============================================================
[2026-04-01T04:49:37.616Z] En son veri tarihi: 2026-03-30T23:00:00+03:00
[2026-04-01T04:49:37.636Z] Kontrol araligi: 2026-03-31 - 2026-03-31 (dahil)
[2026-04-01T04:49:37.637Z] ⚠️  1 eksik gun bulundu: 2026-03-31 - 2026-03-31
[2026-04-01T04:49:37.637Z] ------------------------------------------------------------
[2026-04-01T04:49:37.637Z] MCP (FIYAT) VERISI CEKILIYOR...
[2026-04-01T04:49:37.637Z] ------------------------------------------------------------
[2026-04-01T04:49:41.446Z] ✅ 24 MCP kaydi eklendi
[2026-04-01T04:49:41.446Z] ------------------------------------------------------------
[2026-04-01T04:49:41.446Z] GENERATION (URETIM) VERISI CEKILIYOR...
[2026-04-01T04:49:41.447Z] ------------------------------------------------------------
[2026-04-01T04:49:41.447Z] 1 parca halinde cekilecek (API limiti 30 gun)
[2026-04-01T04:49:41.447Z] Parca 1/1: 2026-03-31 - 2026-03-31
[2026-04-01T04:49:41.981Z] ✅ 24 Generation kaydi eklendi
[2026-04-01T04:49:41.981Z] Toplam 24 Generation kaydi eklendi
[2026-04-01T04:49:41.981Z] ------------------------------------------------------------
[2026-04-01T04:49:41.981Z] CONSUMPTION (TUKETIM) VERISI CEKILIYOR...
[2026-04-01T04:49:41.981Z] ------------------------------------------------------------
[2026-04-01T04:49:42.537Z] ✅ 24 Consumption kaydi eklendi
[2026-04-01T04:49:42.537Z] ============================================================
[2026-04-01T04:49:42.537Z] CATCH-UP SYNC TAMAMLANDI
[2026-04-01T04:49:42.537Z] ============================================================
[2026-04-01T04:49:42.538Z] Toplam MCP kaydi: 21552
[2026-04-01T04:49:42.539Z] Toplam Generation kaydi: 21552
[2026-04-01T04:49:42.540Z] Toplam Consumption kaydi: 21552
[2026-04-01T04:49:42.540Z] ============================================================
[2026-04-01T04:49:42.540Z] 🔄 WAL checkpoint yapiliyor (degisiklikleri DB dosyasina yazma)...
[2026-04-01T04:49:42.550Z] ✅ WAL checkpoint tamamlandi
[2026-04-01T04:49:42.551Z] Catch-up sync tamamlandi
[2026-04-02T04:32:47.835Z] ============================================================
[2026-04-02T04:32:47.835Z] CATCH-UP SYNC - Eksik Gun Doldurma
[2026-04-02T04:32:47.835Z] ============================================================
[2026-04-02T04:32:47.836Z] En son veri tarihi: 2026-03-31T23:00:00+03:00
[2026-04-02T04:32:47.848Z] Kontrol araligi: 2026-04-01 - 2026-04-01 (dahil)
[2026-04-02T04:32:47.849Z] ⚠️  1 eksik gun bulundu: 2026-04-01 - 2026-04-01
[2026-04-02T04:32:47.849Z] ------------------------------------------------------------
[2026-04-02T04:32:47.849Z] MCP (FIYAT) VERISI CEKILIYOR...
[2026-04-02T04:32:47.849Z] ------------------------------------------------------------
[2026-04-02T04:32:51.846Z] ✅ 24 MCP kaydi eklendi
[2026-04-02T04:32:51.846Z] ------------------------------------------------------------
[2026-04-02T04:32:51.846Z] GENERATION (URETIM) VERISI CEKILIYOR...
[2026-04-02T04:32:51.846Z] ------------------------------------------------------------
[2026-04-02T04:32:51.846Z] 1 parca halinde cekilecek (API limiti 30 gun)
[2026-04-02T04:32:51.846Z] Parca 1/1: 2026-04-01 - 2026-04-01
[2026-04-02T04:32:52.347Z] ✅ 24 Generation kaydi eklendi
[2026-04-02T04:32:52.347Z] Toplam 24 Generation kaydi eklendi
[2026-04-02T04:32:52.347Z] ------------------------------------------------------------
[2026-04-02T04:32:52.347Z] CONSUMPTION (TUKETIM) VERISI CEKILIYOR...
[2026-04-02T04:32:52.348Z] ------------------------------------------------------------
[2026-04-02T04:32:52.868Z] ✅ 24 Consumption kaydi eklendi
[2026-04-02T04:32:52.868Z] ============================================================
[2026-04-02T04:32:52.868Z] CATCH-UP SYNC TAMAMLANDI
[2026-04-02T04:32:52.868Z] ============================================================
[2026-04-02T04:32:52.869Z] Toplam MCP kaydi: 21576
[2026-04-02T04:32:52.869Z] Toplam Generation kaydi: 21576
[2026-04-02T04:32:52.870Z] Toplam Consumption kaydi: 21576
[2026-04-02T04:32:52.870Z] ============================================================
[2026-04-02T04:32:52.870Z] 🔄 WAL checkpoint yapiliyor (degisiklikleri DB dosyasina yazma)...
[2026-04-02T04:32:52.873Z] ✅ WAL checkpoint tamamlandi
[2026-04-02T04:32:52.874Z] Catch-up sync tamamlandi
[2026-04-04T04:21:34.693Z] ============================================================
[2026-04-04T04:21:34.693Z] CATCH-UP SYNC - Eksik Gun Doldurma
[2026-04-04T04:21:34.693Z] ============================================================
[2026-04-04T04:21:34.694Z] En son veri tarihi: 2026-04-01T23:00:00+03:00
[2026-04-04T04:21:34.786Z] Kontrol araligi: 2026-04-02 - 2026-04-03 (dahil)
[2026-04-04T04:21:34.787Z] ⚠️  2 eksik gun bulundu: 2026-04-02 - 2026-04-03
[2026-04-04T04:21:34.787Z] ------------------------------------------------------------
[2026-04-04T04:21:34.787Z] MCP (FIYAT) VERISI CEKILIYOR...
[2026-04-04T04:21:34.787Z] ------------------------------------------------------------
[2026-04-04T04:21:38.105Z] ✅ 48 MCP kaydi eklendi
[2026-04-04T04:21:38.105Z] ------------------------------------------------------------
[2026-04-04T04:21:38.105Z] GENERATION (URETIM) VERISI CEKILIYOR...
[2026-04-04T04:21:38.105Z] ------------------------------------------------------------
[2026-04-04T04:21:38.105Z] 1 parca halinde cekilecek (API limiti 30 gun)
[2026-04-04T04:21:38.105Z] Parca 1/1: 2026-04-02 - 2026-04-03
[2026-04-04T04:21:38.746Z] ✅ 48 Generation kaydi eklendi
[2026-04-04T04:21:38.747Z] Toplam 48 Generation kaydi eklendi
[2026-04-04T04:21:38.747Z] ------------------------------------------------------------
[2026-04-04T04:21:38.747Z] CONSUMPTION (TUKETIM) VERISI CEKILIYOR...
[2026-04-04T04:21:38.747Z] ------------------------------------------------------------
[2026-04-04T04:21:39.255Z] ✅ 48 Consumption kaydi eklendi
[2026-04-04T04:21:39.255Z] ============================================================
[2026-04-04T04:21:39.255Z] CATCH-UP SYNC TAMAMLANDI
[2026-04-04T04:21:39.255Z] ============================================================
[2026-04-04T04:21:39.256Z] Toplam MCP kaydi: 21624
[2026-04-04T04:21:39.257Z] Toplam Generation kaydi: 21624
[2026-04-04T04:21:39.258Z] Toplam Consumption kaydi: 21624
[2026-04-04T04:21:39.258Z] ============================================================
[2026-04-04T04:21:39.258Z] 🔄 WAL checkpoint yapiliyor (degisiklikleri DB dosyasina yazma)...
[2026-04-04T04:21:39.260Z] ✅ WAL checkpoint tamamlandi
[2026-04-04T04:21:39.260Z] Catch-up sync tamamlandi
[2026-04-05T04:39:33.977Z] ============================================================
[2026-04-05T04:39:33.977Z] CATCH-UP SYNC - Eksik Gun Doldurma
[2026-04-05T04:39:33.977Z] ============================================================
[2026-04-05T04:39:33.978Z] En son veri tarihi: 2026-04-03T23:00:00+03:00
[2026-04-05T04:39:34.047Z] Kontrol araligi: 2026-04-04 - 2026-04-04 (dahil)
[2026-04-05T04:39:34.047Z] ⚠️  1 eksik gun bulundu: 2026-04-04 - 2026-04-04
[2026-04-05T04:39:34.047Z] ------------------------------------------------------------
[2026-04-05T04:39:34.047Z] MCP (FIYAT) VERISI CEKILIYOR...
[2026-04-05T04:39:34.047Z] ------------------------------------------------------------
[2026-04-05T04:39:38.206Z] ✅ 24 MCP kaydi eklendi
[2026-04-05T04:39:38.206Z] ------------------------------------------------------------
[2026-04-05T04:39:38.206Z] GENERATION (URETIM) VERISI CEKILIYOR...
[2026-04-05T04:39:38.207Z] ------------------------------------------------------------
[2026-04-05T04:39:38.207Z] 1 parca halinde cekilecek (API limiti 30 gun)
[2026-04-05T04:39:38.207Z] Parca 1/1: 2026-04-04 - 2026-04-04
[2026-04-05T04:39:38.705Z] ✅ 24 Generation kaydi eklendi
[2026-04-05T04:39:38.705Z] Toplam 24 Generation kaydi eklendi
[2026-04-05T04:39:38.705Z] ------------------------------------------------------------
[2026-04-05T04:39:38.705Z] CONSUMPTION (TUKETIM) VERISI CEKILIYOR...
[2026-04-05T04:39:38.705Z] ------------------------------------------------------------
[2026-04-05T04:39:39.180Z] ✅ 24 Consumption kaydi eklendi
[2026-04-05T04:39:39.180Z] ============================================================
[2026-04-05T04:39:39.180Z] CATCH-UP SYNC TAMAMLANDI
[2026-04-05T04:39:39.180Z] ============================================================
[2026-04-05T04:39:39.181Z] Toplam MCP kaydi: 21648
[2026-04-05T04:39:39.182Z] Toplam Generation kaydi: 21648
[2026-04-05T04:39:39.183Z] Toplam Consumption kaydi: 21648
[2026-04-05T04:39:39.183Z] ============================================================
[2026-04-05T04:39:39.183Z] 🔄 WAL checkpoint yapiliyor (degisiklikleri DB dosyasina yazma)...
[2026-04-05T04:39:39.186Z] ✅ WAL checkpoint tamamlandi
[2026-04-05T04:39:39.187Z] Catch-up sync tamamlandi
[2026-04-07T04:36:20.982Z] ============================================================
[2026-04-07T04:36:20.982Z] CATCH-UP SYNC - Eksik Gun Doldurma
[2026-04-07T04:36:20.982Z] ============================================================
[2026-04-07T04:36:20.983Z] En son veri tarihi: 2026-04-04T23:00:00+03:00
[2026-04-07T04:36:21.046Z] Kontrol araligi: 2026-04-05 - 2026-04-06 (dahil)
[2026-04-07T04:36:21.047Z] ⚠️  2 eksik gun bulundu: 2026-04-05 - 2026-04-06
[2026-04-07T04:36:21.047Z] ------------------------------------------------------------
[2026-04-07T04:36:21.047Z] MCP (FIYAT) VERISI CEKILIYOR...
[2026-04-07T04:36:21.047Z] ------------------------------------------------------------
[2026-04-07T04:36:23.589Z] ✅ 48 MCP kaydi eklendi
[2026-04-07T04:36:23.589Z] ------------------------------------------------------------
[2026-04-07T04:36:23.589Z] GENERATION (URETIM) VERISI CEKILIYOR...
[2026-04-07T04:36:23.590Z] ------------------------------------------------------------
[2026-04-07T04:36:23.590Z] 1 parca halinde cekilecek (API limiti 30 gun)
[2026-04-07T04:36:23.590Z] Parca 1/1: 2026-04-05 - 2026-04-06
[2026-04-07T04:36:24.202Z] ✅ 48 Generation kaydi eklendi
[2026-04-07T04:36:24.202Z] Toplam 48 Generation kaydi eklendi
[2026-04-07T04:36:24.202Z] ------------------------------------------------------------
[2026-04-07T04:36:24.202Z] CONSUMPTION (TUKETIM) VERISI CEKILIYOR...
[2026-04-07T04:36:24.202Z] ------------------------------------------------------------
[2026-04-07T04:36:24.691Z] ✅ 48 Consumption kaydi eklendi
[2026-04-07T04:36:24.691Z] ============================================================
[2026-04-07T04:36:24.691Z] CATCH-UP SYNC TAMAMLANDI
[2026-04-07T04:36:24.691Z] ============================================================
[2026-04-07T04:36:24.692Z] Toplam MCP kaydi: 21696
[2026-04-07T04:36:24.693Z] Toplam Generation kaydi: 21696
[2026-04-07T04:36:24.694Z] Toplam Consumption kaydi: 21696
[2026-04-07T04:36:24.694Z] ============================================================
[2026-04-07T04:36:24.694Z] 🔄 WAL checkpoint yapiliyor (degisiklikleri DB dosyasina yazma)...
[2026-04-07T04:36:24.696Z] ✅ WAL checkpoint tamamlandi
[2026-04-07T04:36:24.696Z] Catch-up sync tamamlandi
[2026-04-10T04:49:51.733Z] ============================================================
[2026-04-10T04:49:51.733Z] CATCH-UP SYNC - Eksik Gun Doldurma
[2026-04-10T04:49:51.733Z] ============================================================
[2026-04-10T04:49:51.734Z] En son veri tarihi: 2026-04-06T23:00:00+03:00
[2026-04-10T04:49:51.751Z] Kontrol araligi: 2026-04-07 - 2026-04-09 (dahil)
[2026-04-10T04:49:51.752Z] ⚠️  3 eksik gun bulundu: 2026-04-07 - 2026-04-09
[2026-04-10T04:49:51.752Z] ------------------------------------------------------------
[2026-04-10T04:49:51.752Z] MCP (FIYAT) VERISI CEKILIYOR...
[2026-04-10T04:49:51.752Z] ------------------------------------------------------------
[2026-04-10T04:49:54.670Z] ✅ 72 MCP kaydi eklendi
[2026-04-10T04:49:54.671Z] ------------------------------------------------------------
[2026-04-10T04:49:54.671Z] GENERATION (URETIM) VERISI CEKILIYOR...
[2026-04-10T04:49:54.671Z] ------------------------------------------------------------
[2026-04-10T04:49:54.671Z] 1 parca halinde cekilecek (API limiti 30 gun)
[2026-04-10T04:49:54.671Z] Parca 1/1: 2026-04-07 - 2026-04-09
[2026-04-10T04:49:55.370Z] ✅ 72 Generation kaydi eklendi
[2026-04-10T04:49:55.370Z] Toplam 72 Generation kaydi eklendi
[2026-04-10T04:49:55.370Z] ------------------------------------------------------------
[2026-04-10T04:49:55.370Z] CONSUMPTION (TUKETIM) VERISI CEKILIYOR...
[2026-04-10T04:49:55.370Z] ------------------------------------------------------------
[2026-04-10T04:49:55.822Z] ✅ 72 Consumption kaydi eklendi
[2026-04-10T04:49:55.822Z] ============================================================
[2026-04-10T04:49:55.822Z] CATCH-UP SYNC TAMAMLANDI
[2026-04-10T04:49:55.822Z] ============================================================
[2026-04-10T04:49:55.823Z] Toplam MCP kaydi: 21768
[2026-04-10T04:49:55.824Z] Toplam Generation kaydi: 21768
[2026-04-10T04:49:55.825Z] Toplam Consumption kaydi: 21768
[2026-04-10T04:49:55.825Z] ============================================================
[2026-04-10T04:49:55.825Z] 🔄 WAL checkpoint yapiliyor (degisiklikleri DB dosyasina yazma)...
[2026-04-10T04:49:55.828Z] ✅ WAL checkpoint tamamlandi
[2026-04-10T04:49:55.829Z] Catch-up sync tamamlandi
[2026-04-11T04:24:58.659Z] ============================================================
[2026-04-11T04:24:58.659Z] CATCH-UP SYNC - Eksik Gun Doldurma
[2026-04-11T04:24:58.659Z] ============================================================
[2026-04-11T04:24:58.660Z] En son veri tarihi: 2026-04-09T23:00:00+03:00
[2026-04-11T04:24:58.680Z] Kontrol araligi: 2026-04-10 - 2026-04-10 (dahil)
[2026-04-11T04:24:58.681Z] ⚠️  1 eksik gun bulundu: 2026-04-10 - 2026-04-10
[2026-04-11T04:24:58.681Z] ------------------------------------------------------------
[2026-04-11T04:24:58.681Z] MCP (FIYAT) VERISI CEKILIYOR...
[2026-04-11T04:24:58.681Z] ------------------------------------------------------------
[2026-04-11T04:25:00.876Z] ✅ 24 MCP kaydi eklendi
[2026-04-11T04:25:00.876Z] ------------------------------------------------------------
[2026-04-11T04:25:00.877Z] GENERATION (URETIM) VERISI CEKILIYOR...
[2026-04-11T04:25:00.877Z] ------------------------------------------------------------
[2026-04-11T04:25:00.877Z] 1 parca halinde cekilecek (API limiti 30 gun)
[2026-04-11T04:25:00.877Z] Parca 1/1: 2026-04-10 - 2026-04-10
[2026-04-11T04:25:01.725Z] ✅ 24 Generation kaydi eklendi
[2026-04-11T04:25:01.725Z] Toplam 24 Generation kaydi eklendi
[2026-04-11T04:25:01.725Z] ------------------------------------------------------------
[2026-04-11T04:25:01.725Z] CONSUMPTION (TUKETIM) VERISI CEKILIYOR...
[2026-04-11T04:25:01.726Z] ------------------------------------------------------------
[2026-04-11T04:25:02.125Z] ✅ 24 Consumption kaydi eklendi
[2026-04-11T04:25:02.125Z] ============================================================
[2026-04-11T04:25:02.125Z] CATCH-UP SYNC TAMAMLANDI
[2026-04-11T04:25:02.125Z] ============================================================
[2026-04-11T04:25:02.126Z] Toplam MCP kaydi: 21792
[2026-04-11T04:25:02.127Z] Toplam Generation kaydi: 21792
[2026-04-11T04:25:02.127Z] Toplam Consumption kaydi: 21792
[2026-04-11T04:25:02.127Z] ============================================================
[2026-04-11T04:25:02.127Z] 🔄 WAL checkpoint yapiliyor (degisiklikleri DB dosyasina yazma)...
[2026-04-11T04:25:02.135Z] ✅ WAL checkpoint tamamlandi
[2026-04-11T04:25:02.136Z] Catch-up sync tamamlandi
[2026-04-12T04:49:19.917Z] ============================================================
[2026-04-12T04:49:19.917Z] CATCH-UP SYNC - Eksik Gun Doldurma
[2026-04-12T04:49:19.918Z] ============================================================
[2026-04-12T04:49:19.919Z] En son veri tarihi: 2026-04-10T23:00:00+03:00
[2026-04-12T04:49:19.935Z] Kontrol araligi: 2026-04-11 - 2026-04-11 (dahil)
[2026-04-12T04:49:19.936Z] ⚠️  1 eksik gun bulundu: 2026-04-11 - 2026-04-11
[2026-04-12T04:49:19.936Z] ------------------------------------------------------------
[2026-04-12T04:49:19.936Z] MCP (FIYAT) VERISI CEKILIYOR...
[2026-04-12T04:49:19.936Z] ------------------------------------------------------------
[2026-04-12T04:49:22.773Z] ✅ 24 MCP kaydi eklendi
[2026-04-12T04:49:22.773Z] ------------------------------------------------------------
[2026-04-12T04:49:22.773Z] GENERATION (URETIM) VERISI CEKILIYOR...
[2026-04-12T04:49:22.773Z] ------------------------------------------------------------
[2026-04-12T04:49:22.774Z] 1 parca halinde cekilecek (API limiti 30 gun)
[2026-04-12T04:49:22.774Z] Parca 1/1: 2026-04-11 - 2026-04-11
[2026-04-12T04:49:23.234Z] ✅ 24 Generation kaydi eklendi
[2026-04-12T04:49:23.234Z] Toplam 24 Generation kaydi eklendi
[2026-04-12T04:49:23.234Z] ------------------------------------------------------------
[2026-04-12T04:49:23.234Z] CONSUMPTION (TUKETIM) VERISI CEKILIYOR...
[2026-04-12T04:49:23.234Z] ------------------------------------------------------------
[2026-04-12T04:49:23.691Z] ✅ 24 Consumption kaydi eklendi
[2026-04-12T04:49:23.691Z] ============================================================
[2026-04-12T04:49:23.692Z] CATCH-UP SYNC TAMAMLANDI
[2026-04-12T04:49:23.692Z] ============================================================
[2026-04-12T04:49:23.692Z] Toplam MCP kaydi: 21816
[2026-04-12T04:49:23.693Z] Toplam Generation kaydi: 21816
[2026-04-12T04:49:23.694Z] Toplam Consumption kaydi: 21816
[2026-04-12T04:49:23.694Z] ============================================================
[2026-04-12T04:49:23.694Z] 🔄 WAL checkpoint yapiliyor (degisiklikleri DB dosyasina yazma)...
[2026-04-12T04:49:23.699Z] ✅ WAL checkpoint tamamlandi
[2026-04-12T04:49:23.699Z] Catch-up sync tamamlandi
[2026-04-13T05:17:09.135Z] ============================================================
[2026-04-13T05:17:09.136Z] CATCH-UP SYNC - Eksik Gun Doldurma
[2026-04-13T05:17:09.136Z] ============================================================
[2026-04-13T05:17:09.136Z] En son veri tarihi: 2026-04-11T23:00:00+03:00
[2026-04-13T05:17:09.166Z] Kontrol araligi: 2026-04-12 - 2026-04-12 (dahil)
[2026-04-13T05:17:09.167Z] ⚠️  1 eksik gun bulundu: 2026-04-12 - 2026-04-12
[2026-04-13T05:17:09.167Z] ------------------------------------------------------------
[2026-04-13T05:17:09.167Z] MCP (FIYAT) VERISI CEKILIYOR...
[2026-04-13T05:17:09.167Z] ------------------------------------------------------------
[2026-04-13T05:17:12.131Z] ✅ 24 MCP kaydi eklendi
[2026-04-13T05:17:12.131Z] ------------------------------------------------------------
[2026-04-13T05:17:12.131Z] GENERATION (URETIM) VERISI CEKILIYOR...
[2026-04-13T05:17:12.131Z] ------------------------------------------------------------
[2026-04-13T05:17:12.131Z] 1 parca halinde cekilecek (API limiti 30 gun)
[2026-04-13T05:17:12.131Z] Parca 1/1: 2026-04-12 - 2026-04-12
[2026-04-13T05:17:13.239Z] ✅ 24 Generation kaydi eklendi
[2026-04-13T05:17:13.239Z] Toplam 24 Generation kaydi eklendi
[2026-04-13T05:17:13.239Z] ------------------------------------------------------------
[2026-04-13T05:17:13.239Z] CONSUMPTION (TUKETIM) VERISI CEKILIYOR...
[2026-04-13T05:17:13.239Z] ------------------------------------------------------------
[2026-04-13T05:17:14.304Z] ✅ 24 Consumption kaydi eklendi
[2026-04-13T05:17:14.304Z] ============================================================
[2026-04-13T05:17:14.304Z] CATCH-UP SYNC TAMAMLANDI
[2026-04-13T05:17:14.304Z] ============================================================
[2026-04-13T05:17:14.305Z] Toplam MCP kaydi: 21840
[2026-04-13T05:17:14.305Z] Toplam Generation kaydi: 21840
[2026-04-13T05:17:14.306Z] Toplam Consumption kaydi: 21840
[2026-04-13T05:17:14.306Z] ============================================================
[2026-04-13T05:17:14.306Z] 🔄 WAL checkpoint yapiliyor (degisiklikleri DB dosyasina yazma)...
[2026-04-13T05:17:14.311Z] ✅ WAL checkpoint tamamlandi
[2026-04-13T05:17:14.312Z] Catch-up sync tamamlandi
[2026-04-14T04:47:46.921Z] ============================================================
[2026-04-14T04:47:46.922Z] CATCH-UP SYNC - Eksik Gun Doldurma
[2026-04-14T04:47:46.922Z] ============================================================
[2026-04-14T04:47:46.922Z] En son veri tarihi: 2026-04-12T23:00:00+03:00
[2026-04-14T04:47:47.062Z] Kontrol araligi: 2026-04-13 - 2026-04-13 (dahil)
[2026-04-14T04:47:47.063Z] ⚠️  1 eksik gun bulundu: 2026-04-13 - 2026-04-13
[2026-04-14T04:47:47.063Z] ------------------------------------------------------------
[2026-04-14T04:47:47.063Z] MCP (FIYAT) VERISI CEKILIYOR...
[2026-04-14T04:47:47.063Z] ------------------------------------------------------------
[2026-04-14T04:47:49.615Z] ✅ 24 MCP kaydi eklendi
[2026-04-14T04:47:49.616Z] ------------------------------------------------------------
[2026-04-14T04:47:49.616Z] GENERATION (URETIM) VERISI CEKILIYOR...
[2026-04-14T04:47:49.616Z] ------------------------------------------------------------
[2026-04-14T04:47:49.616Z] 1 parca halinde cekilecek (API limiti 30 gun)
[2026-04-14T04:47:49.616Z] Parca 1/1: 2026-04-13 - 2026-04-13
[2026-04-14T04:47:50.470Z] ✅ 16 Generation kaydi eklendi
[2026-04-14T04:47:50.470Z] Toplam 16 Generation kaydi eklendi
[2026-04-14T04:47:50.470Z] ------------------------------------------------------------
[2026-04-14T04:47:50.470Z] CONSUMPTION (TUKETIM) VERISI CEKILIYOR...
[2026-04-14T04:47:50.470Z] ------------------------------------------------------------
[2026-04-14T04:47:50.896Z] ✅ 24 Consumption kaydi eklendi
[2026-04-14T04:47:50.896Z] ============================================================
[2026-04-14T04:47:50.896Z] CATCH-UP SYNC TAMAMLANDI
[2026-04-14T04:47:50.896Z] ============================================================
[2026-04-14T04:47:50.897Z] Toplam MCP kaydi: 21864
[2026-04-14T04:47:50.898Z] Toplam Generation kaydi: 21856
[2026-04-14T04:47:50.899Z] Toplam Consumption kaydi: 21864
[2026-04-14T04:47:50.899Z] ============================================================
[2026-04-14T04:47:50.899Z] 🔄 WAL checkpoint yapiliyor (degisiklikleri DB dosyasina yazma)...
[2026-04-14T04:47:50.905Z] ✅ WAL checkpoint tamamlandi
[2026-04-14T04:47:50.905Z] Catch-up sync tamamlandi
[2026-04-15T04:48:00.663Z] ============================================================
[2026-04-15T04:48:00.664Z] CATCH-UP SYNC - Eksik Gun Doldurma
[2026-04-15T04:48:00.664Z] ============================================================
[2026-04-15T04:48:00.664Z] En son veri tarihi: 2026-04-13T23:00:00+03:00
[2026-04-15T04:48:00.731Z] Kontrol araligi: 2026-04-14 - 2026-04-14 (dahil)
[2026-04-15T04:48:00.731Z] ⚠️  1 eksik gun bulundu: 2026-04-14 - 2026-04-14
[2026-04-15T04:48:00.731Z] ------------------------------------------------------------
[2026-04-15T04:48:00.731Z] MCP (FIYAT) VERISI CEKILIYOR...
[2026-04-15T04:48:00.731Z] ------------------------------------------------------------
[2026-04-15T04:48:02.982Z] ✅ 24 MCP kaydi eklendi
[2026-04-15T04:48:02.982Z] ------------------------------------------------------------
[2026-04-15T04:48:02.982Z] GENERATION (URETIM) VERISI CEKILIYOR...
[2026-04-15T04:48:02.982Z] ------------------------------------------------------------
[2026-04-15T04:48:02.982Z] 1 parca halinde cekilecek (API limiti 30 gun)
[2026-04-15T04:48:02.983Z] Parca 1/1: 2026-04-14 - 2026-04-14
[2026-04-15T04:48:03.423Z] ✅ 24 Generation kaydi eklendi
[2026-04-15T04:48:03.423Z] Toplam 24 Generation kaydi eklendi
[2026-04-15T04:48:03.423Z] ------------------------------------------------------------
[2026-04-15T04:48:03.423Z] CONSUMPTION (TUKETIM) VERISI CEKILIYOR...
[2026-04-15T04:48:03.423Z] ------------------------------------------------------------
[2026-04-15T04:48:03.899Z] ✅ 24 Consumption kaydi eklendi
[2026-04-15T04:48:03.899Z] ============================================================
[2026-04-15T04:48:03.900Z] CATCH-UP SYNC TAMAMLANDI
[2026-04-15T04:48:03.900Z] ============================================================
[2026-04-15T04:48:03.900Z] Toplam MCP kaydi: 21888
[2026-04-15T04:48:03.902Z] Toplam Generation kaydi: 21880
[2026-04-15T04:48:03.903Z] Toplam Consumption kaydi: 21888
[2026-04-15T04:48:03.903Z] ============================================================
[2026-04-15T04:48:03.903Z] 🔄 WAL checkpoint yapiliyor (degisiklikleri DB dosyasina yazma)...
[2026-04-15T04:48:03.906Z] ✅ WAL checkpoint tamamlandi
[2026-04-15T04:48:03.906Z] Catch-up sync tamamlandi
[2026-04-16T04:53:41.008Z] ============================================================
[2026-04-16T04:53:41.009Z] CATCH-UP SYNC - Eksik Gun Doldurma
[2026-04-16T04:53:41.009Z] ============================================================
[2026-04-16T04:53:41.009Z] En son veri tarihi: 2026-04-14T23:00:00+03:00
[2026-04-16T04:53:41.086Z] Kontrol araligi: 2026-04-15 - 2026-04-15 (dahil)
[2026-04-16T04:53:41.087Z] ⚠️  1 eksik gun bulundu: 2026-04-15 - 2026-04-15
[2026-04-16T04:53:41.087Z] ------------------------------------------------------------
[2026-04-16T04:53:41.087Z] MCP (FIYAT) VERISI CEKILIYOR...
[2026-04-16T04:53:41.087Z] ------------------------------------------------------------
[2026-04-16T04:53:43.786Z] ✅ 24 MCP kaydi eklendi
[2026-04-16T04:53:43.787Z] ------------------------------------------------------------
[2026-04-16T04:53:43.787Z] GENERATION (URETIM) VERISI CEKILIYOR...
[2026-04-16T04:53:43.787Z] ------------------------------------------------------------
[2026-04-16T04:53:43.787Z] 1 parca halinde cekilecek (API limiti 30 gun)
[2026-04-16T04:53:43.787Z] Parca 1/1: 2026-04-15 - 2026-04-15
[2026-04-16T04:53:44.409Z] ✅ 24 Generation kaydi eklendi
[2026-04-16T04:53:44.409Z] Toplam 24 Generation kaydi eklendi
[2026-04-16T04:53:44.410Z] ------------------------------------------------------------
[2026-04-16T04:53:44.410Z] CONSUMPTION (TUKETIM) VERISI CEKILIYOR...
[2026-04-16T04:53:44.410Z] ------------------------------------------------------------
[2026-04-16T04:53:45.258Z] ✅ 24 Consumption kaydi eklendi
[2026-04-16T04:53:45.258Z] ============================================================
[2026-04-16T04:53:45.258Z] CATCH-UP SYNC TAMAMLANDI
[2026-04-16T04:53:45.258Z] ============================================================
[2026-04-16T04:53:45.259Z] Toplam MCP kaydi: 21912
[2026-04-16T04:53:45.260Z] Toplam Generation kaydi: 21904
[2026-04-16T04:53:45.261Z] Toplam Consumption kaydi: 21912
[2026-04-16T04:53:45.261Z] ============================================================
[2026-04-16T04:53:45.261Z] 🔄 WAL checkpoint yapiliyor (degisiklikleri DB dosyasina yazma)...
[2026-04-16T04:53:45.270Z] ✅ WAL checkpoint tamamlandi
[2026-04-16T04:53:45.271Z] Catch-up sync tamamlandi
[2026-04-17T04:51:21.612Z] ============================================================
[2026-04-17T04:51:21.613Z] CATCH-UP SYNC - Eksik Gun Doldurma
[2026-04-17T04:51:21.613Z] ============================================================
[2026-04-17T04:51:21.613Z] En son veri tarihi: 2026-04-15T23:00:00+03:00
[2026-04-17T04:51:21.714Z] Kontrol araligi: 2026-04-16 - 2026-04-16 (dahil)
[2026-04-17T04:51:21.715Z] ⚠️  1 eksik gun bulundu: 2026-04-16 - 2026-04-16
[2026-04-17T04:51:21.715Z] ------------------------------------------------------------
[2026-04-17T04:51:21.715Z] MCP (FIYAT) VERISI CEKILIYOR...
[2026-04-17T04:51:21.715Z] ------------------------------------------------------------
[2026-04-17T04:51:24.039Z] ✅ 24 MCP kaydi eklendi
[2026-04-17T04:51:24.039Z] ------------------------------------------------------------
[2026-04-17T04:51:24.040Z] GENERATION (URETIM) VERISI CEKILIYOR...
[2026-04-17T04:51:24.040Z] ------------------------------------------------------------
[2026-04-17T04:51:24.040Z] 1 parca halinde cekilecek (API limiti 30 gun)
[2026-04-17T04:51:24.040Z] Parca 1/1: 2026-04-16 - 2026-04-16
[2026-04-17T04:51:24.620Z] ✅ 24 Generation kaydi eklendi
[2026-04-17T04:51:24.620Z] Toplam 24 Generation kaydi eklendi
[2026-04-17T04:51:24.620Z] ------------------------------------------------------------
[2026-04-17T04:51:24.620Z] CONSUMPTION (TUKETIM) VERISI CEKILIYOR...
[2026-04-17T04:51:24.621Z] ------------------------------------------------------------
[2026-04-17T04:51:25.069Z] ✅ 24 Consumption kaydi eklendi
[2026-04-17T04:51:25.069Z] ============================================================
[2026-04-17T04:51:25.070Z] CATCH-UP SYNC TAMAMLANDI
[2026-04-17T04:51:25.070Z] ============================================================
[2026-04-17T04:51:25.070Z] Toplam MCP kaydi: 21936
[2026-04-17T04:51:25.072Z] Toplam Generation kaydi: 21928
[2026-04-17T04:51:25.073Z] Toplam Consumption kaydi: 21936
[2026-04-17T04:51:25.073Z] ============================================================
[2026-04-17T04:51:25.073Z] 🔄 WAL checkpoint yapiliyor (degisiklikleri DB dosyasina yazma)...
[2026-04-17T04:51:25.079Z] ✅ WAL checkpoint tamamlandi
[2026-04-17T04:51:25.079Z] Catch-up sync tamamlandi
[2026-04-18T04:34:40.694Z] ============================================================
[2026-04-18T04:34:40.695Z] CATCH-UP SYNC - Eksik Gun Doldurma
[2026-04-18T04:34:40.695Z] ============================================================
[2026-04-18T04:34:40.695Z] En son veri tarihi: 2026-04-16T23:00:00+03:00
[2026-04-18T04:34:40.711Z] Kontrol araligi: 2026-04-17 - 2026-04-17 (dahil)
[2026-04-18T04:34:40.712Z] ⚠️  1 eksik gun bulundu: 2026-04-17 - 2026-04-17
[2026-04-18T04:34:40.712Z] ------------------------------------------------------------
[2026-04-18T04:34:40.712Z] MCP (FIYAT) VERISI CEKILIYOR...
[2026-04-18T04:34:40.712Z] ------------------------------------------------------------
[2026-04-18T04:34:43.098Z] ✅ 24 MCP kaydi eklendi
[2026-04-18T04:34:43.098Z] ------------------------------------------------------------
[2026-04-18T04:34:43.099Z] GENERATION (URETIM) VERISI CEKILIYOR...
[2026-04-18T04:34:43.099Z] ------------------------------------------------------------
[2026-04-18T04:34:43.099Z] 1 parca halinde cekilecek (API limiti 30 gun)
[2026-04-18T04:34:43.099Z] Parca 1/1: 2026-04-17 - 2026-04-17
[2026-04-18T04:34:43.882Z] ✅ 24 Generation kaydi eklendi
[2026-04-18T04:34:43.883Z] Toplam 24 Generation kaydi eklendi
[2026-04-18T04:34:43.883Z] ------------------------------------------------------------
[2026-04-18T04:34:43.883Z] CONSUMPTION (TUKETIM) VERISI CEKILIYOR...
[2026-04-18T04:34:43.883Z] ------------------------------------------------------------
[2026-04-18T04:34:44.578Z] ✅ 24 Consumption kaydi eklendi
[2026-04-18T04:34:44.578Z] ============================================================
[2026-04-18T04:34:44.578Z] CATCH-UP SYNC TAMAMLANDI
[2026-04-18T04:34:44.578Z] ============================================================
[2026-04-18T04:34:44.579Z] Toplam MCP kaydi: 21960
[2026-04-18T04:34:44.580Z] Toplam Generation kaydi: 21952
[2026-04-18T04:34:44.580Z] Toplam Consumption kaydi: 21960
[2026-04-18T04:34:44.581Z] ============================================================
[2026-04-18T04:34:44.581Z] 🔄 WAL checkpoint yapiliyor (degisiklikleri DB dosyasina yazma)...
[2026-04-18T04:34:44.591Z] ✅ WAL checkpoint tamamlandi
[2026-04-18T04:34:44.591Z] Catch-up sync tamamlandi
[2026-04-20T05:16:04.258Z] ============================================================
[2026-04-20T05:16:04.258Z] CATCH-UP SYNC - Eksik Gun Doldurma
[2026-04-20T05:16:04.258Z] ============================================================
[2026-04-20T05:16:04.259Z] En son veri tarihi: 2026-04-17T23:00:00+03:00
[2026-04-20T05:16:04.279Z] Kontrol araligi: 2026-04-18 - 2026-04-19 (dahil)
[2026-04-20T05:16:04.279Z] ⚠️  2 eksik gun bulundu: 2026-04-18 - 2026-04-19
[2026-04-20T05:16:04.279Z] ------------------------------------------------------------
[2026-04-20T05:16:04.280Z] MCP (FIYAT) VERISI CEKILIYOR...
[2026-04-20T05:16:04.280Z] ------------------------------------------------------------
[2026-04-20T05:16:08.006Z] ✅ 48 MCP kaydi eklendi
[2026-04-20T05:16:08.006Z] ------------------------------------------------------------
[2026-04-20T05:16:08.006Z] GENERATION (URETIM) VERISI CEKILIYOR...
[2026-04-20T05:16:08.006Z] ------------------------------------------------------------
[2026-04-20T05:16:08.006Z] 1 parca halinde cekilecek (API limiti 30 gun)
[2026-04-20T05:16:08.006Z] Parca 1/1: 2026-04-18 - 2026-04-19
[2026-04-20T05:16:08.916Z] ✅ 48 Generation kaydi eklendi
[2026-04-20T05:16:08.916Z] Toplam 48 Generation kaydi eklendi
[2026-04-20T05:16:08.916Z] ------------------------------------------------------------
[2026-04-20T05:16:08.916Z] CONSUMPTION (TUKETIM) VERISI CEKILIYOR...
[2026-04-20T05:16:08.916Z] ------------------------------------------------------------
[2026-04-20T05:16:09.748Z] ✅ 48 Consumption kaydi eklendi
[2026-04-20T05:16:09.749Z] ============================================================
[2026-04-20T05:16:09.749Z] CATCH-UP SYNC TAMAMLANDI
[2026-04-20T05:16:09.749Z] ============================================================
[2026-04-20T05:16:09.750Z] Toplam MCP kaydi: 22008
[2026-04-20T05:16:09.751Z] Toplam Generation kaydi: 22000
[2026-04-20T05:16:09.751Z] Toplam Consumption kaydi: 22008
[2026-04-20T05:16:09.752Z] ============================================================
[2026-04-20T05:16:09.752Z] 🔄 WAL checkpoint yapiliyor (degisiklikleri DB dosyasina yazma)...
[2026-04-20T05:16:09.759Z] ✅ WAL checkpoint tamamlandi
[2026-04-20T05:16:09.760Z] Catch-up sync tamamlandi
[2026-04-21T04:50:52.570Z] ============================================================
[2026-04-21T04:50:52.570Z] CATCH-UP SYNC - Eksik Gun Doldurma
[2026-04-21T04:50:52.570Z] ============================================================
[2026-04-21T04:50:52.571Z] En son veri tarihi: 2026-04-19T23:00:00+03:00
[2026-04-21T04:50:52.629Z] Kontrol araligi: 2026-04-20 - 2026-04-20 (dahil)
[2026-04-21T04:50:52.630Z] ⚠️  1 eksik gun bulundu: 2026-04-20 - 2026-04-20
[2026-04-21T04:50:52.630Z] ------------------------------------------------------------
[2026-04-21T04:50:52.630Z] MCP (FIYAT) VERISI CEKILIYOR...
[2026-04-21T04:50:52.630Z] ------------------------------------------------------------
[2026-04-21T04:50:55.882Z] ✅ 24 MCP kaydi eklendi
[2026-04-21T04:50:55.882Z] ------------------------------------------------------------
[2026-04-21T04:50:55.882Z] GENERATION (URETIM) VERISI CEKILIYOR...
[2026-04-21T04:50:55.882Z] ------------------------------------------------------------
[2026-04-21T04:50:55.882Z] 1 parca halinde cekilecek (API limiti 30 gun)
[2026-04-21T04:50:55.882Z] Parca 1/1: 2026-04-20 - 2026-04-20
[2026-04-21T04:50:56.659Z] ✅ 24 Generation kaydi eklendi
[2026-04-21T04:50:56.659Z] Toplam 24 Generation kaydi eklendi
[2026-04-21T04:50:56.659Z] ------------------------------------------------------------
[2026-04-21T04:50:56.659Z] CONSUMPTION (TUKETIM) VERISI CEKILIYOR...
[2026-04-21T04:50:56.659Z] ------------------------------------------------------------
[2026-04-21T04:50:57.206Z] ✅ 24 Consumption kaydi eklendi
[2026-04-21T04:50:57.206Z] ============================================================
[2026-04-21T04:50:57.206Z] CATCH-UP SYNC TAMAMLANDI
[2026-04-21T04:50:57.206Z] ============================================================
[2026-04-21T04:50:57.207Z] Toplam MCP kaydi: 22032
[2026-04-21T04:50:57.208Z] Toplam Generation kaydi: 22024
[2026-04-21T04:50:57.209Z] Toplam Consumption kaydi: 22032
[2026-04-21T04:50:57.209Z] ============================================================
[2026-04-21T04:50:57.209Z] 🔄 WAL checkpoint yapiliyor (degisiklikleri DB dosyasina yazma)...
[2026-04-21T04:50:57.217Z] ✅ WAL checkpoint tamamlandi
[2026-04-21T04:50:57.218Z] Catch-up sync tamamlandi
[2026-04-22T04:48:51.982Z] ============================================================
[2026-04-22T04:48:51.982Z] CATCH-UP SYNC - Eksik Gun Doldurma
[2026-04-22T04:48:51.983Z] ============================================================
[2026-04-22T04:48:51.983Z] En son veri tarihi: 2026-04-20T23:00:00+03:00
[2026-04-22T04:48:52.115Z] Kontrol araligi: 2026-04-21 - 2026-04-21 (dahil)
[2026-04-22T04:48:52.115Z] ⚠️  1 eksik gun bulundu: 2026-04-21 - 2026-04-21
[2026-04-22T04:48:52.115Z] ------------------------------------------------------------
[2026-04-22T04:48:52.115Z] MCP (FIYAT) VERISI CEKILIYOR...
[2026-04-22T04:48:52.115Z] ------------------------------------------------------------
[2026-04-22T04:48:55.050Z] ✅ 24 MCP kaydi eklendi
[2026-04-22T04:48:55.050Z] ------------------------------------------------------------
[2026-04-22T04:48:55.050Z] GENERATION (URETIM) VERISI CEKILIYOR...
[2026-04-22T04:48:55.051Z] ------------------------------------------------------------
[2026-04-22T04:48:55.051Z] 1 parca halinde cekilecek (API limiti 30 gun)
[2026-04-22T04:48:55.051Z] Parca 1/1: 2026-04-21 - 2026-04-21
[2026-04-22T04:48:55.492Z] ✅ 24 Generation kaydi eklendi
[2026-04-22T04:48:55.492Z] Toplam 24 Generation kaydi eklendi
[2026-04-22T04:48:55.492Z] ------------------------------------------------------------
[2026-04-22T04:48:55.492Z] CONSUMPTION (TUKETIM) VERISI CEKILIYOR...
[2026-04-22T04:48:55.492Z] ------------------------------------------------------------
[2026-04-22T04:48:55.909Z] ✅ 24 Consumption kaydi eklendi
[2026-04-22T04:48:55.909Z] ============================================================
[2026-04-22T04:48:55.909Z] CATCH-UP SYNC TAMAMLANDI
[2026-04-22T04:48:55.909Z] ============================================================
[2026-04-22T04:48:55.910Z] Toplam MCP kaydi: 22056
[2026-04-22T04:48:55.911Z] Toplam Generation kaydi: 22048
[2026-04-22T04:48:55.912Z] Toplam Consumption kaydi: 22056
[2026-04-22T04:48:55.912Z] ============================================================
[2026-04-22T04:48:55.912Z] 🔄 WAL checkpoint yapiliyor (degisiklikleri DB dosyasina yazma)...
[2026-04-22T04:48:55.919Z] ✅ WAL checkpoint tamamlandi
[2026-04-22T04:48:55.920Z] Catch-up sync tamamlandi
[2026-04-24T04:57:05.082Z] ============================================================
[2026-04-24T04:57:05.083Z] CATCH-UP SYNC - Eksik Gun Doldurma
[2026-04-24T04:57:05.083Z] ============================================================
[2026-04-24T04:57:05.083Z] En son veri tarihi: 2026-04-21T23:00:00+03:00
[2026-04-24T04:57:05.105Z] Kontrol araligi: 2026-04-22 - 2026-04-23 (dahil)
[2026-04-24T04:57:05.105Z] ⚠️  2 eksik gun bulundu: 2026-04-22 - 2026-04-23
[2026-04-24T04:57:05.105Z] ------------------------------------------------------------
[2026-04-24T04:57:05.105Z] MCP (FIYAT) VERISI CEKILIYOR...
[2026-04-24T04:57:05.105Z] ------------------------------------------------------------
[2026-04-24T04:57:07.575Z] ✅ 48 MCP kaydi eklendi
[2026-04-24T04:57:07.575Z] ------------------------------------------------------------
[2026-04-24T04:57:07.575Z] GENERATION (URETIM) VERISI CEKILIYOR...
[2026-04-24T04:57:07.575Z] ------------------------------------------------------------
[2026-04-24T04:57:07.576Z] 1 parca halinde cekilecek (API limiti 30 gun)
[2026-04-24T04:57:07.576Z] Parca 1/1: 2026-04-22 - 2026-04-23
[2026-04-24T04:57:08.358Z] ✅ 48 Generation kaydi eklendi
[2026-04-24T04:57:08.358Z] Toplam 48 Generation kaydi eklendi
[2026-04-24T04:57:08.358Z] ------------------------------------------------------------
[2026-04-24T04:57:08.358Z] CONSUMPTION (TUKETIM) VERISI CEKILIYOR...
[2026-04-24T04:57:08.358Z] ------------------------------------------------------------
[2026-04-24T04:57:08.813Z] ✅ 48 Consumption kaydi eklendi
[2026-04-24T04:57:08.813Z] ============================================================
[2026-04-24T04:57:08.813Z] CATCH-UP SYNC TAMAMLANDI
[2026-04-24T04:57:08.813Z] ============================================================
[2026-04-24T04:57:08.814Z] Toplam MCP kaydi: 22104
[2026-04-24T04:57:08.815Z] Toplam Generation kaydi: 22096
[2026-04-24T04:57:08.816Z] Toplam Consumption kaydi: 22104
[2026-04-24T04:57:08.816Z] ============================================================
[2026-04-24T04:57:08.816Z] 🔄 WAL checkpoint yapiliyor (degisiklikleri DB dosyasina yazma)...
[2026-04-24T04:57:08.824Z] ✅ WAL checkpoint tamamlandi
[2026-04-24T04:57:08.825Z] Catch-up sync tamamlandi
[2026-04-25T04:38:34.035Z] ============================================================
[2026-04-25T04:38:34.035Z] CATCH-UP SYNC - Eksik Gun Doldurma
[2026-04-25T04:38:34.035Z] ============================================================
[2026-04-25T04:38:34.036Z] En son veri tarihi: 2026-04-23T23:00:00+03:00
[2026-04-25T04:38:34.153Z] Kontrol araligi: 2026-04-24 - 2026-04-24 (dahil)
[2026-04-25T04:38:34.154Z] ⚠️  1 eksik gun bulundu: 2026-04-24 - 2026-04-24
[2026-04-25T04:38:34.154Z] ------------------------------------------------------------
[2026-04-25T04:38:34.154Z] MCP (FIYAT) VERISI CEKILIYOR...
[2026-04-25T04:38:34.154Z] ------------------------------------------------------------
[2026-04-25T04:38:37.142Z] ✅ 24 MCP kaydi eklendi
[2026-04-25T04:38:37.142Z] ------------------------------------------------------------
[2026-04-25T04:38:37.142Z] GENERATION (URETIM) VERISI CEKILIYOR...
[2026-04-25T04:38:37.142Z] ------------------------------------------------------------
[2026-04-25T04:38:37.142Z] 1 parca halinde cekilecek (API limiti 30 gun)
[2026-04-25T04:38:37.142Z] Parca 1/1: 2026-04-24 - 2026-04-24
[2026-04-25T04:38:37.758Z] ✅ 24 Generation kaydi eklendi
[2026-04-25T04:38:37.758Z] Toplam 24 Generation kaydi eklendi
[2026-04-25T04:38:37.758Z] ------------------------------------------------------------
[2026-04-25T04:38:37.758Z] CONSUMPTION (TUKETIM) VERISI CEKILIYOR...
[2026-04-25T04:38:37.758Z] ------------------------------------------------------------
[2026-04-25T04:38:38.318Z] ✅ 24 Consumption kaydi eklendi
[2026-04-25T04:38:38.318Z] ============================================================
[2026-04-25T04:38:38.318Z] CATCH-UP SYNC TAMAMLANDI
[2026-04-25T04:38:38.318Z] ============================================================
[2026-04-25T04:38:38.318Z] Toplam MCP kaydi: 22128
[2026-04-25T04:38:38.319Z] Toplam Generation kaydi: 22120
[2026-04-25T04:38:38.320Z] Toplam Consumption kaydi: 22128
[2026-04-25T04:38:38.320Z] ============================================================
[2026-04-25T04:38:38.320Z] 🔄 WAL checkpoint yapiliyor (degisiklikleri DB dosyasina yazma)...
[2026-04-25T04:38:38.322Z] ✅ WAL checkpoint tamamlandi
[2026-04-25T04:38:38.322Z] Catch-up sync tamamlandi
[2026-04-26T05:14:39.879Z] ============================================================
[2026-04-26T05:14:39.880Z] CATCH-UP SYNC - Eksik Gun Doldurma
[2026-04-26T05:14:39.880Z] ============================================================
[2026-04-26T05:14:39.881Z] En son veri tarihi: 2026-04-24T23:00:00+03:00
[2026-04-26T05:14:40.037Z] Kontrol araligi: 2026-04-25 - 2026-04-25 (dahil)
[2026-04-26T05:14:40.038Z] ⚠️  1 eksik gun bulundu: 2026-04-25 - 2026-04-25
[2026-04-26T05:14:40.038Z] ------------------------------------------------------------
[2026-04-26T05:14:40.038Z] MCP (FIYAT) VERISI CEKILIYOR...
[2026-04-26T05:14:40.038Z] ------------------------------------------------------------
[2026-04-26T05:14:42.015Z] ✅ 24 MCP kaydi eklendi
[2026-04-26T05:14:42.015Z] ------------------------------------------------------------
[2026-04-26T05:14:42.015Z] GENERATION (URETIM) VERISI CEKILIYOR...
[2026-04-26T05:14:42.015Z] ------------------------------------------------------------
[2026-04-26T05:14:42.015Z] 1 parca halinde cekilecek (API limiti 30 gun)
[2026-04-26T05:14:42.015Z] Parca 1/1: 2026-04-25 - 2026-04-25
[2026-04-26T05:14:42.591Z] ✅ 24 Generation kaydi eklendi
[2026-04-26T05:14:42.591Z] Toplam 24 Generation kaydi eklendi
[2026-04-26T05:14:42.591Z] ------------------------------------------------------------
[2026-04-26T05:14:42.591Z] CONSUMPTION (TUKETIM) VERISI CEKILIYOR...
[2026-04-26T05:14:42.591Z] ------------------------------------------------------------
[2026-04-26T05:14:43.006Z] ✅ 24 Consumption kaydi eklendi
[2026-04-26T05:14:43.006Z] ============================================================
[2026-04-26T05:14:43.007Z] CATCH-UP SYNC TAMAMLANDI
[2026-04-26T05:14:43.007Z] ============================================================
[2026-04-26T05:14:43.007Z] Toplam MCP kaydi: 22152
[2026-04-26T05:14:43.008Z] Toplam Generation kaydi: 22144
[2026-04-26T05:14:43.009Z] Toplam Consumption kaydi: 22152
[2026-04-26T05:14:43.009Z] ============================================================
[2026-04-26T05:14:43.009Z] 🔄 WAL checkpoint yapiliyor (degisiklikleri DB dosyasina yazma)...
[2026-04-26T05:14:43.013Z] ✅ WAL checkpoint tamamlandi
[2026-04-26T05:14:43.014Z] Catch-up sync tamamlandi
[2026-04-27T05:27:47.137Z] ============================================================
[2026-04-27T05:27:47.137Z] CATCH-UP SYNC - Eksik Gun Doldurma
[2026-04-27T05:27:47.137Z] ============================================================
[2026-04-27T05:27:47.138Z] En son veri tarihi: 2026-04-25T23:00:00+03:00
[2026-04-27T05:27:47.275Z] Kontrol araligi: 2026-04-26 - 2026-04-26 (dahil)
[2026-04-27T05:27:47.276Z] ⚠️  1 eksik gun bulundu: 2026-04-26 - 2026-04-26
[2026-04-27T05:27:47.276Z] ------------------------------------------------------------
[2026-04-27T05:27:47.276Z] MCP (FIYAT) VERISI CEKILIYOR...
[2026-04-27T05:27:47.276Z] ------------------------------------------------------------
[2026-04-27T05:27:49.696Z] ✅ 24 MCP kaydi eklendi
[2026-04-27T05:27:49.697Z] ------------------------------------------------------------
[2026-04-27T05:27:49.697Z] GENERATION (URETIM) VERISI CEKILIYOR...
[2026-04-27T05:27:49.697Z] ------------------------------------------------------------
[2026-04-27T05:27:49.697Z] 1 parca halinde cekilecek (API limiti 30 gun)
[2026-04-27T05:27:49.697Z] Parca 1/1: 2026-04-26 - 2026-04-26
[2026-04-27T05:27:50.185Z] ✅ 24 Generation kaydi eklendi
[2026-04-27T05:27:50.185Z] Toplam 24 Generation kaydi eklendi
[2026-04-27T05:27:50.185Z] ------------------------------------------------------------
[2026-04-27T05:27:50.185Z] CONSUMPTION (TUKETIM) VERISI CEKILIYOR...
[2026-04-27T05:27:50.185Z] ------------------------------------------------------------
[2026-04-27T05:27:50.698Z] ✅ 24 Consumption kaydi eklendi
[2026-04-27T05:27:50.698Z] ============================================================
[2026-04-27T05:27:50.698Z] CATCH-UP SYNC TAMAMLANDI
[2026-04-27T05:27:50.698Z] ============================================================
[2026-04-27T05:27:50.698Z] Toplam MCP kaydi: 22176
[2026-04-27T05:27:50.699Z] Toplam Generation kaydi: 22168
[2026-04-27T05:27:50.700Z] Toplam Consumption kaydi: 22176
[2026-04-27T05:27:50.700Z] ============================================================
[2026-04-27T05:27:50.700Z] 🔄 WAL checkpoint yapiliyor (degisiklikleri DB dosyasina yazma)...
[2026-04-27T05:27:50.706Z] ✅ WAL checkpoint tamamlandi
[2026-04-27T05:27:50.707Z] Catch-up sync tamamlandi
[2026-04-28T05:33:48.109Z] ============================================================
[2026-04-28T05:33:48.110Z] CATCH-UP SYNC - Eksik Gun Doldurma
[2026-04-28T05:33:48.110Z] ============================================================
[2026-04-28T05:33:48.110Z] En son veri tarihi: 2026-04-26T23:00:00+03:00
[2026-04-28T05:33:48.131Z] Kontrol araligi: 2026-04-27 - 2026-04-27 (dahil)
[2026-04-28T05:33:48.132Z] ⚠️  1 eksik gun bulundu: 2026-04-27 - 2026-04-27
[2026-04-28T05:33:48.132Z] ------------------------------------------------------------
[2026-04-28T05:33:48.132Z] MCP (FIYAT) VERISI CEKILIYOR...
[2026-04-28T05:33:48.132Z] ------------------------------------------------------------
[2026-04-28T05:33:50.017Z] ✅ 24 MCP kaydi eklendi
[2026-04-28T05:33:50.017Z] ------------------------------------------------------------
[2026-04-28T05:33:50.017Z] GENERATION (URETIM) VERISI CEKILIYOR...
[2026-04-28T05:33:50.017Z] ------------------------------------------------------------
[2026-04-28T05:33:50.017Z] 1 parca halinde cekilecek (API limiti 30 gun)
[2026-04-28T05:33:50.017Z] Parca 1/1: 2026-04-27 - 2026-04-27
[2026-04-28T05:33:50.697Z] ✅ 24 Generation kaydi eklendi
[2026-04-28T05:33:50.697Z] Toplam 24 Generation kaydi eklendi
[2026-04-28T05:33:50.697Z] ------------------------------------------------------------
[2026-04-28T05:33:50.697Z] CONSUMPTION (TUKETIM) VERISI CEKILIYOR...
[2026-04-28T05:33:50.697Z] ------------------------------------------------------------
[2026-04-28T05:33:51.205Z] ✅ 24 Consumption kaydi eklendi
[2026-04-28T05:33:51.206Z] ============================================================
[2026-04-28T05:33:51.206Z] CATCH-UP SYNC TAMAMLANDI
[2026-04-28T05:33:51.206Z] ============================================================
[2026-04-28T05:33:51.206Z] Toplam MCP kaydi: 22200
[2026-04-28T05:33:51.207Z] Toplam Generation kaydi: 22192
[2026-04-28T05:33:51.208Z] Toplam Consumption kaydi: 22200
[2026-04-28T05:33:51.208Z] ============================================================
[2026-04-28T05:33:51.208Z] 🔄 WAL checkpoint yapiliyor (degisiklikleri DB dosyasina yazma)...
[2026-04-28T05:33:51.217Z] ✅ WAL checkpoint tamamlandi
[2026-04-28T05:33:51.218Z] Catch-up sync tamamlandi
[2026-04-29T05:29:57.801Z] ============================================================
[2026-04-29T05:29:57.801Z] CATCH-UP SYNC - Eksik Gun Doldurma
[2026-04-29T05:29:57.801Z] ============================================================
[2026-04-29T05:29:57.802Z] En son veri tarihi: 2026-04-27T23:00:00+03:00
[2026-04-29T05:29:57.818Z] Kontrol araligi: 2026-04-28 - 2026-04-28 (dahil)
[2026-04-29T05:29:57.819Z] ⚠️  1 eksik gun bulundu: 2026-04-28 - 2026-04-28
[2026-04-29T05:29:57.819Z] ------------------------------------------------------------
[2026-04-29T05:29:57.819Z] MCP (FIYAT) VERISI CEKILIYOR...
[2026-04-29T05:29:57.819Z] ------------------------------------------------------------
[2026-04-29T05:29:59.596Z] ✅ 24 MCP kaydi eklendi
[2026-04-29T05:29:59.596Z] ------------------------------------------------------------
[2026-04-29T05:29:59.596Z] GENERATION (URETIM) VERISI CEKILIYOR...
[2026-04-29T05:29:59.596Z] ------------------------------------------------------------
[2026-04-29T05:29:59.596Z] 1 parca halinde cekilecek (API limiti 30 gun)
[2026-04-29T05:29:59.596Z] Parca 1/1: 2026-04-28 - 2026-04-28
[2026-04-29T05:30:00.129Z] ✅ 24 Generation kaydi eklendi
[2026-04-29T05:30:00.129Z] Toplam 24 Generation kaydi eklendi
[2026-04-29T05:30:00.129Z] ------------------------------------------------------------
[2026-04-29T05:30:00.129Z] CONSUMPTION (TUKETIM) VERISI CEKILIYOR...
[2026-04-29T05:30:00.129Z] ------------------------------------------------------------
[2026-04-29T05:30:00.656Z] ✅ 24 Consumption kaydi eklendi
[2026-04-29T05:30:00.657Z] ============================================================
[2026-04-29T05:30:00.657Z] CATCH-UP SYNC TAMAMLANDI
[2026-04-29T05:30:00.657Z] ============================================================
[2026-04-29T05:30:00.658Z] Toplam MCP kaydi: 22224
[2026-04-29T05:30:00.659Z] Toplam Generation kaydi: 22216
[2026-04-29T05:30:00.660Z] Toplam Consumption kaydi: 22224
[2026-04-29T05:30:00.660Z] ============================================================
[2026-04-29T05:30:00.660Z] 🔄 WAL checkpoint yapiliyor (degisiklikleri DB dosyasina yazma)...
[2026-04-29T05:30:00.663Z] ✅ WAL checkpoint tamamlandi
[2026-04-29T05:30:00.664Z] Catch-up sync tamamlandi
[2026-04-30T05:33:40.725Z] ============================================================
[2026-04-30T05:33:40.726Z] CATCH-UP SYNC - Eksik Gun Doldurma
[2026-04-30T05:33:40.726Z] ============================================================
[2026-04-30T05:33:40.727Z] En son veri tarihi: 2026-04-28T23:00:00+03:00
[2026-04-30T05:33:40.747Z] Kontrol araligi: 2026-04-29 - 2026-04-29 (dahil)
[2026-04-30T05:33:40.748Z] ⚠️  1 eksik gun bulundu: 2026-04-29 - 2026-04-29
[2026-04-30T05:33:40.748Z] ------------------------------------------------------------
[2026-04-30T05:33:40.748Z] MCP (FIYAT) VERISI CEKILIYOR...
[2026-04-30T05:33:40.748Z] ------------------------------------------------------------
[2026-04-30T05:33:42.741Z] ✅ 24 MCP kaydi eklendi
[2026-04-30T05:33:42.742Z] ------------------------------------------------------------
[2026-04-30T05:33:42.742Z] GENERATION (URETIM) VERISI CEKILIYOR...
[2026-04-30T05:33:42.742Z] ------------------------------------------------------------
[2026-04-30T05:33:42.742Z] 1 parca halinde cekilecek (API limiti 30 gun)
[2026-04-30T05:33:42.742Z] Parca 1/1: 2026-04-29 - 2026-04-29
[2026-04-30T05:33:43.189Z] ✅ 24 Generation kaydi eklendi
[2026-04-30T05:33:43.190Z] Toplam 24 Generation kaydi eklendi
[2026-04-30T05:33:43.190Z] ------------------------------------------------------------
[2026-04-30T05:33:43.190Z] CONSUMPTION (TUKETIM) VERISI CEKILIYOR...
[2026-04-30T05:33:43.190Z] ------------------------------------------------------------
[2026-04-30T05:33:43.606Z] ✅ 24 Consumption kaydi eklendi
[2026-04-30T05:33:43.606Z] ============================================================
[2026-04-30T05:33:43.606Z] CATCH-UP SYNC TAMAMLANDI
[2026-04-30T05:33:43.606Z] ============================================================
[2026-04-30T05:33:43.607Z] Toplam MCP kaydi: 22248
[2026-04-30T05:33:43.608Z] Toplam Generation kaydi: 22240
[2026-04-30T05:33:43.609Z] Toplam Consumption kaydi: 22248
[2026-04-30T05:33:43.609Z] ============================================================
[2026-04-30T05:33:43.609Z] 🔄 WAL checkpoint yapiliyor (degisiklikleri DB dosyasina yazma)...
[2026-04-30T05:33:43.618Z] ✅ WAL checkpoint tamamlandi
[2026-04-30T05:33:43.618Z] Catch-up sync tamamlandi
[2026-05-01T05:44:42.879Z] ============================================================
[2026-05-01T05:44:42.879Z] CATCH-UP SYNC - Eksik Gun Doldurma
[2026-05-01T05:44:42.879Z] ============================================================
[2026-05-01T05:44:42.880Z] En son veri tarihi: 2026-04-29T23:00:00+03:00
[2026-05-01T05:44:42.902Z] Kontrol araligi: 2026-04-30 - 2026-04-30 (dahil)
[2026-05-01T05:44:42.902Z] ⚠️  1 eksik gun bulundu: 2026-04-30 - 2026-04-30
[2026-05-01T05:44:42.902Z] ------------------------------------------------------------
[2026-05-01T05:44:42.902Z] MCP (FIYAT) VERISI CEKILIYOR...
[2026-05-01T05:44:42.902Z] ------------------------------------------------------------
[2026-05-01T05:44:45.738Z] ✅ 24 MCP kaydi eklendi
[2026-05-01T05:44:45.738Z] ------------------------------------------------------------
[2026-05-01T05:44:45.738Z] GENERATION (URETIM) VERISI CEKILIYOR...
[2026-05-01T05:44:45.738Z] ------------------------------------------------------------
[2026-05-01T05:44:45.738Z] 1 parca halinde cekilecek (API limiti 30 gun)
[2026-05-01T05:44:45.738Z] Parca 1/1: 2026-04-30 - 2026-04-30
[2026-05-01T05:44:46.426Z] ✅ 24 Generation kaydi eklendi
[2026-05-01T05:44:46.426Z] Toplam 24 Generation kaydi eklendi
[2026-05-01T05:44:46.426Z] ------------------------------------------------------------
[2026-05-01T05:44:46.427Z] CONSUMPTION (TUKETIM) VERISI CEKILIYOR...
[2026-05-01T05:44:46.427Z] ------------------------------------------------------------
[2026-05-01T05:44:46.985Z] ✅ 24 Consumption kaydi eklendi
[2026-05-01T05:44:46.985Z] ============================================================
[2026-05-01T05:44:46.985Z] CATCH-UP SYNC TAMAMLANDI
[2026-05-01T05:44:46.985Z] ============================================================
[2026-05-01T05:44:46.986Z] Toplam MCP kaydi: 22272
[2026-05-01T05:44:46.987Z] Toplam Generation kaydi: 22264
[2026-05-01T05:44:46.988Z] Toplam Consumption kaydi: 22272
[2026-05-01T05:44:46.988Z] ============================================================
[2026-05-01T05:44:46.988Z] 🔄 WAL checkpoint yapiliyor (degisiklikleri DB dosyasina yazma)...
[2026-05-01T05:44:46.992Z] ✅ WAL checkpoint tamamlandi
[2026-05-01T05:44:46.992Z] Catch-up sync tamamlandi
[2026-05-02T05:13:59.949Z] ============================================================
[2026-05-02T05:13:59.949Z] CATCH-UP SYNC - Eksik Gun Doldurma
[2026-05-02T05:13:59.950Z] ============================================================
[2026-05-02T05:13:59.950Z] En son veri tarihi: 2026-04-30T23:00:00+03:00
[2026-05-02T05:13:59.996Z] Kontrol araligi: 2026-05-01 - 2026-05-01 (dahil)
[2026-05-02T05:13:59.996Z] ⚠️  1 eksik gun bulundu: 2026-05-01 - 2026-05-01
[2026-05-02T05:13:59.996Z] ------------------------------------------------------------
[2026-05-02T05:13:59.997Z] MCP (FIYAT) VERISI CEKILIYOR...
[2026-05-02T05:13:59.997Z] ------------------------------------------------------------
[2026-05-02T05:14:02.509Z] ✅ 24 MCP kaydi eklendi
[2026-05-02T05:14:02.509Z] ------------------------------------------------------------
[2026-05-02T05:14:02.509Z] GENERATION (URETIM) VERISI CEKILIYOR...
[2026-05-02T05:14:02.509Z] ------------------------------------------------------------
[2026-05-02T05:14:02.510Z] 1 parca halinde cekilecek (API limiti 30 gun)
[2026-05-02T05:14:02.510Z] Parca 1/1: 2026-05-01 - 2026-05-01
[2026-05-02T05:14:03.149Z] ✅ 24 Generation kaydi eklendi
[2026-05-02T05:14:03.149Z] Toplam 24 Generation kaydi eklendi
[2026-05-02T05:14:03.149Z] ------------------------------------------------------------
[2026-05-02T05:14:03.149Z] CONSUMPTION (TUKETIM) VERISI CEKILIYOR...
[2026-05-02T05:14:03.149Z] ------------------------------------------------------------
[2026-05-02T05:14:03.678Z] ✅ 24 Consumption kaydi eklendi
[2026-05-02T05:14:03.678Z] ============================================================
[2026-05-02T05:14:03.678Z] CATCH-UP SYNC TAMAMLANDI
[2026-05-02T05:14:03.678Z] ============================================================
[2026-05-02T05:14:03.679Z] Toplam MCP kaydi: 22296
[2026-05-02T05:14:03.680Z] Toplam Generation kaydi: 22288
[2026-05-02T05:14:03.680Z] Toplam Consumption kaydi: 22296
[2026-05-02T05:14:03.681Z] ============================================================
[2026-05-02T05:14:03.681Z] 🔄 WAL checkpoint yapiliyor (degisiklikleri DB dosyasina yazma)...
[2026-05-02T05:14:03.684Z] ✅ WAL checkpoint tamamlandi
[2026-05-02T05:14:03.684Z] Catch-up sync tamamlandi
[2026-05-03T05:33:32.102Z] ============================================================
[2026-05-03T05:33:32.102Z] CATCH-UP SYNC - Eksik Gun Doldurma
[2026-05-03T05:33:32.103Z] ============================================================
[2026-05-03T05:33:32.103Z] En son veri tarihi: 2026-05-01T23:00:00+03:00
[2026-05-03T05:33:32.121Z] Kontrol araligi: 2026-05-02 - 2026-05-02 (dahil)
[2026-05-03T05:33:32.122Z] ⚠️  1 eksik gun bulundu: 2026-05-02 - 2026-05-02
[2026-05-03T05:33:32.122Z] ------------------------------------------------------------
[2026-05-03T05:33:32.122Z] MCP (FIYAT) VERISI CEKILIYOR...
[2026-05-03T05:33:32.122Z] ------------------------------------------------------------
[2026-05-03T05:33:33.673Z] ✅ 24 MCP kaydi eklendi
[2026-05-03T05:33:33.674Z] ------------------------------------------------------------
[2026-05-03T05:33:33.674Z] GENERATION (URETIM) VERISI CEKILIYOR...
[2026-05-03T05:33:33.674Z] ------------------------------------------------------------
[2026-05-03T05:33:33.674Z] 1 parca halinde cekilecek (API limiti 30 gun)
[2026-05-03T05:33:33.674Z] Parca 1/1: 2026-05-02 - 2026-05-02
[2026-05-03T05:33:34.105Z] ✅ 24 Generation kaydi eklendi
[2026-05-03T05:33:34.105Z] Toplam 24 Generation kaydi eklendi
[2026-05-03T05:33:34.105Z] ------------------------------------------------------------
[2026-05-03T05:33:34.105Z] CONSUMPTION (TUKETIM) VERISI CEKILIYOR...
[2026-05-03T05:33:34.105Z] ------------------------------------------------------------
[2026-05-03T05:33:34.585Z] ✅ 24 Consumption kaydi eklendi
[2026-05-03T05:33:34.585Z] ============================================================
[2026-05-03T05:33:34.585Z] CATCH-UP SYNC TAMAMLANDI
[2026-05-03T05:33:34.586Z] ============================================================
[2026-05-03T05:33:34.586Z] Toplam MCP kaydi: 22320
[2026-05-03T05:33:34.587Z] Toplam Generation kaydi: 22312
[2026-05-03T05:33:34.588Z] Toplam Consumption kaydi: 22320
[2026-05-03T05:33:34.588Z] ============================================================
[2026-05-03T05:33:34.588Z] 🔄 WAL checkpoint yapiliyor (degisiklikleri DB dosyasina yazma)...
[2026-05-03T05:33:34.595Z] ✅ WAL checkpoint tamamlandi
[2026-05-03T05:33:34.595Z] Catch-up sync tamamlandi
[2026-05-04T05:37:38.622Z] ============================================================
[2026-05-04T05:37:38.623Z] CATCH-UP SYNC - Eksik Gun Doldurma
[2026-05-04T05:37:38.623Z] ============================================================
[2026-05-04T05:37:38.624Z] En son veri tarihi: 2026-05-02T23:00:00+03:00
[2026-05-04T05:37:38.647Z] Kontrol araligi: 2026-05-03 - 2026-05-03 (dahil)
[2026-05-04T05:37:38.647Z] ⚠️  1 eksik gun bulundu: 2026-05-03 - 2026-05-03
[2026-05-04T05:37:38.647Z] ------------------------------------------------------------
[2026-05-04T05:37:38.648Z] MCP (FIYAT) VERISI CEKILIYOR...
[2026-05-04T05:37:38.648Z] ------------------------------------------------------------
[2026-05-04T05:37:40.844Z] ✅ 24 MCP kaydi eklendi
[2026-05-04T05:37:40.844Z] ------------------------------------------------------------
[2026-05-04T05:37:40.844Z] GENERATION (URETIM) VERISI CEKILIYOR...
[2026-05-04T05:37:40.844Z] ------------------------------------------------------------
[2026-05-04T05:37:40.844Z] 1 parca halinde cekilecek (API limiti 30 gun)
[2026-05-04T05:37:40.844Z] Parca 1/1: 2026-05-03 - 2026-05-03
[2026-05-04T05:37:41.323Z] ✅ 24 Generation kaydi eklendi
[2026-05-04T05:37:41.323Z] Toplam 24 Generation kaydi eklendi
[2026-05-04T05:37:41.323Z] ------------------------------------------------------------
[2026-05-04T05:37:41.324Z] CONSUMPTION (TUKETIM) VERISI CEKILIYOR...
[2026-05-04T05:37:41.324Z] ------------------------------------------------------------
[2026-05-04T05:37:41.812Z] ✅ 24 Consumption kaydi eklendi
[2026-05-04T05:37:41.812Z] ============================================================
[2026-05-04T05:37:41.812Z] CATCH-UP SYNC TAMAMLANDI
[2026-05-04T05:37:41.812Z] ============================================================
[2026-05-04T05:37:41.813Z] Toplam MCP kaydi: 22344
[2026-05-04T05:37:41.814Z] Toplam Generation kaydi: 22336
[2026-05-04T05:37:41.815Z] Toplam Consumption kaydi: 22344
[2026-05-04T05:37:41.815Z] ============================================================
[2026-05-04T05:37:41.815Z] 🔄 WAL checkpoint yapiliyor (degisiklikleri DB dosyasina yazma)...
[2026-05-04T05:37:41.818Z] ✅ WAL checkpoint tamamlandi
[2026-05-04T05:37:41.818Z] Catch-up sync tamamlandi
[2026-05-05T05:17:52.169Z] ============================================================
[2026-05-05T05:17:52.169Z] CATCH-UP SYNC - Eksik Gun Doldurma
[2026-05-05T05:17:52.169Z] ============================================================
[2026-05-05T05:17:52.170Z] En son veri tarihi: 2026-05-03T23:00:00+03:00
[2026-05-05T05:17:52.186Z] Kontrol araligi: 2026-05-04 - 2026-05-04 (dahil)
[2026-05-05T05:17:52.186Z] ⚠️  1 eksik gun bulundu: 2026-05-04 - 2026-05-04
[2026-05-05T05:17:52.186Z] ------------------------------------------------------------
[2026-05-05T05:17:52.186Z] MCP (FIYAT) VERISI CEKILIYOR...
[2026-05-05T05:17:52.186Z] ------------------------------------------------------------
[2026-05-05T05:17:53.859Z] ✅ 24 MCP kaydi eklendi
[2026-05-05T05:17:53.859Z] ------------------------------------------------------------
[2026-05-05T05:17:53.859Z] GENERATION (URETIM) VERISI CEKILIYOR...
[2026-05-05T05:17:53.859Z] ------------------------------------------------------------
[2026-05-05T05:17:53.859Z] 1 parca halinde cekilecek (API limiti 30 gun)
[2026-05-05T05:17:53.859Z] Parca 1/1: 2026-05-04 - 2026-05-04
[2026-05-05T05:17:54.338Z] ✅ 24 Generation kaydi eklendi
[2026-05-05T05:17:54.338Z] Toplam 24 Generation kaydi eklendi
[2026-05-05T05:17:54.338Z] ------------------------------------------------------------
[2026-05-05T05:17:54.338Z] CONSUMPTION (TUKETIM) VERISI CEKILIYOR...
[2026-05-05T05:17:54.338Z] ------------------------------------------------------------
[2026-05-05T05:17:54.804Z] ✅ 24 Consumption kaydi eklendi
[2026-05-05T05:17:54.804Z] ============================================================
[2026-05-05T05:17:54.804Z] CATCH-UP SYNC TAMAMLANDI
[2026-05-05T05:17:54.804Z] ============================================================
[2026-05-05T05:17:54.805Z] Toplam MCP kaydi: 22368
[2026-05-05T05:17:54.806Z] Toplam Generation kaydi: 22360
[2026-05-05T05:17:54.807Z] Toplam Consumption kaydi: 22368
[2026-05-05T05:17:54.807Z] ============================================================
[2026-05-05T05:17:54.807Z] 🔄 WAL checkpoint yapiliyor (degisiklikleri DB dosyasina yazma)...
[2026-05-05T05:17:54.814Z] ✅ WAL checkpoint tamamlandi
[2026-05-05T05:17:54.815Z] Catch-up sync tamamlandi
[2026-05-06T05:32:22.535Z] ============================================================
[2026-05-06T05:32:22.536Z] CATCH-UP SYNC - Eksik Gun Doldurma
[2026-05-06T05:32:22.536Z] ============================================================
[2026-05-06T05:32:22.536Z] En son veri tarihi: 2026-05-04T23:00:00+03:00
[2026-05-06T05:32:22.553Z] Kontrol araligi: 2026-05-05 - 2026-05-05 (dahil)
[2026-05-06T05:32:22.553Z] ⚠️  1 eksik gun bulundu: 2026-05-05 - 2026-05-05
[2026-05-06T05:32:22.553Z] ------------------------------------------------------------
[2026-05-06T05:32:22.554Z] MCP (FIYAT) VERISI CEKILIYOR...
[2026-05-06T05:32:22.554Z] ------------------------------------------------------------
[2026-05-06T05:32:24.663Z] ✅ 24 MCP kaydi eklendi
[2026-05-06T05:32:24.663Z] ------------------------------------------------------------
[2026-05-06T05:32:24.663Z] GENERATION (URETIM) VERISI CEKILIYOR...
[2026-05-06T05:32:24.663Z] ------------------------------------------------------------
[2026-05-06T05:32:24.663Z] 1 parca halinde cekilecek (API limiti 30 gun)
[2026-05-06T05:32:24.663Z] Parca 1/1: 2026-05-05 - 2026-05-05
[2026-05-06T05:32:25.088Z] ✅ 24 Generation kaydi eklendi
[2026-05-06T05:32:25.088Z] Toplam 24 Generation kaydi eklendi
[2026-05-06T05:32:25.088Z] ------------------------------------------------------------
[2026-05-06T05:32:25.088Z] CONSUMPTION (TUKETIM) VERISI CEKILIYOR...
[2026-05-06T05:32:25.088Z] ------------------------------------------------------------
[2026-05-06T05:32:25.571Z] ✅ 24 Consumption kaydi eklendi
[2026-05-06T05:32:25.571Z] ============================================================
[2026-05-06T05:32:25.571Z] CATCH-UP SYNC TAMAMLANDI
[2026-05-06T05:32:25.571Z] ============================================================
[2026-05-06T05:32:25.572Z] Toplam MCP kaydi: 22392
[2026-05-06T05:32:25.573Z] Toplam Generation kaydi: 22384
[2026-05-06T05:32:25.574Z] Toplam Consumption kaydi: 22392
[2026-05-06T05:32:25.574Z] ============================================================
[2026-05-06T05:32:25.574Z] 🔄 WAL checkpoint yapiliyor (degisiklikleri DB dosyasina yazma)...
[2026-05-06T05:32:25.578Z] ✅ WAL checkpoint tamamlandi
[2026-05-06T05:32:25.578Z] Catch-up sync tamamlandi
[2026-05-07T05:34:55.232Z] ============================================================
[2026-05-07T05:34:55.233Z] CATCH-UP SYNC - Eksik Gun Doldurma
[2026-05-07T05:34:55.233Z] ============================================================
[2026-05-07T05:34:55.233Z] En son veri tarihi: 2026-05-05T23:00:00+03:00
[2026-05-07T05:34:55.257Z] Kontrol araligi: 2026-05-06 - 2026-05-06 (dahil)
[2026-05-07T05:34:55.257Z] ⚠️  1 eksik gun bulundu: 2026-05-06 - 2026-05-06
[2026-05-07T05:34:55.257Z] ------------------------------------------------------------
[2026-05-07T05:34:55.257Z] MCP (FIYAT) VERISI CEKILIYOR...
[2026-05-07T05:34:55.258Z] ------------------------------------------------------------
[2026-05-07T05:34:57.681Z] ✅ 24 MCP kaydi eklendi
[2026-05-07T05:34:57.681Z] ------------------------------------------------------------
[2026-05-07T05:34:57.681Z] GENERATION (URETIM) VERISI CEKILIYOR...
[2026-05-07T05:34:57.681Z] ------------------------------------------------------------
[2026-05-07T05:34:57.681Z] 1 parca halinde cekilecek (API limiti 30 gun)
[2026-05-07T05:34:57.681Z] Parca 1/1: 2026-05-06 - 2026-05-06
[2026-05-07T05:34:58.117Z] ✅ 24 Generation kaydi eklendi
[2026-05-07T05:34:58.117Z] Toplam 24 Generation kaydi eklendi
[2026-05-07T05:34:58.117Z] ------------------------------------------------------------
[2026-05-07T05:34:58.117Z] CONSUMPTION (TUKETIM) VERISI CEKILIYOR...
[2026-05-07T05:34:58.117Z] ------------------------------------------------------------
[2026-05-07T05:34:58.573Z] ✅ 24 Consumption kaydi eklendi
[2026-05-07T05:34:58.573Z] ============================================================
[2026-05-07T05:34:58.573Z] CATCH-UP SYNC TAMAMLANDI
[2026-05-07T05:34:58.573Z] ============================================================
[2026-05-07T05:34:58.574Z] Toplam MCP kaydi: 22416
[2026-05-07T05:34:58.575Z] Toplam Generation kaydi: 22408
[2026-05-07T05:34:58.575Z] Toplam Consumption kaydi: 22416
[2026-05-07T05:34:58.575Z] ============================================================
[2026-05-07T05:34:58.576Z] 🔄 WAL checkpoint yapiliyor (degisiklikleri DB dosyasina yazma)...
[2026-05-07T05:34:58.580Z] ✅ WAL checkpoint tamamlandi
[2026-05-07T05:34:58.581Z] Catch-up sync tamamlandi
[2026-05-08T04:55:30.649Z] ============================================================
[2026-05-08T04:55:30.650Z] CATCH-UP SYNC - Eksik Gun Doldurma
[2026-05-08T04:55:30.650Z] ============================================================
[2026-05-08T04:55:30.650Z] En son veri tarihi: 2026-05-06T23:00:00+03:00
[2026-05-08T04:55:30.742Z] Kontrol araligi: 2026-05-07 - 2026-05-07 (dahil)
[2026-05-08T04:55:30.742Z] ⚠️  1 eksik gun bulundu: 2026-05-07 - 2026-05-07
[2026-05-08T04:55:30.742Z] ------------------------------------------------------------
[2026-05-08T04:55:30.743Z] MCP (FIYAT) VERISI CEKILIYOR...
[2026-05-08T04:55:30.743Z] ------------------------------------------------------------
[2026-05-08T04:55:32.938Z] ✅ 24 MCP kaydi eklendi
[2026-05-08T04:55:32.938Z] ------------------------------------------------------------
[2026-05-08T04:55:32.938Z] GENERATION (URETIM) VERISI CEKILIYOR...
[2026-05-08T04:55:32.938Z] ------------------------------------------------------------
[2026-05-08T04:55:32.938Z] 1 parca halinde cekilecek (API limiti 30 gun)
[2026-05-08T04:55:32.938Z] Parca 1/1: 2026-05-07 - 2026-05-07
[2026-05-08T04:55:33.513Z] ✅ 24 Generation kaydi eklendi
[2026-05-08T04:55:33.513Z] Toplam 24 Generation kaydi eklendi
[2026-05-08T04:55:33.513Z] ------------------------------------------------------------
[2026-05-08T04:55:33.514Z] CONSUMPTION (TUKETIM) VERISI CEKILIYOR...
[2026-05-08T04:55:33.514Z] ------------------------------------------------------------
[2026-05-08T04:55:33.996Z] ✅ 24 Consumption kaydi eklendi
[2026-05-08T04:55:33.996Z] ============================================================
[2026-05-08T04:55:33.996Z] CATCH-UP SYNC TAMAMLANDI
[2026-05-08T04:55:33.996Z] ============================================================
[2026-05-08T04:55:33.997Z] Toplam MCP kaydi: 22440
[2026-05-08T04:55:33.998Z] Toplam Generation kaydi: 22432
[2026-05-08T04:55:33.998Z] Toplam Consumption kaydi: 22440
[2026-05-08T04:55:33.998Z] ============================================================
[2026-05-08T04:55:33.999Z] 🔄 WAL checkpoint yapiliyor (degisiklikleri DB dosyasina yazma)...
[2026-05-08T04:55:34.006Z] ✅ WAL checkpoint tamamlandi
[2026-05-08T04:55:34.007Z] Catch-up sync tamamlandi
[2026-05-10T05:40:05.804Z] ============================================================
[2026-05-10T05:40:05.804Z] CATCH-UP SYNC - Eksik Gun Doldurma
[2026-05-10T05:40:05.804Z] ============================================================
[2026-05-10T05:40:05.805Z] En son veri tarihi: 2026-05-07T23:00:00+03:00
[2026-05-10T05:40:05.874Z] Kontrol araligi: 2026-05-08 - 2026-05-09 (dahil)
[2026-05-10T05:40:05.874Z] ⚠️  2 eksik gun bulundu: 2026-05-08 - 2026-05-09
[2026-05-10T05:40:05.874Z] ------------------------------------------------------------
[2026-05-10T05:40:05.875Z] MCP (FIYAT) VERISI CEKILIYOR...
[2026-05-10T05:40:05.875Z] ------------------------------------------------------------
[2026-05-10T05:40:07.952Z] ✅ 48 MCP kaydi eklendi
[2026-05-10T05:40:07.952Z] ------------------------------------------------------------
[2026-05-10T05:40:07.952Z] GENERATION (URETIM) VERISI CEKILIYOR...
[2026-05-10T05:40:07.952Z] ------------------------------------------------------------
[2026-05-10T05:40:07.952Z] 1 parca halinde cekilecek (API limiti 30 gun)
[2026-05-10T05:40:07.952Z] Parca 1/1: 2026-05-08 - 2026-05-09
[2026-05-10T05:40:08.647Z] ✅ 48 Generation kaydi eklendi
[2026-05-10T05:40:08.647Z] Toplam 48 Generation kaydi eklendi
[2026-05-10T05:40:08.647Z] ------------------------------------------------------------
[2026-05-10T05:40:08.648Z] CONSUMPTION (TUKETIM) VERISI CEKILIYOR...
[2026-05-10T05:40:08.648Z] ------------------------------------------------------------
[2026-05-10T05:40:09.113Z] ✅ 48 Consumption kaydi eklendi
[2026-05-10T05:40:09.113Z] ============================================================
[2026-05-10T05:40:09.113Z] CATCH-UP SYNC TAMAMLANDI
[2026-05-10T05:40:09.113Z] ============================================================
[2026-05-10T05:40:09.114Z] Toplam MCP kaydi: 22488
[2026-05-10T05:40:09.115Z] Toplam Generation kaydi: 22480
[2026-05-10T05:40:09.117Z] Toplam Consumption kaydi: 22488
[2026-05-10T05:40:09.117Z] ============================================================
[2026-05-10T05:40:09.117Z] 🔄 WAL checkpoint yapiliyor (degisiklikleri DB dosyasina yazma)...
[2026-05-10T05:40:09.120Z] ✅ WAL checkpoint tamamlandi
[2026-05-10T05:40:09.120Z] Catch-up sync tamamlandi
[2026-05-11T06:01:53.347Z] ============================================================
[2026-05-11T06:01:53.348Z] CATCH-UP SYNC - Eksik Gun Doldurma
[2026-05-11T06:01:53.348Z] ============================================================
[2026-05-11T06:01:53.348Z] En son veri tarihi: 2026-05-09T23:00:00+03:00
[2026-05-11T06:01:53.394Z] Kontrol araligi: 2026-05-10 - 2026-05-10 (dahil)
[2026-05-11T06:01:53.396Z] ⚠️  1 eksik gun bulundu: 2026-05-10 - 2026-05-10
[2026-05-11T06:01:53.396Z] ------------------------------------------------------------
[2026-05-11T06:01:53.396Z] MCP (FIYAT) VERISI CEKILIYOR...
[2026-05-11T06:01:53.396Z] ------------------------------------------------------------
[2026-05-11T06:01:55.321Z] ✅ 24 MCP kaydi eklendi
[2026-05-11T06:01:55.322Z] ------------------------------------------------------------
[2026-05-11T06:01:55.322Z] GENERATION (URETIM) VERISI CEKILIYOR...
[2026-05-11T06:01:55.322Z] ------------------------------------------------------------
[2026-05-11T06:01:55.322Z] 1 parca halinde cekilecek (API limiti 30 gun)
[2026-05-11T06:01:55.322Z] Parca 1/1: 2026-05-10 - 2026-05-10
[2026-05-11T06:01:55.801Z] ✅ 24 Generation kaydi eklendi
[2026-05-11T06:01:55.801Z] Toplam 24 Generation kaydi eklendi
[2026-05-11T06:01:55.801Z] ------------------------------------------------------------
[2026-05-11T06:01:55.801Z] CONSUMPTION (TUKETIM) VERISI CEKILIYOR...
[2026-05-11T06:01:55.801Z] ------------------------------------------------------------
[2026-05-11T06:01:56.271Z] ✅ 24 Consumption kaydi eklendi
[2026-05-11T06:01:56.271Z] ============================================================
[2026-05-11T06:01:56.271Z] CATCH-UP SYNC TAMAMLANDI
[2026-05-11T06:01:56.271Z] ============================================================
[2026-05-11T06:01:56.272Z] Toplam MCP kaydi: 22512
[2026-05-11T06:01:56.274Z] Toplam Generation kaydi: 22504
[2026-05-11T06:01:56.274Z] Toplam Consumption kaydi: 22512
[2026-05-11T06:01:56.275Z] ============================================================
[2026-05-11T06:01:56.275Z] 🔄 WAL checkpoint yapiliyor (degisiklikleri DB dosyasina yazma)...
[2026-05-11T06:01:56.280Z] ✅ WAL checkpoint tamamlandi
[2026-05-11T06:01:56.281Z] Catch-up sync tamamlandi
[2026-05-12T05:41:22.111Z] ============================================================
[2026-05-12T05:41:22.111Z] CATCH-UP SYNC - Eksik Gun Doldurma
[2026-05-12T05:41:22.111Z] ============================================================
[2026-05-12T05:41:22.112Z] En son veri tarihi: 2026-05-10T23:00:00+03:00
[2026-05-12T05:41:22.216Z] Kontrol araligi: 2026-05-11 - 2026-05-11 (dahil)
[2026-05-12T05:41:22.217Z] ⚠️  1 eksik gun bulundu: 2026-05-11 - 2026-05-11
[2026-05-12T05:41:22.217Z] ------------------------------------------------------------
[2026-05-12T05:41:22.217Z] MCP (FIYAT) VERISI CEKILIYOR...
[2026-05-12T05:41:22.217Z] ------------------------------------------------------------
[2026-05-12T05:41:25.593Z] ✅ 24 MCP kaydi eklendi
[2026-05-12T05:41:25.593Z] ------------------------------------------------------------
[2026-05-12T05:41:25.593Z] GENERATION (URETIM) VERISI CEKILIYOR...
[2026-05-12T05:41:25.593Z] ------------------------------------------------------------
[2026-05-12T05:41:25.593Z] 1 parca halinde cekilecek (API limiti 30 gun)
[2026-05-12T05:41:25.593Z] Parca 1/1: 2026-05-11 - 2026-05-11
[2026-05-12T05:41:26.295Z] ✅ 24 Generation kaydi eklendi
[2026-05-12T05:41:26.295Z] Toplam 24 Generation kaydi eklendi
[2026-05-12T05:41:26.295Z] ------------------------------------------------------------
[2026-05-12T05:41:26.295Z] CONSUMPTION (TUKETIM) VERISI CEKILIYOR...
[2026-05-12T05:41:26.295Z] ------------------------------------------------------------
[2026-05-12T05:41:26.823Z] ✅ 24 Consumption kaydi eklendi
[2026-05-12T05:41:26.823Z] ============================================================
[2026-05-12T05:41:26.823Z] CATCH-UP SYNC TAMAMLANDI
[2026-05-12T05:41:26.823Z] ============================================================
[2026-05-12T05:41:26.824Z] Toplam MCP kaydi: 22536
[2026-05-12T05:41:26.825Z] Toplam Generation kaydi: 22528
[2026-05-12T05:41:26.826Z] Toplam Consumption kaydi: 22536
[2026-05-12T05:41:26.826Z] ============================================================
[2026-05-12T05:41:26.826Z] 🔄 WAL checkpoint yapiliyor (degisiklikleri DB dosyasina yazma)...
[2026-05-12T05:41:26.829Z] ✅ WAL checkpoint tamamlandi
[2026-05-12T05:41:26.830Z] Catch-up sync tamamlandi
[2026-05-13T05:51:54.881Z] ============================================================
[2026-05-13T05:51:54.881Z] CATCH-UP SYNC - Eksik Gun Doldurma
[2026-05-13T05:51:54.881Z] ============================================================
[2026-05-13T05:51:54.882Z] En son veri tarihi: 2026-05-11T23:00:00+03:00
[2026-05-13T05:51:54.909Z] Kontrol araligi: 2026-05-12 - 2026-05-12 (dahil)
[2026-05-13T05:51:54.909Z] ⚠️  1 eksik gun bulundu: 2026-05-12 - 2026-05-12
[2026-05-13T05:51:54.909Z] ------------------------------------------------------------
[2026-05-13T05:51:54.910Z] MCP (FIYAT) VERISI CEKILIYOR...
[2026-05-13T05:51:54.910Z] ------------------------------------------------------------
[2026-05-13T05:51:57.383Z] ✅ 24 MCP kaydi eklendi
[2026-05-13T05:51:57.384Z] ------------------------------------------------------------
[2026-05-13T05:51:57.384Z] GENERATION (URETIM) VERISI CEKILIYOR...
[2026-05-13T05:51:57.384Z] ------------------------------------------------------------
[2026-05-13T05:51:57.384Z] 1 parca halinde cekilecek (API limiti 30 gun)
[2026-05-13T05:51:57.384Z] Parca 1/1: 2026-05-12 - 2026-05-12
[2026-05-13T05:51:58.045Z] ✅ 24 Generation kaydi eklendi
[2026-05-13T05:51:58.045Z] Toplam 24 Generation kaydi eklendi
[2026-05-13T05:51:58.045Z] ------------------------------------------------------------
[2026-05-13T05:51:58.045Z] CONSUMPTION (TUKETIM) VERISI CEKILIYOR...
[2026-05-13T05:51:58.045Z] ------------------------------------------------------------
[2026-05-13T05:51:58.572Z] ✅ 24 Consumption kaydi eklendi
[2026-05-13T05:51:58.572Z] ============================================================
[2026-05-13T05:51:58.573Z] CATCH-UP SYNC TAMAMLANDI
[2026-05-13T05:51:58.573Z] ============================================================
[2026-05-13T05:51:58.573Z] Toplam MCP kaydi: 22560
[2026-05-13T05:51:58.574Z] Toplam Generation kaydi: 22552
[2026-05-13T05:51:58.575Z] Toplam Consumption kaydi: 22560
[2026-05-13T05:51:58.575Z] ============================================================
[2026-05-13T05:51:58.575Z] 🔄 WAL checkpoint yapiliyor (degisiklikleri DB dosyasina yazma)...
[2026-05-13T05:51:58.581Z] ✅ WAL checkpoint tamamlandi
[2026-05-13T05:51:58.581Z] Catch-up sync tamamlandi
[2026-05-14T05:51:07.506Z] ============================================================
[2026-05-14T05:51:07.506Z] CATCH-UP SYNC - Eksik Gun Doldurma
[2026-05-14T05:51:07.507Z] ============================================================
[2026-05-14T05:51:07.507Z] En son veri tarihi: 2026-05-12T23:00:00+03:00
[2026-05-14T05:51:07.528Z] Kontrol araligi: 2026-05-13 - 2026-05-13 (dahil)
[2026-05-14T05:51:07.529Z] ⚠️  1 eksik gun bulundu: 2026-05-13 - 2026-05-13
[2026-05-14T05:51:07.529Z] ------------------------------------------------------------
[2026-05-14T05:51:07.529Z] MCP (FIYAT) VERISI CEKILIYOR...
[2026-05-14T05:51:07.529Z] ------------------------------------------------------------
[2026-05-14T05:51:09.591Z] ✅ 24 MCP kaydi eklendi
[2026-05-14T05:51:09.591Z] ------------------------------------------------------------
[2026-05-14T05:51:09.591Z] GENERATION (URETIM) VERISI CEKILIYOR...
[2026-05-14T05:51:09.591Z] ------------------------------------------------------------
[2026-05-14T05:51:09.591Z] 1 parca halinde cekilecek (API limiti 30 gun)
[2026-05-14T05:51:09.591Z] Parca 1/1: 2026-05-13 - 2026-05-13
[2026-05-14T05:51:10.247Z] ✅ 24 Generation kaydi eklendi
[2026-05-14T05:51:10.247Z] Toplam 24 Generation kaydi eklendi
[2026-05-14T05:51:10.247Z] ------------------------------------------------------------
[2026-05-14T05:51:10.248Z] CONSUMPTION (TUKETIM) VERISI CEKILIYOR...
[2026-05-14T05:51:10.248Z] ------------------------------------------------------------
[2026-05-14T05:51:10.683Z] ✅ 24 Consumption kaydi eklendi
[2026-05-14T05:51:10.683Z] ============================================================
[2026-05-14T05:51:10.683Z] CATCH-UP SYNC TAMAMLANDI
[2026-05-14T05:51:10.683Z] ============================================================
[2026-05-14T05:51:10.684Z] Toplam MCP kaydi: 22584
[2026-05-14T05:51:10.685Z] Toplam Generation kaydi: 22576
[2026-05-14T05:51:10.686Z] Toplam Consumption kaydi: 22584
[2026-05-14T05:51:10.686Z] ============================================================
[2026-05-14T05:51:10.686Z] 🔄 WAL checkpoint yapiliyor (degisiklikleri DB dosyasina yazma)...
[2026-05-14T05:51:10.693Z] ✅ WAL checkpoint tamamlandi
[2026-05-14T05:51:10.694Z] Catch-up sync tamamlandi
[2026-05-15T05:57:39.510Z] ============================================================
[2026-05-15T05:57:39.511Z] CATCH-UP SYNC - Eksik Gun Doldurma
[2026-05-15T05:57:39.511Z] ============================================================
[2026-05-15T05:57:39.511Z] En son veri tarihi: 2026-05-13T23:00:00+03:00
[2026-05-15T05:57:39.565Z] Kontrol araligi: 2026-05-14 - 2026-05-14 (dahil)
[2026-05-15T05:57:39.565Z] ⚠️  1 eksik gun bulundu: 2026-05-14 - 2026-05-14
[2026-05-15T05:57:39.565Z] ------------------------------------------------------------
[2026-05-15T05:57:39.565Z] MCP (FIYAT) VERISI CEKILIYOR...
[2026-05-15T05:57:39.565Z] ------------------------------------------------------------
[2026-05-15T05:57:42.301Z] ✅ 24 MCP kaydi eklendi
[2026-05-15T05:57:42.301Z] ------------------------------------------------------------
[2026-05-15T05:57:42.301Z] GENERATION (URETIM) VERISI CEKILIYOR...
[2026-05-15T05:57:42.301Z] ------------------------------------------------------------
[2026-05-15T05:57:42.301Z] 1 parca halinde cekilecek (API limiti 30 gun)
[2026-05-15T05:57:42.302Z] Parca 1/1: 2026-05-14 - 2026-05-14
[2026-05-15T05:57:42.803Z] ✅ 24 Generation kaydi eklendi
[2026-05-15T05:57:42.803Z] Toplam 24 Generation kaydi eklendi
[2026-05-15T05:57:42.803Z] ------------------------------------------------------------
[2026-05-15T05:57:42.803Z] CONSUMPTION (TUKETIM) VERISI CEKILIYOR...
[2026-05-15T05:57:42.803Z] ------------------------------------------------------------
[2026-05-15T05:57:43.279Z] ✅ 24 Consumption kaydi eklendi
[2026-05-15T05:57:43.279Z] ============================================================
[2026-05-15T05:57:43.279Z] CATCH-UP SYNC TAMAMLANDI
[2026-05-15T05:57:43.279Z] ============================================================
[2026-05-15T05:57:43.280Z] Toplam MCP kaydi: 22608
[2026-05-15T05:57:43.281Z] Toplam Generation kaydi: 22600
[2026-05-15T05:57:43.282Z] Toplam Consumption kaydi: 22608
[2026-05-15T05:57:43.282Z] ============================================================
[2026-05-15T05:57:43.282Z] 🔄 WAL checkpoint yapiliyor (degisiklikleri DB dosyasina yazma)...
[2026-05-15T05:57:43.289Z] ✅ WAL checkpoint tamamlandi
[2026-05-15T05:57:43.290Z] Catch-up sync tamamlandi
[2026-05-16T05:30:14.149Z] ============================================================
[2026-05-16T05:30:14.150Z] CATCH-UP SYNC - Eksik Gun Doldurma
[2026-05-16T05:30:14.150Z] ============================================================
[2026-05-16T05:30:14.150Z] En son veri tarihi: 2026-05-14T23:00:00+03:00
[2026-05-16T05:30:14.163Z] Kontrol araligi: 2026-05-15 - 2026-05-15 (dahil)
[2026-05-16T05:30:14.163Z] ⚠️  1 eksik gun bulundu: 2026-05-15 - 2026-05-15
[2026-05-16T05:30:14.163Z] ------------------------------------------------------------
[2026-05-16T05:30:14.163Z] MCP (FIYAT) VERISI CEKILIYOR...
[2026-05-16T05:30:14.163Z] ------------------------------------------------------------
[2026-05-16T05:30:16.883Z] ✅ 24 MCP kaydi eklendi
[2026-05-16T05:30:16.883Z] ------------------------------------------------------------
[2026-05-16T05:30:16.883Z] GENERATION (URETIM) VERISI CEKILIYOR...
[2026-05-16T05:30:16.883Z] ------------------------------------------------------------
[2026-05-16T05:30:16.883Z] 1 parca halinde cekilecek (API limiti 30 gun)
[2026-05-16T05:30:16.883Z] Parca 1/1: 2026-05-15 - 2026-05-15
[2026-05-16T05:30:17.694Z] ✅ 24 Generation kaydi eklendi
[2026-05-16T05:30:17.694Z] Toplam 24 Generation kaydi eklendi
[2026-05-16T05:30:17.694Z] ------------------------------------------------------------
[2026-05-16T05:30:17.694Z] CONSUMPTION (TUKETIM) VERISI CEKILIYOR...
[2026-05-16T05:30:17.694Z] ------------------------------------------------------------
[2026-05-16T05:30:18.316Z] ✅ 24 Consumption kaydi eklendi
[2026-05-16T05:30:18.316Z] ============================================================
[2026-05-16T05:30:18.317Z] CATCH-UP SYNC TAMAMLANDI
[2026-05-16T05:30:18.317Z] ============================================================
[2026-05-16T05:30:18.317Z] Toplam MCP kaydi: 22632
[2026-05-16T05:30:18.318Z] Toplam Generation kaydi: 22624
[2026-05-16T05:30:18.319Z] Toplam Consumption kaydi: 22632
[2026-05-16T05:30:18.319Z] ============================================================
[2026-05-16T05:30:18.319Z] 🔄 WAL checkpoint yapiliyor (degisiklikleri DB dosyasina yazma)...
[2026-05-16T05:30:18.482Z] ✅ WAL checkpoint tamamlandi
[2026-05-16T05:30:18.483Z] Catch-up sync tamamlandi
[2026-05-17T05:51:33.371Z] ============================================================
[2026-05-17T05:51:33.372Z] CATCH-UP SYNC - Eksik Gun Doldurma
[2026-05-17T05:51:33.372Z] ============================================================
[2026-05-17T05:51:33.372Z] En son veri tarihi: 2026-05-15T23:00:00+03:00
[2026-05-17T05:51:33.405Z] Kontrol araligi: 2026-05-16 - 2026-05-16 (dahil)
[2026-05-17T05:51:33.405Z] ⚠️  1 eksik gun bulundu: 2026-05-16 - 2026-05-16
[2026-05-17T05:51:33.405Z] ------------------------------------------------------------
[2026-05-17T05:51:33.405Z] MCP (FIYAT) VERISI CEKILIYOR...
[2026-05-17T05:51:33.405Z] ------------------------------------------------------------
[2026-05-17T05:51:35.453Z] ✅ 24 MCP kaydi eklendi
[2026-05-17T05:51:35.454Z] ------------------------------------------------------------
[2026-05-17T05:51:35.454Z] GENERATION (URETIM) VERISI CEKILIYOR...
[2026-05-17T05:51:35.454Z] ------------------------------------------------------------
[2026-05-17T05:51:35.454Z] 1 parca halinde cekilecek (API limiti 30 gun)
[2026-05-17T05:51:35.454Z] Parca 1/1: 2026-05-16 - 2026-05-16
[2026-05-17T05:51:36.110Z] ✅ 24 Generation kaydi eklendi
[2026-05-17T05:51:36.110Z] Toplam 24 Generation kaydi eklendi
[2026-05-17T05:51:36.111Z] ------------------------------------------------------------
[2026-05-17T05:51:36.111Z] CONSUMPTION (TUKETIM) VERISI CEKILIYOR...
[2026-05-17T05:51:36.111Z] ------------------------------------------------------------
[2026-05-17T05:51:36.577Z] ✅ 24 Consumption kaydi eklendi
[2026-05-17T05:51:36.577Z] ============================================================
[2026-05-17T05:51:36.577Z] CATCH-UP SYNC TAMAMLANDI
[2026-05-17T05:51:36.578Z] ============================================================
[2026-05-17T05:51:36.578Z] Toplam MCP kaydi: 22656
[2026-05-17T05:51:36.579Z] Toplam Generation kaydi: 22648
[2026-05-17T05:51:36.580Z] Toplam Consumption kaydi: 22656
[2026-05-17T05:51:36.581Z] ============================================================
[2026-05-17T05:51:36.581Z] 🔄 WAL checkpoint yapiliyor (degisiklikleri DB dosyasina yazma)...
[2026-05-17T05:51:36.586Z] ✅ WAL checkpoint tamamlandi
[2026-05-17T05:51:36.587Z] Catch-up sync tamamlandi
[2026-05-18T06:17:57.805Z] ============================================================
[2026-05-18T06:17:57.805Z] CATCH-UP SYNC - Eksik Gun Doldurma
[2026-05-18T06:17:57.805Z] ============================================================
[2026-05-18T06:17:57.806Z] En son veri tarihi: 2026-05-16T23:00:00+03:00
[2026-05-18T06:17:57.839Z] Kontrol araligi: 2026-05-17 - 2026-05-17 (dahil)
[2026-05-18T06:17:57.839Z] ⚠️  1 eksik gun bulundu: 2026-05-17 - 2026-05-17
[2026-05-18T06:17:57.839Z] ------------------------------------------------------------
[2026-05-18T06:17:57.840Z] MCP (FIYAT) VERISI CEKILIYOR...
[2026-05-18T06:17:57.840Z] ------------------------------------------------------------
[2026-05-18T06:18:00.014Z] ✅ 24 MCP kaydi eklendi
[2026-05-18T06:18:00.014Z] ------------------------------------------------------------
[2026-05-18T06:18:00.014Z] GENERATION (URETIM) VERISI CEKILIYOR...
[2026-05-18T06:18:00.014Z] ------------------------------------------------------------
[2026-05-18T06:18:00.014Z] 1 parca halinde cekilecek (API limiti 30 gun)
[2026-05-18T06:18:00.014Z] Parca 1/1: 2026-05-17 - 2026-05-17
[2026-05-18T06:18:01.472Z] ✅ 24 Generation kaydi eklendi
[2026-05-18T06:18:01.472Z] Toplam 24 Generation kaydi eklendi
[2026-05-18T06:18:01.472Z] ------------------------------------------------------------
[2026-05-18T06:18:01.472Z] CONSUMPTION (TUKETIM) VERISI CEKILIYOR...
[2026-05-18T06:18:01.473Z] ------------------------------------------------------------
[2026-05-18T06:18:02.022Z] ✅ 24 Consumption kaydi eklendi
[2026-05-18T06:18:02.022Z] ============================================================
[2026-05-18T06:18:02.022Z] CATCH-UP SYNC TAMAMLANDI
[2026-05-18T06:18:02.023Z] ============================================================
[2026-05-18T06:18:02.023Z] Toplam MCP kaydi: 22680
[2026-05-18T06:18:02.024Z] Toplam Generation kaydi: 22672
[2026-05-18T06:18:02.025Z] Toplam Consumption kaydi: 22680
[2026-05-18T06:18:02.025Z] ============================================================
[2026-05-18T06:18:02.025Z] 🔄 WAL checkpoint yapiliyor (degisiklikleri DB dosyasina yazma)...
[2026-05-18T06:18:02.033Z] ✅ WAL checkpoint tamamlandi
[2026-05-18T06:18:02.033Z] Catch-up sync tamamlandi
[2026-05-19T06:11:51.086Z] ============================================================
[2026-05-19T06:11:51.087Z] CATCH-UP SYNC - Eksik Gun Doldurma
[2026-05-19T06:11:51.087Z] ============================================================
[2026-05-19T06:11:51.087Z] En son veri tarihi: 2026-05-17T23:00:00+03:00
[2026-05-19T06:11:51.100Z] Kontrol araligi: 2026-05-18 - 2026-05-18 (dahil)
[2026-05-19T06:11:51.100Z] ⚠️  1 eksik gun bulundu: 2026-05-18 - 2026-05-18
[2026-05-19T06:11:51.101Z] ------------------------------------------------------------
[2026-05-19T06:11:51.101Z] MCP (FIYAT) VERISI CEKILIYOR...
[2026-05-19T06:11:51.101Z] ------------------------------------------------------------
[2026-05-19T06:11:54.516Z] ✅ 24 MCP kaydi eklendi
[2026-05-19T06:11:54.516Z] ------------------------------------------------------------
[2026-05-19T06:11:54.516Z] GENERATION (URETIM) VERISI CEKILIYOR...
[2026-05-19T06:11:54.516Z] ------------------------------------------------------------
[2026-05-19T06:11:54.516Z] 1 parca halinde cekilecek (API limiti 30 gun)
[2026-05-19T06:11:54.517Z] Parca 1/1: 2026-05-18 - 2026-05-18
[2026-05-19T06:11:55.241Z] ✅ 24 Generation kaydi eklendi
[2026-05-19T06:11:55.241Z] Toplam 24 Generation kaydi eklendi
[2026-05-19T06:11:55.241Z] ------------------------------------------------------------
[2026-05-19T06:11:55.241Z] CONSUMPTION (TUKETIM) VERISI CEKILIYOR...
[2026-05-19T06:11:55.241Z] ------------------------------------------------------------
[2026-05-19T06:11:55.775Z] ✅ 24 Consumption kaydi eklendi
[2026-05-19T06:11:55.775Z] ============================================================
[2026-05-19T06:11:55.775Z] CATCH-UP SYNC TAMAMLANDI
[2026-05-19T06:11:55.775Z] ============================================================
[2026-05-19T06:11:55.776Z] Toplam MCP kaydi: 22704
[2026-05-19T06:11:55.776Z] Toplam Generation kaydi: 22696
[2026-05-19T06:11:55.777Z] Toplam Consumption kaydi: 22704
[2026-05-19T06:11:55.777Z] ============================================================
[2026-05-19T06:11:55.777Z] 🔄 WAL checkpoint yapiliyor (degisiklikleri DB dosyasina yazma)...
[2026-05-19T06:11:55.931Z] ✅ WAL checkpoint tamamlandi
[2026-05-19T06:11:55.931Z] Catch-up sync tamamlandi
[2026-05-21T06:13:52.045Z] ============================================================
[2026-05-21T06:13:52.046Z] CATCH-UP SYNC - Eksik Gun Doldurma
[2026-05-21T06:13:52.046Z] ============================================================
[2026-05-21T06:13:52.046Z] En son veri tarihi: 2026-05-18T23:00:00+03:00
[2026-05-21T06:13:52.089Z] Kontrol araligi: 2026-05-19 - 2026-05-20 (dahil)
[2026-05-21T06:13:52.089Z] ⚠️  2 eksik gun bulundu: 2026-05-19 - 2026-05-20
[2026-05-21T06:13:52.089Z] ------------------------------------------------------------
[2026-05-21T06:13:52.089Z] MCP (FIYAT) VERISI CEKILIYOR...
[2026-05-21T06:13:52.090Z] ------------------------------------------------------------
[2026-05-21T06:13:54.145Z] ✅ 48 MCP kaydi eklendi
[2026-05-21T06:13:54.145Z] ------------------------------------------------------------
[2026-05-21T06:13:54.145Z] GENERATION (URETIM) VERISI CEKILIYOR...
[2026-05-21T06:13:54.145Z] ------------------------------------------------------------
[2026-05-21T06:13:54.146Z] 1 parca halinde cekilecek (API limiti 30 gun)
[2026-05-21T06:13:54.146Z] Parca 1/1: 2026-05-19 - 2026-05-20
[2026-05-21T06:13:55.135Z] ✅ 48 Generation kaydi eklendi
[2026-05-21T06:13:55.135Z] Toplam 48 Generation kaydi eklendi
[2026-05-21T06:13:55.136Z] ------------------------------------------------------------
[2026-05-21T06:13:55.136Z] CONSUMPTION (TUKETIM) VERISI CEKILIYOR...
[2026-05-21T06:13:55.136Z] ------------------------------------------------------------
[2026-05-21T06:13:55.608Z] ✅ 48 Consumption kaydi eklendi
[2026-05-21T06:13:55.609Z] ============================================================
[2026-05-21T06:13:55.609Z] CATCH-UP SYNC TAMAMLANDI
[2026-05-21T06:13:55.609Z] ============================================================
[2026-05-21T06:13:55.610Z] Toplam MCP kaydi: 22752
[2026-05-21T06:13:55.611Z] Toplam Generation kaydi: 22744
[2026-05-21T06:13:55.611Z] Toplam Consumption kaydi: 22752
[2026-05-21T06:13:55.612Z] ============================================================
[2026-05-21T06:13:55.612Z] 🔄 WAL checkpoint yapiliyor (degisiklikleri DB dosyasina yazma)...
[2026-05-21T06:13:55.619Z] ✅ WAL checkpoint tamamlandi
[2026-05-21T06:13:55.620Z] Catch-up sync tamamlandi
[2026-05-22T06:11:36.832Z] ============================================================
[2026-05-22T06:11:36.832Z] CATCH-UP SYNC - Eksik Gun Doldurma
[2026-05-22T06:11:36.832Z] ============================================================
[2026-05-22T06:11:36.833Z] En son veri tarihi: 2026-05-20T23:00:00+03:00
[2026-05-22T06:11:36.849Z] Kontrol araligi: 2026-05-21 - 2026-05-21 (dahil)
[2026-05-22T06:11:36.849Z] ⚠️  1 eksik gun bulundu: 2026-05-21 - 2026-05-21
[2026-05-22T06:11:36.849Z] ------------------------------------------------------------
[2026-05-22T06:11:36.850Z] MCP (FIYAT) VERISI CEKILIYOR...
[2026-05-22T06:11:36.850Z] ------------------------------------------------------------
[2026-05-22T06:11:39.159Z] ✅ 24 MCP kaydi eklendi
[2026-05-22T06:11:39.160Z] ------------------------------------------------------------
[2026-05-22T06:11:39.160Z] GENERATION (URETIM) VERISI CEKILIYOR...
[2026-05-22T06:11:39.160Z] ------------------------------------------------------------
[2026-05-22T06:11:39.160Z] 1 parca halinde cekilecek (API limiti 30 gun)
[2026-05-22T06:11:39.160Z] Parca 1/1: 2026-05-21 - 2026-05-21
[2026-05-22T06:11:39.743Z] ✅ 24 Generation kaydi eklendi
[2026-05-22T06:11:39.743Z] Toplam 24 Generation kaydi eklendi
[2026-05-22T06:11:39.743Z] ------------------------------------------------------------
[2026-05-22T06:11:39.743Z] CONSUMPTION (TUKETIM) VERISI CEKILIYOR...
[2026-05-22T06:11:39.743Z] ------------------------------------------------------------
[2026-05-22T06:11:40.161Z] ✅ 24 Consumption kaydi eklendi
[2026-05-22T06:11:40.161Z] ============================================================
[2026-05-22T06:11:40.162Z] CATCH-UP SYNC TAMAMLANDI
[2026-05-22T06:11:40.162Z] ============================================================
[2026-05-22T06:11:40.162Z] Toplam MCP kaydi: 22776
[2026-05-22T06:11:40.163Z] Toplam Generation kaydi: 22768
[2026-05-22T06:11:40.164Z] Toplam Consumption kaydi: 22776
[2026-05-22T06:11:40.164Z] ============================================================
[2026-05-22T06:11:40.164Z] 🔄 WAL checkpoint yapiliyor (degisiklikleri DB dosyasina yazma)...
[2026-05-22T06:11:40.173Z] ✅ WAL checkpoint tamamlandi
[2026-05-22T06:11:40.173Z] Catch-up sync tamamlandi
[2026-05-23T05:41:47.389Z] ============================================================
[2026-05-23T05:41:47.390Z] CATCH-UP SYNC - Eksik Gun Doldurma
[2026-05-23T05:41:47.390Z] ============================================================
[2026-05-23T05:41:47.390Z] En son veri tarihi: 2026-05-21T23:00:00+03:00
[2026-05-23T05:41:47.406Z] Kontrol araligi: 2026-05-22 - 2026-05-22 (dahil)
[2026-05-23T05:41:47.407Z] ⚠️  1 eksik gun bulundu: 2026-05-22 - 2026-05-22
[2026-05-23T05:41:47.407Z] ------------------------------------------------------------
[2026-05-23T05:41:47.407Z] MCP (FIYAT) VERISI CEKILIYOR...
[2026-05-23T05:41:47.407Z] ------------------------------------------------------------
[2026-05-23T05:41:50.067Z] ✅ 24 MCP kaydi eklendi
[2026-05-23T05:41:50.067Z] ------------------------------------------------------------
[2026-05-23T05:41:50.067Z] GENERATION (URETIM) VERISI CEKILIYOR...
[2026-05-23T05:41:50.067Z] ------------------------------------------------------------
[2026-05-23T05:41:50.067Z] 1 parca halinde cekilecek (API limiti 30 gun)
[2026-05-23T05:41:50.067Z] Parca 1/1: 2026-05-22 - 2026-05-22
[2026-05-23T05:41:50.625Z] ✅ 24 Generation kaydi eklendi
[2026-05-23T05:41:50.625Z] Toplam 24 Generation kaydi eklendi
[2026-05-23T05:41:50.626Z] ------------------------------------------------------------
[2026-05-23T05:41:50.626Z] CONSUMPTION (TUKETIM) VERISI CEKILIYOR...
[2026-05-23T05:41:50.626Z] ------------------------------------------------------------
[2026-05-23T05:41:51.105Z] ✅ 24 Consumption kaydi eklendi
[2026-05-23T05:41:51.106Z] ============================================================
[2026-05-23T05:41:51.106Z] CATCH-UP SYNC TAMAMLANDI
[2026-05-23T05:41:51.106Z] ============================================================
[2026-05-23T05:41:51.107Z] Toplam MCP kaydi: 22800
[2026-05-23T05:41:51.108Z] Toplam Generation kaydi: 22792
[2026-05-23T05:41:51.109Z] Toplam Consumption kaydi: 22800
[2026-05-23T05:41:51.109Z] ============================================================
[2026-05-23T05:41:51.109Z] 🔄 WAL checkpoint yapiliyor (degisiklikleri DB dosyasina yazma)...
[2026-05-23T05:41:51.111Z] ✅ WAL checkpoint tamamlandi
[2026-05-23T05:41:51.111Z] Catch-up sync tamamlandi
[2026-05-24T06:04:53.379Z] ============================================================
[2026-05-24T06:04:53.380Z] CATCH-UP SYNC - Eksik Gun Doldurma
[2026-05-24T06:04:53.380Z] ============================================================
[2026-05-24T06:04:53.380Z] En son veri tarihi: 2026-05-22T23:00:00+03:00
[2026-05-24T06:04:53.396Z] Kontrol araligi: 2026-05-23 - 2026-05-23 (dahil)
[2026-05-24T06:04:53.397Z] ⚠️  1 eksik gun bulundu: 2026-05-23 - 2026-05-23
[2026-05-24T06:04:53.397Z] ------------------------------------------------------------
[2026-05-24T06:04:53.397Z] MCP (FIYAT) VERISI CEKILIYOR...
[2026-05-24T06:04:53.397Z] ------------------------------------------------------------
[2026-05-24T06:04:55.515Z] ✅ 24 MCP kaydi eklendi
[2026-05-24T06:04:55.516Z] ------------------------------------------------------------
[2026-05-24T06:04:55.516Z] GENERATION (URETIM) VERISI CEKILIYOR...
[2026-05-24T06:04:55.516Z] ------------------------------------------------------------
[2026-05-24T06:04:55.516Z] 1 parca halinde cekilecek (API limiti 30 gun)
[2026-05-24T06:04:55.516Z] Parca 1/1: 2026-05-23 - 2026-05-23
[2026-05-24T06:04:56.001Z] ✅ 24 Generation kaydi eklendi
[2026-05-24T06:04:56.001Z] Toplam 24 Generation kaydi eklendi
[2026-05-24T06:04:56.001Z] ------------------------------------------------------------
[2026-05-24T06:04:56.001Z] CONSUMPTION (TUKETIM) VERISI CEKILIYOR...
[2026-05-24T06:04:56.001Z] ------------------------------------------------------------
[2026-05-24T06:04:56.450Z] ✅ 24 Consumption kaydi eklendi
[2026-05-24T06:04:56.450Z] ============================================================
[2026-05-24T06:04:56.450Z] CATCH-UP SYNC TAMAMLANDI
[2026-05-24T06:04:56.450Z] ============================================================
[2026-05-24T06:04:56.451Z] Toplam MCP kaydi: 22824
[2026-05-24T06:04:56.452Z] Toplam Generation kaydi: 22816
[2026-05-24T06:04:56.453Z] Toplam Consumption kaydi: 22824
[2026-05-24T06:04:56.453Z] ============================================================
[2026-05-24T06:04:56.453Z] 🔄 WAL checkpoint yapiliyor (degisiklikleri DB dosyasina yazma)...
[2026-05-24T06:04:56.460Z] ✅ WAL checkpoint tamamlandi
[2026-05-24T06:04:56.460Z] Catch-up sync tamamlandi
[2026-05-26T06:10:35.247Z] ============================================================
[2026-05-26T06:10:35.247Z] CATCH-UP SYNC - Eksik Gun Doldurma
[2026-05-26T06:10:35.247Z] ============================================================
[2026-05-26T06:10:35.248Z] En son veri tarihi: 2026-05-23T23:00:00+03:00
[2026-05-26T06:10:35.265Z] Kontrol araligi: 2026-05-24 - 2026-05-25 (dahil)
[2026-05-26T06:10:35.266Z] ⚠️  2 eksik gun bulundu: 2026-05-24 - 2026-05-25
[2026-05-26T06:10:35.266Z] ------------------------------------------------------------
[2026-05-26T06:10:35.266Z] MCP (FIYAT) VERISI CEKILIYOR...
[2026-05-26T06:10:35.266Z] ------------------------------------------------------------
[2026-05-26T06:10:37.322Z] ✅ 48 MCP kaydi eklendi
[2026-05-26T06:10:37.322Z] ------------------------------------------------------------
[2026-05-26T06:10:37.322Z] GENERATION (URETIM) VERISI CEKILIYOR...
[2026-05-26T06:10:37.322Z] ------------------------------------------------------------
[2026-05-26T06:10:37.322Z] 1 parca halinde cekilecek (API limiti 30 gun)
[2026-05-26T06:10:37.322Z] Parca 1/1: 2026-05-24 - 2026-05-25
[2026-05-26T06:10:37.930Z] ✅ 48 Generation kaydi eklendi
[2026-05-26T06:10:37.930Z] Toplam 48 Generation kaydi eklendi
[2026-05-26T06:10:37.930Z] ------------------------------------------------------------
[2026-05-26T06:10:37.930Z] CONSUMPTION (TUKETIM) VERISI CEKILIYOR...
[2026-05-26T06:10:37.930Z] ------------------------------------------------------------
[2026-05-26T06:10:38.380Z] ✅ 48 Consumption kaydi eklendi
[2026-05-26T06:10:38.381Z] ============================================================
[2026-05-26T06:10:38.381Z] CATCH-UP SYNC TAMAMLANDI
[2026-05-26T06:10:38.381Z] ============================================================
[2026-05-26T06:10:38.382Z] Toplam MCP kaydi: 22872
[2026-05-26T06:10:38.383Z] Toplam Generation kaydi: 22864
[2026-05-26T06:10:38.384Z] Toplam Consumption kaydi: 22872
[2026-05-26T06:10:38.384Z] ============================================================
[2026-05-26T06:10:38.384Z] 🔄 WAL checkpoint yapiliyor (degisiklikleri DB dosyasina yazma)...
[2026-05-26T06:10:38.391Z] ✅ WAL checkpoint tamamlandi
[2026-05-26T06:10:38.391Z] Catch-up sync tamamlandi
[2026-05-27T06:24:26.150Z] ============================================================
[2026-05-27T06:24:26.150Z] CATCH-UP SYNC - Eksik Gun Doldurma
[2026-05-27T06:24:26.150Z] ============================================================
[2026-05-27T06:24:26.151Z] En son veri tarihi: 2026-05-25T23:00:00+03:00
[2026-05-27T06:24:26.167Z] Kontrol araligi: 2026-05-26 - 2026-05-26 (dahil)
[2026-05-27T06:24:26.168Z] ⚠️  1 eksik gun bulundu: 2026-05-26 - 2026-05-26
[2026-05-27T06:24:26.168Z] ------------------------------------------------------------
[2026-05-27T06:24:26.169Z] MCP (FIYAT) VERISI CEKILIYOR...
[2026-05-27T06:24:26.169Z] ------------------------------------------------------------
[2026-05-27T06:24:28.644Z] ✅ 24 MCP kaydi eklendi
[2026-05-27T06:24:28.644Z] ------------------------------------------------------------
[2026-05-27T06:24:28.644Z] GENERATION (URETIM) VERISI CEKILIYOR...
[2026-05-27T06:24:28.644Z] ------------------------------------------------------------
[2026-05-27T06:24:28.645Z] 1 parca halinde cekilecek (API limiti 30 gun)
[2026-05-27T06:24:28.645Z] Parca 1/1: 2026-05-26 - 2026-05-26
[2026-05-27T06:24:29.197Z] ✅ 24 Generation kaydi eklendi
[2026-05-27T06:24:29.198Z] Toplam 24 Generation kaydi eklendi
[2026-05-27T06:24:29.198Z] ------------------------------------------------------------
[2026-05-27T06:24:29.198Z] CONSUMPTION (TUKETIM) VERISI CEKILIYOR...
[2026-05-27T06:24:29.198Z] ------------------------------------------------------------
[2026-05-27T06:24:29.749Z] ✅ 24 Consumption kaydi eklendi
[2026-05-27T06:24:29.749Z] ============================================================
[2026-05-27T06:24:29.749Z] CATCH-UP SYNC TAMAMLANDI
[2026-05-27T06:24:29.750Z] ============================================================
[2026-05-27T06:24:29.750Z] Toplam MCP kaydi: 22896
[2026-05-27T06:24:29.751Z] Toplam Generation kaydi: 22888
[2026-05-27T06:24:29.753Z] Toplam Consumption kaydi: 22896
[2026-05-27T06:24:29.753Z] ============================================================
[2026-05-27T06:24:29.753Z] 🔄 WAL checkpoint yapiliyor (degisiklikleri DB dosyasina yazma)...
[2026-05-27T06:24:29.756Z] ✅ WAL checkpoint tamamlandi
[2026-05-27T06:24:29.756Z] Catch-up sync tamamlandi
[2026-05-28T06:16:21.178Z] ============================================================
[2026-05-28T06:16:21.179Z] CATCH-UP SYNC - Eksik Gun Doldurma
[2026-05-28T06:16:21.179Z] ============================================================
[2026-05-28T06:16:21.179Z] En son veri tarihi: 2026-05-26T23:00:00+03:00
[2026-05-28T06:16:21.196Z] Kontrol araligi: 2026-05-27 - 2026-05-27 (dahil)
[2026-05-28T06:16:21.196Z] ⚠️  1 eksik gun bulundu: 2026-05-27 - 2026-05-27
[2026-05-28T06:16:21.196Z] ------------------------------------------------------------
[2026-05-28T06:16:21.196Z] MCP (FIYAT) VERISI CEKILIYOR...
[2026-05-28T06:16:21.196Z] ------------------------------------------------------------
[2026-05-28T06:16:23.103Z] ✅ 24 MCP kaydi eklendi
[2026-05-28T06:16:23.103Z] ------------------------------------------------------------
[2026-05-28T06:16:23.103Z] GENERATION (URETIM) VERISI CEKILIYOR...
[2026-05-28T06:16:23.104Z] ------------------------------------------------------------
[2026-05-28T06:16:23.104Z] 1 parca halinde cekilecek (API limiti 30 gun)
[2026-05-28T06:16:23.104Z] Parca 1/1: 2026-05-27 - 2026-05-27
[2026-05-28T06:16:23.697Z] ✅ 24 Generation kaydi eklendi
[2026-05-28T06:16:23.697Z] Toplam 24 Generation kaydi eklendi
[2026-05-28T06:16:23.697Z] ------------------------------------------------------------
[2026-05-28T06:16:23.697Z] CONSUMPTION (TUKETIM) VERISI CEKILIYOR...
[2026-05-28T06:16:23.697Z] ------------------------------------------------------------
[2026-05-28T06:16:24.140Z] ✅ 24 Consumption kaydi eklendi
[2026-05-28T06:16:24.140Z] ============================================================
[2026-05-28T06:16:24.140Z] CATCH-UP SYNC TAMAMLANDI
[2026-05-28T06:16:24.140Z] ============================================================
[2026-05-28T06:16:24.141Z] Toplam MCP kaydi: 22920
[2026-05-28T06:16:24.142Z] Toplam Generation kaydi: 22912
[2026-05-28T06:16:24.143Z] Toplam Consumption kaydi: 22920
[2026-05-28T06:16:24.143Z] ============================================================
[2026-05-28T06:16:24.143Z] 🔄 WAL checkpoint yapiliyor (degisiklikleri DB dosyasina yazma)...
[2026-05-28T06:16:24.151Z] ✅ WAL checkpoint tamamlandi
[2026-05-28T06:16:24.151Z] Catch-up sync tamamlandi
[2026-05-29T06:18:15.310Z] ============================================================
[2026-05-29T06:18:15.311Z] CATCH-UP SYNC - Eksik Gun Doldurma
[2026-05-29T06:18:15.311Z] ============================================================
[2026-05-29T06:18:15.311Z] En son veri tarihi: 2026-05-27T23:00:00+03:00
[2026-05-29T06:18:15.328Z] Kontrol araligi: 2026-05-28 - 2026-05-28 (dahil)
[2026-05-29T06:18:15.328Z] ⚠️  1 eksik gun bulundu: 2026-05-28 - 2026-05-28
[2026-05-29T06:18:15.328Z] ------------------------------------------------------------
[2026-05-29T06:18:15.329Z] MCP (FIYAT) VERISI CEKILIYOR...
[2026-05-29T06:18:15.329Z] ------------------------------------------------------------
[2026-05-29T06:18:17.958Z] ✅ 24 MCP kaydi eklendi
[2026-05-29T06:18:17.959Z] ------------------------------------------------------------
[2026-05-29T06:18:17.959Z] GENERATION (URETIM) VERISI CEKILIYOR...
[2026-05-29T06:18:17.959Z] ------------------------------------------------------------
[2026-05-29T06:18:17.959Z] 1 parca halinde cekilecek (API limiti 30 gun)
[2026-05-29T06:18:17.959Z] Parca 1/1: 2026-05-28 - 2026-05-28
[2026-05-29T06:18:18.557Z] ✅ 24 Generation kaydi eklendi
[2026-05-29T06:18:18.557Z] Toplam 24 Generation kaydi eklendi
[2026-05-29T06:18:18.557Z] ------------------------------------------------------------
[2026-05-29T06:18:18.557Z] CONSUMPTION (TUKETIM) VERISI CEKILIYOR...
[2026-05-29T06:18:18.557Z] ------------------------------------------------------------
[2026-05-29T06:18:19.102Z] ✅ 24 Consumption kaydi eklendi
[2026-05-29T06:18:19.102Z] ============================================================
[2026-05-29T06:18:19.102Z] CATCH-UP SYNC TAMAMLANDI
[2026-05-29T06:18:19.102Z] ============================================================
[2026-05-29T06:18:19.103Z] Toplam MCP kaydi: 22944
[2026-05-29T06:18:19.104Z] Toplam Generation kaydi: 22936
[2026-05-29T06:18:19.105Z] Toplam Consumption kaydi: 22944
[2026-05-29T06:18:19.105Z] ============================================================
[2026-05-29T06:18:19.105Z] 🔄 WAL checkpoint yapiliyor (degisiklikleri DB dosyasina yazma)...
[2026-05-29T06:18:19.111Z] ✅ WAL checkpoint tamamlandi
[2026-05-29T06:18:19.112Z] Catch-up sync tamamlandi
[2026-05-31T06:22:53.300Z] ============================================================
[2026-05-31T06:22:53.301Z] CATCH-UP SYNC - Eksik Gun Doldurma
[2026-05-31T06:22:53.301Z] ============================================================
[2026-05-31T06:22:53.302Z] En son veri tarihi: 2026-05-28T23:00:00+03:00
[2026-05-31T06:22:53.322Z] Kontrol araligi: 2026-05-29 - 2026-05-30 (dahil)
[2026-05-31T06:22:53.323Z] ⚠️  2 eksik gun bulundu: 2026-05-29 - 2026-05-30
[2026-05-31T06:22:53.323Z] ------------------------------------------------------------
[2026-05-31T06:22:53.323Z] MCP (FIYAT) VERISI CEKILIYOR...
[2026-05-31T06:22:53.323Z] ------------------------------------------------------------
[2026-05-31T06:22:55.162Z] ✅ 48 MCP kaydi eklendi
[2026-05-31T06:22:55.162Z] ------------------------------------------------------------
[2026-05-31T06:22:55.162Z] GENERATION (URETIM) VERISI CEKILIYOR...
[2026-05-31T06:22:55.162Z] ------------------------------------------------------------
[2026-05-31T06:22:55.162Z] 1 parca halinde cekilecek (API limiti 30 gun)
[2026-05-31T06:22:55.162Z] Parca 1/1: 2026-05-29 - 2026-05-30
[2026-05-31T06:22:55.836Z] ✅ 48 Generation kaydi eklendi
[2026-05-31T06:22:55.836Z] Toplam 48 Generation kaydi eklendi
[2026-05-31T06:22:55.836Z] ------------------------------------------------------------
[2026-05-31T06:22:55.837Z] CONSUMPTION (TUKETIM) VERISI CEKILIYOR...
[2026-05-31T06:22:55.837Z] ------------------------------------------------------------
[2026-05-31T06:22:56.266Z] ✅ 48 Consumption kaydi eklendi
[2026-05-31T06:22:56.267Z] ============================================================
[2026-05-31T06:22:56.267Z] CATCH-UP SYNC TAMAMLANDI
[2026-05-31T06:22:56.267Z] ============================================================
[2026-05-31T06:22:56.268Z] Toplam MCP kaydi: 22992
[2026-05-31T06:22:56.268Z] Toplam Generation kaydi: 22984
[2026-05-31T06:22:56.269Z] Toplam Consumption kaydi: 22992
[2026-05-31T06:22:56.269Z] ============================================================
[2026-05-31T06:22:56.269Z] 🔄 WAL checkpoint yapiliyor (degisiklikleri DB dosyasina yazma)...
[2026-05-31T06:22:56.279Z] ✅ WAL checkpoint tamamlandi
[2026-05-31T06:22:56.279Z] Catch-up sync tamamlandi
[2026-06-01T07:02:51.735Z] ============================================================
[2026-06-01T07:02:51.736Z] CATCH-UP SYNC - Eksik Gun Doldurma
[2026-06-01T07:02:51.736Z] ============================================================
[2026-06-01T07:02:51.736Z] En son veri tarihi: 2026-05-30T23:00:00+03:00
[2026-06-01T07:02:51.753Z] Kontrol araligi: 2026-05-31 - 2026-05-31 (dahil)
[2026-06-01T07:02:51.754Z] ⚠️  1 eksik gun bulundu: 2026-05-31 - 2026-05-31
[2026-06-01T07:02:51.754Z] ------------------------------------------------------------
[2026-06-01T07:02:51.754Z] MCP (FIYAT) VERISI CEKILIYOR...
[2026-06-01T07:02:51.754Z] ------------------------------------------------------------
[2026-06-01T07:02:54.388Z] ✅ 24 MCP kaydi eklendi
[2026-06-01T07:02:54.388Z] ------------------------------------------------------------
[2026-06-01T07:02:54.388Z] GENERATION (URETIM) VERISI CEKILIYOR...
[2026-06-01T07:02:54.388Z] ------------------------------------------------------------
[2026-06-01T07:02:54.388Z] 1 parca halinde cekilecek (API limiti 30 gun)
[2026-06-01T07:02:54.388Z] Parca 1/1: 2026-05-31 - 2026-05-31
[2026-06-01T07:02:54.974Z] ✅ 24 Generation kaydi eklendi
[2026-06-01T07:02:54.975Z] Toplam 24 Generation kaydi eklendi
[2026-06-01T07:02:54.975Z] ------------------------------------------------------------
[2026-06-01T07:02:54.975Z] CONSUMPTION (TUKETIM) VERISI CEKILIYOR...
[2026-06-01T07:02:54.975Z] ------------------------------------------------------------
[2026-06-01T07:02:55.445Z] ✅ 24 Consumption kaydi eklendi
[2026-06-01T07:02:55.445Z] ============================================================
[2026-06-01T07:02:55.445Z] CATCH-UP SYNC TAMAMLANDI
[2026-06-01T07:02:55.445Z] ============================================================
[2026-06-01T07:02:55.446Z] Toplam MCP kaydi: 23016
[2026-06-01T07:02:55.447Z] Toplam Generation kaydi: 23008
[2026-06-01T07:02:55.448Z] Toplam Consumption kaydi: 23016
[2026-06-01T07:02:55.448Z] ============================================================
[2026-06-01T07:02:55.448Z] 🔄 WAL checkpoint yapiliyor (degisiklikleri DB dosyasina yazma)...
[2026-06-01T07:02:55.457Z] ✅ WAL checkpoint tamamlandi
[2026-06-01T07:02:55.457Z] Catch-up sync tamamlandi
[2026-06-02T06:45:08.537Z] ============================================================
[2026-06-02T06:45:08.538Z] CATCH-UP SYNC - Eksik Gun Doldurma
[2026-06-02T06:45:08.538Z] ============================================================
[2026-06-02T06:45:08.538Z] En son veri tarihi: 2026-05-31T23:00:00+03:00
[2026-06-02T06:45:08.555Z] Kontrol araligi: 2026-06-01 - 2026-06-01 (dahil)
[2026-06-02T06:45:08.556Z] ⚠️  1 eksik gun bulundu: 2026-06-01 - 2026-06-01
[2026-06-02T06:45:08.556Z] ------------------------------------------------------------
[2026-06-02T06:45:08.556Z] MCP (FIYAT) VERISI CEKILIYOR...
[2026-06-02T06:45:08.556Z] ------------------------------------------------------------
[2026-06-02T06:45:10.281Z] ✅ 24 MCP kaydi eklendi
[2026-06-02T06:45:10.281Z] ------------------------------------------------------------
[2026-06-02T06:45:10.281Z] GENERATION (URETIM) VERISI CEKILIYOR...
[2026-06-02T06:45:10.281Z] ------------------------------------------------------------
[2026-06-02T06:45:10.281Z] 1 parca halinde cekilecek (API limiti 30 gun)
[2026-06-02T06:45:10.281Z] Parca 1/1: 2026-06-01 - 2026-06-01
[2026-06-02T06:45:10.763Z] ✅ 24 Generation kaydi eklendi
[2026-06-02T06:45:10.763Z] Toplam 24 Generation kaydi eklendi
[2026-06-02T06:45:10.763Z] ------------------------------------------------------------
[2026-06-02T06:45:10.763Z] CONSUMPTION (TUKETIM) VERISI CEKILIYOR...
[2026-06-02T06:45:10.763Z] ------------------------------------------------------------
[2026-06-02T06:45:11.206Z] ✅ 24 Consumption kaydi eklendi
[2026-06-02T06:45:11.206Z] ============================================================
[2026-06-02T06:45:11.206Z] CATCH-UP SYNC TAMAMLANDI
[2026-06-02T06:45:11.206Z] ============================================================
[2026-06-02T06:45:11.207Z] Toplam MCP kaydi: 23040
[2026-06-02T06:45:11.208Z] Toplam Generation kaydi: 23032
[2026-06-02T06:45:11.209Z] Toplam Consumption kaydi: 23040
[2026-06-02T06:45:11.210Z] ============================================================
[2026-06-02T06:45:11.210Z] 🔄 WAL checkpoint yapiliyor (degisiklikleri DB dosyasina yazma)...
[2026-06-02T06:45:11.217Z] ✅ WAL checkpoint tamamlandi
[2026-06-02T06:45:11.217Z] Catch-up sync tamamlandi
[2026-06-03T06:56:34.392Z] ============================================================
[2026-06-03T06:56:34.393Z] CATCH-UP SYNC - Eksik Gun Doldurma
[2026-06-03T06:56:34.393Z] ============================================================
[2026-06-03T06:56:34.393Z] En son veri tarihi: 2026-06-01T23:00:00+03:00
[2026-06-03T06:56:34.411Z] Kontrol araligi: 2026-06-02 - 2026-06-02 (dahil)
[2026-06-03T06:56:34.411Z] ⚠️  1 eksik gun bulundu: 2026-06-02 - 2026-06-02
[2026-06-03T06:56:34.411Z] ------------------------------------------------------------
[2026-06-03T06:56:34.411Z] MCP (FIYAT) VERISI CEKILIYOR...
[2026-06-03T06:56:34.412Z] ------------------------------------------------------------
[2026-06-03T06:56:37.793Z] ✅ 24 MCP kaydi eklendi
[2026-06-03T06:56:37.793Z] ------------------------------------------------------------
[2026-06-03T06:56:37.793Z] GENERATION (URETIM) VERISI CEKILIYOR...
[2026-06-03T06:56:37.794Z] ------------------------------------------------------------
[2026-06-03T06:56:37.794Z] 1 parca halinde cekilecek (API limiti 30 gun)
[2026-06-03T06:56:37.794Z] Parca 1/1: 2026-06-02 - 2026-06-02
[2026-06-03T06:56:38.505Z] ✅ 24 Generation kaydi eklendi
[2026-06-03T06:56:38.505Z] Toplam 24 Generation kaydi eklendi
[2026-06-03T06:56:38.505Z] ------------------------------------------------------------
[2026-06-03T06:56:38.505Z] CONSUMPTION (TUKETIM) VERISI CEKILIYOR...
[2026-06-03T06:56:38.505Z] ------------------------------------------------------------
[2026-06-03T06:56:39.061Z] ✅ 24 Consumption kaydi eklendi
[2026-06-03T06:56:39.062Z] ============================================================
[2026-06-03T06:56:39.062Z] CATCH-UP SYNC TAMAMLANDI
[2026-06-03T06:56:39.062Z] ============================================================
[2026-06-03T06:56:39.063Z] Toplam MCP kaydi: 23064
[2026-06-03T06:56:39.063Z] Toplam Generation kaydi: 23056
[2026-06-03T06:56:39.064Z] Toplam Consumption kaydi: 23064
[2026-06-03T06:56:39.064Z] ============================================================
[2026-06-03T06:56:39.065Z] 🔄 WAL checkpoint yapiliyor (degisiklikleri DB dosyasina yazma)...
[2026-06-03T06:56:39.081Z] ✅ WAL checkpoint tamamlandi
[2026-06-03T06:56:39.082Z] Catch-up sync tamamlandi
[2026-06-04T06:46:15.695Z] ============================================================
[2026-06-04T06:46:15.696Z] CATCH-UP SYNC - Eksik Gun Doldurma
[2026-06-04T06:46:15.696Z] ============================================================
[2026-06-04T06:46:15.696Z] En son veri tarihi: 2026-06-02T23:00:00+03:00
[2026-06-04T06:46:15.713Z] Kontrol araligi: 2026-06-03 - 2026-06-03 (dahil)
[2026-06-04T06:46:15.713Z] ⚠️  1 eksik gun bulundu: 2026-06-03 - 2026-06-03
[2026-06-04T06:46:15.713Z] ------------------------------------------------------------
[2026-06-04T06:46:15.713Z] MCP (FIYAT) VERISI CEKILIYOR...
[2026-06-04T06:46:15.714Z] ------------------------------------------------------------
[2026-06-04T06:46:18.512Z] ✅ 24 MCP kaydi eklendi
[2026-06-04T06:46:18.512Z] ------------------------------------------------------------
[2026-06-04T06:46:18.512Z] GENERATION (URETIM) VERISI CEKILIYOR...
[2026-06-04T06:46:18.512Z] ------------------------------------------------------------
[2026-06-04T06:46:18.513Z] 1 parca halinde cekilecek (API limiti 30 gun)
[2026-06-04T06:46:18.513Z] Parca 1/1: 2026-06-03 - 2026-06-03
[2026-06-04T06:46:19.025Z] ✅ 24 Generation kaydi eklendi
[2026-06-04T06:46:19.025Z] Toplam 24 Generation kaydi eklendi
[2026-06-04T06:46:19.026Z] ------------------------------------------------------------
[2026-06-04T06:46:19.026Z] CONSUMPTION (TUKETIM) VERISI CEKILIYOR...
[2026-06-04T06:46:19.026Z] ------------------------------------------------------------
[2026-06-04T06:46:19.489Z] ✅ 24 Consumption kaydi eklendi
[2026-06-04T06:46:19.489Z] ============================================================
[2026-06-04T06:46:19.489Z] CATCH-UP SYNC TAMAMLANDI
[2026-06-04T06:46:19.489Z] ============================================================
[2026-06-04T06:46:19.490Z] Toplam MCP kaydi: 23088
[2026-06-04T06:46:19.491Z] Toplam Generation kaydi: 23080
[2026-06-04T06:46:19.492Z] Toplam Consumption kaydi: 23088
[2026-06-04T06:46:19.492Z] ============================================================
[2026-06-04T06:46:19.492Z] 🔄 WAL checkpoint yapiliyor (degisiklikleri DB dosyasina yazma)...
[2026-06-04T06:46:19.500Z] ✅ WAL checkpoint tamamlandi
[2026-06-04T06:46:19.501Z] Catch-up sync tamamlandi
[2026-06-05T06:34:55.135Z] ============================================================
[2026-06-05T06:34:55.135Z] CATCH-UP SYNC - Eksik Gun Doldurma
[2026-06-05T06:34:55.135Z] ============================================================
[2026-06-05T06:34:55.136Z] En son veri tarihi: 2026-06-03T23:00:00+03:00
[2026-06-05T06:34:55.151Z] Kontrol araligi: 2026-06-04 - 2026-06-04 (dahil)
[2026-06-05T06:34:55.152Z] ⚠️  1 eksik gun bulundu: 2026-06-04 - 2026-06-04
[2026-06-05T06:34:55.152Z] ------------------------------------------------------------
[2026-06-05T06:34:55.152Z] MCP (FIYAT) VERISI CEKILIYOR...
[2026-06-05T06:34:55.152Z] ------------------------------------------------------------
[2026-06-05T06:34:57.560Z] ✅ 24 MCP kaydi eklendi
[2026-06-05T06:34:57.560Z] ------------------------------------------------------------
[2026-06-05T06:34:57.560Z] GENERATION (URETIM) VERISI CEKILIYOR...
[2026-06-05T06:34:57.560Z] ------------------------------------------------------------
[2026-06-05T06:34:57.560Z] 1 parca halinde cekilecek (API limiti 30 gun)
[2026-06-05T06:34:57.560Z] Parca 1/1: 2026-06-04 - 2026-06-04
[2026-06-05T06:34:58.241Z] ✅ 24 Generation kaydi eklendi
[2026-06-05T06:34:58.241Z] Toplam 24 Generation kaydi eklendi
[2026-06-05T06:34:58.241Z] ------------------------------------------------------------
[2026-06-05T06:34:58.241Z] CONSUMPTION (TUKETIM) VERISI CEKILIYOR...
[2026-06-05T06:34:58.241Z] ------------------------------------------------------------
[2026-06-05T06:34:58.747Z] ✅ 24 Consumption kaydi eklendi
[2026-06-05T06:34:58.747Z] ============================================================
[2026-06-05T06:34:58.747Z] CATCH-UP SYNC TAMAMLANDI
[2026-06-05T06:34:58.747Z] ============================================================
[2026-06-05T06:34:58.748Z] Toplam MCP kaydi: 23112
[2026-06-05T06:34:58.749Z] Toplam Generation kaydi: 23104
[2026-06-05T06:34:58.749Z] Toplam Consumption kaydi: 23112
[2026-06-05T06:34:58.749Z] ============================================================
[2026-06-05T06:34:58.749Z] 🔄 WAL checkpoint yapiliyor (degisiklikleri DB dosyasina yazma)...
[2026-06-05T06:34:58.757Z] ✅ WAL checkpoint tamamlandi
[2026-06-05T06:34:58.758Z] Catch-up sync tamamlandi
[2026-06-06T05:56:42.372Z] ============================================================
[2026-06-06T05:56:42.373Z] CATCH-UP SYNC - Eksik Gun Doldurma
[2026-06-06T05:56:42.373Z] ============================================================
[2026-06-06T05:56:42.373Z] En son veri tarihi: 2026-06-04T23:00:00+03:00
[2026-06-06T05:56:42.389Z] Kontrol araligi: 2026-06-05 - 2026-06-05 (dahil)
[2026-06-06T05:56:42.390Z] ⚠️  1 eksik gun bulundu: 2026-06-05 - 2026-06-05
[2026-06-06T05:56:42.390Z] ------------------------------------------------------------
[2026-06-06T05:56:42.390Z] MCP (FIYAT) VERISI CEKILIYOR...
[2026-06-06T05:56:42.390Z] ------------------------------------------------------------
[2026-06-06T05:56:44.851Z] ✅ 24 MCP kaydi eklendi
[2026-06-06T05:56:44.851Z] ------------------------------------------------------------
[2026-06-06T05:56:44.851Z] GENERATION (URETIM) VERISI CEKILIYOR...
[2026-06-06T05:56:44.851Z] ------------------------------------------------------------
[2026-06-06T05:56:44.851Z] 1 parca halinde cekilecek (API limiti 30 gun)
[2026-06-06T05:56:44.851Z] Parca 1/1: 2026-06-05 - 2026-06-05
[2026-06-06T05:56:45.569Z] ✅ 24 Generation kaydi eklendi
[2026-06-06T05:56:45.569Z] Toplam 24 Generation kaydi eklendi
[2026-06-06T05:56:45.569Z] ------------------------------------------------------------
[2026-06-06T05:56:45.569Z] CONSUMPTION (TUKETIM) VERISI CEKILIYOR...
[2026-06-06T05:56:45.569Z] ------------------------------------------------------------
[2026-06-06T05:56:46.129Z] ✅ 24 Consumption kaydi eklendi
[2026-06-06T05:56:46.129Z] ============================================================
[2026-06-06T05:56:46.129Z] CATCH-UP SYNC TAMAMLANDI
[2026-06-06T05:56:46.129Z] ============================================================
[2026-06-06T05:56:46.130Z] Toplam MCP kaydi: 23136
[2026-06-06T05:56:46.131Z] Toplam Generation kaydi: 23128
[2026-06-06T05:56:46.132Z] Toplam Consumption kaydi: 23136
[2026-06-06T05:56:46.132Z] ============================================================
[2026-06-06T05:56:46.132Z] 🔄 WAL checkpoint yapiliyor (degisiklikleri DB dosyasina yazma)...
[2026-06-06T05:56:46.136Z] ✅ WAL checkpoint tamamlandi
[2026-06-06T05:56:46.136Z] Catch-up sync tamamlandi
[2026-06-07T06:33:27.950Z] ============================================================
[2026-06-07T06:33:27.951Z] CATCH-UP SYNC - Eksik Gun Doldurma
[2026-06-07T06:33:27.951Z] ============================================================
[2026-06-07T06:33:27.951Z] En son veri tarihi: 2026-06-05T23:00:00+03:00
[2026-06-07T06:33:27.968Z] Kontrol araligi: 2026-06-06 - 2026-06-06 (dahil)
[2026-06-07T06:33:27.969Z] ⚠️  1 eksik gun bulundu: 2026-06-06 - 2026-06-06
[2026-06-07T06:33:27.969Z] ------------------------------------------------------------
[2026-06-07T06:33:27.969Z] MCP (FIYAT) VERISI CEKILIYOR...
[2026-06-07T06:33:27.969Z] ------------------------------------------------------------
[2026-06-07T06:33:30.141Z] ✅ 24 MCP kaydi eklendi
[2026-06-07T06:33:30.141Z] ------------------------------------------------------------
[2026-06-07T06:33:30.141Z] GENERATION (URETIM) VERISI CEKILIYOR...
[2026-06-07T06:33:30.141Z] ------------------------------------------------------------
[2026-06-07T06:33:30.141Z] 1 parca halinde cekilecek (API limiti 30 gun)
[2026-06-07T06:33:30.141Z] Parca 1/1: 2026-06-06 - 2026-06-06
[2026-06-07T06:33:30.570Z] ✅ 24 Generation kaydi eklendi
[2026-06-07T06:33:30.570Z] Toplam 24 Generation kaydi eklendi
[2026-06-07T06:33:30.570Z] ------------------------------------------------------------
[2026-06-07T06:33:30.570Z] CONSUMPTION (TUKETIM) VERISI CEKILIYOR...
[2026-06-07T06:33:30.570Z] ------------------------------------------------------------
[2026-06-07T06:33:30.997Z] ✅ 24 Consumption kaydi eklendi
[2026-06-07T06:33:30.997Z] ============================================================
[2026-06-07T06:33:30.997Z] CATCH-UP SYNC TAMAMLANDI
[2026-06-07T06:33:30.997Z] ============================================================
[2026-06-07T06:33:30.998Z] Toplam MCP kaydi: 23160
[2026-06-07T06:33:30.999Z] Toplam Generation kaydi: 23152
[2026-06-07T06:33:31.000Z] Toplam Consumption kaydi: 23160
[2026-06-07T06:33:31.000Z] ============================================================
[2026-06-07T06:33:31.000Z] 🔄 WAL checkpoint yapiliyor (degisiklikleri DB dosyasina yazma)...
[2026-06-07T06:33:31.006Z] ✅ WAL checkpoint tamamlandi
[2026-06-07T06:33:31.007Z] Catch-up sync tamamlandi
[2026-06-08T06:48:08.453Z] ============================================================
[2026-06-08T06:48:08.454Z] CATCH-UP SYNC - Eksik Gun Doldurma
[2026-06-08T06:48:08.454Z] ============================================================
[2026-06-08T06:48:08.454Z] En son veri tarihi: 2026-06-06T23:00:00+03:00
[2026-06-08T06:48:08.471Z] Kontrol araligi: 2026-06-07 - 2026-06-07 (dahil)
[2026-06-08T06:48:08.471Z] ⚠️  1 eksik gun bulundu: 2026-06-07 - 2026-06-07
[2026-06-08T06:48:08.472Z] ------------------------------------------------------------
[2026-06-08T06:48:08.472Z] MCP (FIYAT) VERISI CEKILIYOR...
[2026-06-08T06:48:08.472Z] ------------------------------------------------------------
[2026-06-08T06:48:10.832Z] ✅ 24 MCP kaydi eklendi
[2026-06-08T06:48:10.832Z] ------------------------------------------------------------
[2026-06-08T06:48:10.833Z] GENERATION (URETIM) VERISI CEKILIYOR...
[2026-06-08T06:48:10.833Z] ------------------------------------------------------------
[2026-06-08T06:48:10.833Z] 1 parca halinde cekilecek (API limiti 30 gun)
[2026-06-08T06:48:10.833Z] Parca 1/1: 2026-06-07 - 2026-06-07
[2026-06-08T06:48:11.351Z] ✅ 24 Generation kaydi eklendi
[2026-06-08T06:48:11.351Z] Toplam 24 Generation kaydi eklendi
[2026-06-08T06:48:11.351Z] ------------------------------------------------------------
[2026-06-08T06:48:11.351Z] CONSUMPTION (TUKETIM) VERISI CEKILIYOR...
[2026-06-08T06:48:11.351Z] ------------------------------------------------------------
[2026-06-08T06:48:11.867Z] ✅ 24 Consumption kaydi eklendi
[2026-06-08T06:48:11.867Z] ============================================================
[2026-06-08T06:48:11.867Z] CATCH-UP SYNC TAMAMLANDI
[2026-06-08T06:48:11.867Z] ============================================================
[2026-06-08T06:48:11.868Z] Toplam MCP kaydi: 23184
[2026-06-08T06:48:11.869Z] Toplam Generation kaydi: 23176
[2026-06-08T06:48:11.870Z] Toplam Consumption kaydi: 23184
[2026-06-08T06:48:11.870Z] ============================================================
[2026-06-08T06:48:11.870Z] 🔄 WAL checkpoint yapiliyor (degisiklikleri DB dosyasina yazma)...
[2026-06-08T06:48:11.877Z] ✅ WAL checkpoint tamamlandi
[2026-06-08T06:48:11.878Z] Catch-up sync tamamlandi
[2026-06-09T06:12:50.367Z] ============================================================
[2026-06-09T06:12:50.367Z] CATCH-UP SYNC - Eksik Gun Doldurma
[2026-06-09T06:12:50.367Z] ============================================================
[2026-06-09T06:12:50.368Z] En son veri tarihi: 2026-06-07T23:00:00+03:00
[2026-06-09T06:12:50.385Z] Kontrol araligi: 2026-06-08 - 2026-06-08 (dahil)
[2026-06-09T06:12:50.385Z] ⚠️  1 eksik gun bulundu: 2026-06-08 - 2026-06-08
[2026-06-09T06:12:50.385Z] ------------------------------------------------------------
[2026-06-09T06:12:50.386Z] MCP (FIYAT) VERISI CEKILIYOR...
[2026-06-09T06:12:50.386Z] ------------------------------------------------------------
[2026-06-09T06:12:52.283Z] ✅ 24 MCP kaydi eklendi
[2026-06-09T06:12:52.283Z] ------------------------------------------------------------
[2026-06-09T06:12:52.283Z] GENERATION (URETIM) VERISI CEKILIYOR...
[2026-06-09T06:12:52.283Z] ------------------------------------------------------------
[2026-06-09T06:12:52.284Z] 1 parca halinde cekilecek (API limiti 30 gun)
[2026-06-09T06:12:52.284Z] Parca 1/1: 2026-06-08 - 2026-06-08
[2026-06-09T06:12:52.841Z] ✅ 24 Generation kaydi eklendi
[2026-06-09T06:12:52.841Z] Toplam 24 Generation kaydi eklendi
[2026-06-09T06:12:52.841Z] ------------------------------------------------------------
[2026-06-09T06:12:52.841Z] CONSUMPTION (TUKETIM) VERISI CEKILIYOR...
[2026-06-09T06:12:52.842Z] ------------------------------------------------------------
[2026-06-09T06:12:53.397Z] ✅ 24 Consumption kaydi eklendi
[2026-06-09T06:12:53.397Z] ============================================================
[2026-06-09T06:12:53.397Z] CATCH-UP SYNC TAMAMLANDI
[2026-06-09T06:12:53.397Z] ============================================================
[2026-06-09T06:12:53.398Z] Toplam MCP kaydi: 23208
[2026-06-09T06:12:53.399Z] Toplam Generation kaydi: 23200
[2026-06-09T06:12:53.400Z] Toplam Consumption kaydi: 23208
[2026-06-09T06:12:53.400Z] ============================================================
[2026-06-09T06:12:53.400Z] 🔄 WAL checkpoint yapiliyor (degisiklikleri DB dosyasina yazma)...
[2026-06-09T06:12:53.402Z] ✅ WAL checkpoint tamamlandi
[2026-06-09T06:12:53.403Z] Catch-up sync tamamlandi
[2026-06-11T06:52:45.623Z] ============================================================
[2026-06-11T06:52:45.624Z] CATCH-UP SYNC - Eksik Gun Doldurma
[2026-06-11T06:52:45.624Z] ============================================================
[2026-06-11T06:52:45.624Z] En son veri tarihi: 2026-06-08T23:00:00+03:00
[2026-06-11T06:52:45.640Z] Kontrol araligi: 2026-06-09 - 2026-06-10 (dahil)
[2026-06-11T06:52:45.641Z] ⚠️  2 eksik gun bulundu: 2026-06-09 - 2026-06-10
[2026-06-11T06:52:45.641Z] ------------------------------------------------------------
[2026-06-11T06:52:45.641Z] MCP (FIYAT) VERISI CEKILIYOR...
[2026-06-11T06:52:45.641Z] ------------------------------------------------------------
[2026-06-11T06:52:47.499Z] ✅ 48 MCP kaydi eklendi
[2026-06-11T06:52:47.500Z] ------------------------------------------------------------
[2026-06-11T06:52:47.500Z] GENERATION (URETIM) VERISI CEKILIYOR...
[2026-06-11T06:52:47.500Z] ------------------------------------------------------------
[2026-06-11T06:52:47.500Z] 1 parca halinde cekilecek (API limiti 30 gun)
[2026-06-11T06:52:47.500Z] Parca 1/1: 2026-06-09 - 2026-06-10
[2026-06-11T06:52:48.368Z] ✅ 48 Generation kaydi eklendi
[2026-06-11T06:52:48.368Z] Toplam 48 Generation kaydi eklendi
[2026-06-11T06:52:48.368Z] ------------------------------------------------------------
[2026-06-11T06:52:48.368Z] CONSUMPTION (TUKETIM) VERISI CEKILIYOR...
[2026-06-11T06:52:48.368Z] ------------------------------------------------------------
[2026-06-11T06:52:48.869Z] ✅ 48 Consumption kaydi eklendi
[2026-06-11T06:52:48.869Z] ============================================================
[2026-06-11T06:52:48.869Z] CATCH-UP SYNC TAMAMLANDI
[2026-06-11T06:52:48.869Z] ============================================================
[2026-06-11T06:52:48.870Z] Toplam MCP kaydi: 23256
[2026-06-11T06:52:48.871Z] Toplam Generation kaydi: 23248
[2026-06-11T06:52:48.872Z] Toplam Consumption kaydi: 23256
[2026-06-11T06:52:48.872Z] ============================================================
[2026-06-11T06:52:48.872Z] 🔄 WAL checkpoint yapiliyor (degisiklikleri DB dosyasina yazma)...
[2026-06-11T06:52:48.882Z] ✅ WAL checkpoint tamamlandi
[2026-06-11T06:52:48.883Z] Catch-up sync tamamlandi
[2026-06-12T06:45:51.315Z] ============================================================
[2026-06-12T06:45:51.316Z] CATCH-UP SYNC - Eksik Gun Doldurma
[2026-06-12T06:45:51.316Z] ============================================================
[2026-06-12T06:45:51.316Z] En son veri tarihi: 2026-06-10T23:00:00+03:00
[2026-06-12T06:45:51.333Z] Kontrol araligi: 2026-06-11 - 2026-06-11 (dahil)
[2026-06-12T06:45:51.333Z] ⚠️  1 eksik gun bulundu: 2026-06-11 - 2026-06-11
[2026-06-12T06:45:51.334Z] ------------------------------------------------------------
[2026-06-12T06:45:51.334Z] MCP (FIYAT) VERISI CEKILIYOR...
[2026-06-12T06:45:51.334Z] ------------------------------------------------------------
[2026-06-12T06:45:53.822Z] ✅ 24 MCP kaydi eklendi
[2026-06-12T06:45:53.822Z] ------------------------------------------------------------
[2026-06-12T06:45:53.822Z] GENERATION (URETIM) VERISI CEKILIYOR...
[2026-06-12T06:45:53.822Z] ------------------------------------------------------------
[2026-06-12T06:45:53.822Z] 1 parca halinde cekilecek (API limiti 30 gun)
[2026-06-12T06:45:53.822Z] Parca 1/1: 2026-06-11 - 2026-06-11
[2026-06-12T06:45:54.480Z] ✅ 24 Generation kaydi eklendi
[2026-06-12T06:45:54.480Z] Toplam 24 Generation kaydi eklendi
[2026-06-12T06:45:54.480Z] ------------------------------------------------------------
[2026-06-12T06:45:54.480Z] CONSUMPTION (TUKETIM) VERISI CEKILIYOR...
[2026-06-12T06:45:54.480Z] ------------------------------------------------------------
[2026-06-12T06:45:55.120Z] ✅ 24 Consumption kaydi eklendi
[2026-06-12T06:45:55.120Z] ============================================================
[2026-06-12T06:45:55.120Z] CATCH-UP SYNC TAMAMLANDI
[2026-06-12T06:45:55.120Z] ============================================================
[2026-06-12T06:45:55.121Z] Toplam MCP kaydi: 23280
[2026-06-12T06:45:55.122Z] Toplam Generation kaydi: 23272
[2026-06-12T06:45:55.123Z] Toplam Consumption kaydi: 23280
[2026-06-12T06:45:55.123Z] ============================================================
[2026-06-12T06:45:55.123Z] 🔄 WAL checkpoint yapiliyor (degisiklikleri DB dosyasina yazma)...
[2026-06-12T06:45:55.131Z] ✅ WAL checkpoint tamamlandi
[2026-06-12T06:45:55.131Z] Catch-up sync tamamlandi
[2026-06-13T06:20:27.837Z] ============================================================
[2026-06-13T06:20:27.838Z] CATCH-UP SYNC - Eksik Gun Doldurma
[2026-06-13T06:20:27.838Z] ============================================================
[2026-06-13T06:20:27.838Z] En son veri tarihi: 2026-06-11T23:00:00+03:00
[2026-06-13T06:20:27.855Z] Kontrol araligi: 2026-06-12 - 2026-06-12 (dahil)
[2026-06-13T06:20:27.855Z] ⚠️  1 eksik gun bulundu: 2026-06-12 - 2026-06-12
[2026-06-13T06:20:27.855Z] ------------------------------------------------------------
[2026-06-13T06:20:27.856Z] MCP (FIYAT) VERISI CEKILIYOR...
[2026-06-13T06:20:27.856Z] ------------------------------------------------------------
[2026-06-13T06:20:29.755Z] ✅ 24 MCP kaydi eklendi
[2026-06-13T06:20:29.755Z] ------------------------------------------------------------
[2026-06-13T06:20:29.755Z] GENERATION (URETIM) VERISI CEKILIYOR...
[2026-06-13T06:20:29.755Z] ------------------------------------------------------------
[2026-06-13T06:20:29.755Z] 1 parca halinde cekilecek (API limiti 30 gun)
[2026-06-13T06:20:29.755Z] Parca 1/1: 2026-06-12 - 2026-06-12
[2026-06-13T06:20:30.215Z] ✅ 24 Generation kaydi eklendi
[2026-06-13T06:20:30.215Z] Toplam 24 Generation kaydi eklendi
[2026-06-13T06:20:30.215Z] ------------------------------------------------------------
[2026-06-13T06:20:30.215Z] CONSUMPTION (TUKETIM) VERISI CEKILIYOR...
[2026-06-13T06:20:30.215Z] ------------------------------------------------------------
[2026-06-13T06:20:30.735Z] ✅ 24 Consumption kaydi eklendi
[2026-06-13T06:20:30.735Z] ============================================================
[2026-06-13T06:20:30.735Z] CATCH-UP SYNC TAMAMLANDI
[2026-06-13T06:20:30.735Z] ============================================================
[2026-06-13T06:20:30.736Z] Toplam MCP kaydi: 23304
[2026-06-13T06:20:30.737Z] Toplam Generation kaydi: 23296
[2026-06-13T06:20:30.738Z] Toplam Consumption kaydi: 23304
[2026-06-13T06:20:30.738Z] ============================================================
[2026-06-13T06:20:30.738Z] 🔄 WAL checkpoint yapiliyor (degisiklikleri DB dosyasina yazma)...
[2026-06-13T06:20:30.740Z] ✅ WAL checkpoint tamamlandi
[2026-06-13T06:20:30.741Z] Catch-up sync tamamlandi
[2026-06-14T06:44:40.144Z] ============================================================
[2026-06-14T06:44:40.145Z] CATCH-UP SYNC - Eksik Gun Doldurma
[2026-06-14T06:44:40.145Z] ============================================================
[2026-06-14T06:44:40.145Z] En son veri tarihi: 2026-06-12T23:00:00+03:00
[2026-06-14T06:44:40.162Z] Kontrol araligi: 2026-06-13 - 2026-06-13 (dahil)
[2026-06-14T06:44:40.162Z] ⚠️  1 eksik gun bulundu: 2026-06-13 - 2026-06-13
[2026-06-14T06:44:40.162Z] ------------------------------------------------------------
[2026-06-14T06:44:40.163Z] MCP (FIYAT) VERISI CEKILIYOR...
[2026-06-14T06:44:40.163Z] ------------------------------------------------------------
[2026-06-14T06:44:42.080Z] ✅ 24 MCP kaydi eklendi
[2026-06-14T06:44:42.080Z] ------------------------------------------------------------
[2026-06-14T06:44:42.081Z] GENERATION (URETIM) VERISI CEKILIYOR...
[2026-06-14T06:44:42.081Z] ------------------------------------------------------------
[2026-06-14T06:44:42.081Z] 1 parca halinde cekilecek (API limiti 30 gun)
[2026-06-14T06:44:42.081Z] Parca 1/1: 2026-06-13 - 2026-06-13
[2026-06-14T06:44:42.590Z] ✅ 24 Generation kaydi eklendi
[2026-06-14T06:44:42.590Z] Toplam 24 Generation kaydi eklendi
[2026-06-14T06:44:42.591Z] ------------------------------------------------------------
[2026-06-14T06:44:42.591Z] CONSUMPTION (TUKETIM) VERISI CEKILIYOR...
[2026-06-14T06:44:42.591Z] ------------------------------------------------------------
[2026-06-14T06:44:43.047Z] ✅ 24 Consumption kaydi eklendi
[2026-06-14T06:44:43.047Z] ============================================================
[2026-06-14T06:44:43.047Z] CATCH-UP SYNC TAMAMLANDI
[2026-06-14T06:44:43.047Z] ============================================================
[2026-06-14T06:44:43.048Z] Toplam MCP kaydi: 23328
[2026-06-14T06:44:43.049Z] Toplam Generation kaydi: 23320
[2026-06-14T06:44:43.049Z] Toplam Consumption kaydi: 23328
[2026-06-14T06:44:43.049Z] ============================================================
[2026-06-14T06:44:43.050Z] 🔄 WAL checkpoint yapiliyor (degisiklikleri DB dosyasina yazma)...
[2026-06-14T06:44:43.052Z] ✅ WAL checkpoint tamamlandi
[2026-06-14T06:44:43.052Z] Catch-up sync tamamlandi
[2026-06-15T07:24:49.747Z] ============================================================
[2026-06-15T07:24:49.748Z] CATCH-UP SYNC - Eksik Gun Doldurma
[2026-06-15T07:24:49.748Z] ============================================================
[2026-06-15T07:24:49.748Z] En son veri tarihi: 2026-06-13T23:00:00+03:00
[2026-06-15T07:24:49.764Z] Kontrol araligi: 2026-06-14 - 2026-06-14 (dahil)
[2026-06-15T07:24:49.765Z] ⚠️  1 eksik gun bulundu: 2026-06-14 - 2026-06-14
[2026-06-15T07:24:49.765Z] ------------------------------------------------------------
[2026-06-15T07:24:49.765Z] MCP (FIYAT) VERISI CEKILIYOR...
[2026-06-15T07:24:49.765Z] ------------------------------------------------------------
[2026-06-15T07:24:51.375Z] ✅ 24 MCP kaydi eklendi
[2026-06-15T07:24:51.376Z] ------------------------------------------------------------
[2026-06-15T07:24:51.376Z] GENERATION (URETIM) VERISI CEKILIYOR...
[2026-06-15T07:24:51.376Z] ------------------------------------------------------------
[2026-06-15T07:24:51.376Z] 1 parca halinde cekilecek (API limiti 30 gun)
[2026-06-15T07:24:51.376Z] Parca 1/1: 2026-06-14 - 2026-06-14
[2026-06-15T07:24:52.035Z] ✅ 24 Generation kaydi eklendi
[2026-06-15T07:24:52.035Z] Toplam 24 Generation kaydi eklendi
[2026-06-15T07:24:52.035Z] ------------------------------------------------------------
[2026-06-15T07:24:52.035Z] CONSUMPTION (TUKETIM) VERISI CEKILIYOR...
[2026-06-15T07:24:52.035Z] ------------------------------------------------------------
[2026-06-15T07:24:52.497Z] ✅ 24 Consumption kaydi eklendi
[2026-06-15T07:24:52.498Z] ============================================================
[2026-06-15T07:24:52.498Z] CATCH-UP SYNC TAMAMLANDI
[2026-06-15T07:24:52.498Z] ============================================================
[2026-06-15T07:24:52.499Z] Toplam MCP kaydi: 23352
[2026-06-15T07:24:52.499Z] Toplam Generation kaydi: 23344
[2026-06-15T07:24:52.500Z] Toplam Consumption kaydi: 23352
[2026-06-15T07:24:52.500Z] ============================================================
[2026-06-15T07:24:52.500Z] 🔄 WAL checkpoint yapiliyor (degisiklikleri DB dosyasina yazma)...
[2026-06-15T07:24:52.502Z] ✅ WAL checkpoint tamamlandi
[2026-06-15T07:24:52.503Z] Catch-up sync tamamlandi
[2026-06-16T07:30:29.001Z] ============================================================
[2026-06-16T07:30:29.001Z] CATCH-UP SYNC - Eksik Gun Doldurma
[2026-06-16T07:30:29.001Z] ============================================================
[2026-06-16T07:30:29.001Z] En son veri tarihi: 2026-06-14T23:00:00+03:00
[2026-06-16T07:30:29.014Z] Kontrol araligi: 2026-06-15 - 2026-06-15 (dahil)
[2026-06-16T07:30:29.014Z] ⚠️  1 eksik gun bulundu: 2026-06-15 - 2026-06-15
[2026-06-16T07:30:29.014Z] ------------------------------------------------------------
[2026-06-16T07:30:29.014Z] MCP (FIYAT) VERISI CEKILIYOR...
[2026-06-16T07:30:29.015Z] ------------------------------------------------------------
[2026-06-16T07:30:31.110Z] ✅ 24 MCP kaydi eklendi
[2026-06-16T07:30:31.110Z] ------------------------------------------------------------
[2026-06-16T07:30:31.110Z] GENERATION (URETIM) VERISI CEKILIYOR...
[2026-06-16T07:30:31.110Z] ------------------------------------------------------------
[2026-06-16T07:30:31.110Z] 1 parca halinde cekilecek (API limiti 30 gun)
[2026-06-16T07:30:31.110Z] Parca 1/1: 2026-06-15 - 2026-06-15
[2026-06-16T07:30:31.659Z] ✅ 24 Generation kaydi eklendi
[2026-06-16T07:30:31.659Z] Toplam 24 Generation kaydi eklendi
[2026-06-16T07:30:31.659Z] ------------------------------------------------------------
[2026-06-16T07:30:31.660Z] CONSUMPTION (TUKETIM) VERISI CEKILIYOR...
[2026-06-16T07:30:31.660Z] ------------------------------------------------------------
[2026-06-16T07:30:32.228Z] ✅ 24 Consumption kaydi eklendi
[2026-06-16T07:30:32.228Z] ============================================================
[2026-06-16T07:30:32.228Z] CATCH-UP SYNC TAMAMLANDI
[2026-06-16T07:30:32.228Z] ============================================================
[2026-06-16T07:30:32.229Z] Toplam MCP kaydi: 23376
[2026-06-16T07:30:32.230Z] Toplam Generation kaydi: 23368
[2026-06-16T07:30:32.231Z] Toplam Consumption kaydi: 23376
[2026-06-16T07:30:32.231Z] ============================================================
[2026-06-16T07:30:32.231Z] 🔄 WAL checkpoint yapiliyor (degisiklikleri DB dosyasina yazma)...
[2026-06-16T07:30:32.313Z] ✅ WAL checkpoint tamamlandi
[2026-06-16T07:30:32.314Z] Catch-up sync tamamlandi
[2026-06-17T07:15:16.121Z] ============================================================
[2026-06-17T07:15:16.122Z] CATCH-UP SYNC - Eksik Gun Doldurma
[2026-06-17T07:15:16.122Z] ============================================================
[2026-06-17T07:15:16.122Z] En son veri tarihi: 2026-06-15T23:00:00+03:00
[2026-06-17T07:15:16.138Z] Kontrol araligi: 2026-06-16 - 2026-06-16 (dahil)
[2026-06-17T07:15:16.139Z] ⚠️  1 eksik gun bulundu: 2026-06-16 - 2026-06-16
[2026-06-17T07:15:16.139Z] ------------------------------------------------------------
[2026-06-17T07:15:16.139Z] MCP (FIYAT) VERISI CEKILIYOR...
[2026-06-17T07:15:16.139Z] ------------------------------------------------------------
[2026-06-17T07:15:18.147Z] ✅ 24 MCP kaydi eklendi
[2026-06-17T07:15:18.147Z] ------------------------------------------------------------
[2026-06-17T07:15:18.147Z] GENERATION (URETIM) VERISI CEKILIYOR...
[2026-06-17T07:15:18.147Z] ------------------------------------------------------------
[2026-06-17T07:15:18.147Z] 1 parca halinde cekilecek (API limiti 30 gun)
[2026-06-17T07:15:18.147Z] Parca 1/1: 2026-06-16 - 2026-06-16
[2026-06-17T07:15:18.668Z] ✅ 24 Generation kaydi eklendi
[2026-06-17T07:15:18.668Z] Toplam 24 Generation kaydi eklendi
[2026-06-17T07:15:18.668Z] ------------------------------------------------------------
[2026-06-17T07:15:18.668Z] CONSUMPTION (TUKETIM) VERISI CEKILIYOR...
[2026-06-17T07:15:18.668Z] ------------------------------------------------------------
[2026-06-17T07:15:19.179Z] ✅ 24 Consumption kaydi eklendi
[2026-06-17T07:15:19.179Z] ============================================================
[2026-06-17T07:15:19.179Z] CATCH-UP SYNC TAMAMLANDI
[2026-06-17T07:15:19.179Z] ============================================================
[2026-06-17T07:15:19.180Z] Toplam MCP kaydi: 23400
[2026-06-17T07:15:19.180Z] Toplam Generation kaydi: 23392
[2026-06-17T07:15:19.181Z] Toplam Consumption kaydi: 23400
[2026-06-17T07:15:19.181Z] ============================================================
[2026-06-17T07:15:19.181Z] 🔄 WAL checkpoint yapiliyor (degisiklikleri DB dosyasina yazma)...
[2026-06-17T07:15:19.188Z] ✅ WAL checkpoint tamamlandi
[2026-06-17T07:15:19.189Z] Catch-up sync tamamlandi
[2026-06-18T06:56:27.660Z] ============================================================
[2026-06-18T06:56:27.661Z] CATCH-UP SYNC - Eksik Gun Doldurma
[2026-06-18T06:56:27.661Z] ============================================================
[2026-06-18T06:56:27.662Z] En son veri tarihi: 2026-06-16T23:00:00+03:00
[2026-06-18T06:56:27.678Z] Kontrol araligi: 2026-06-17 - 2026-06-17 (dahil)
[2026-06-18T06:56:27.679Z] ⚠️  1 eksik gun bulundu: 2026-06-17 - 2026-06-17
[2026-06-18T06:56:27.679Z] ------------------------------------------------------------
[2026-06-18T06:56:27.679Z] MCP (FIYAT) VERISI CEKILIYOR...
[2026-06-18T06:56:27.679Z] ------------------------------------------------------------
[2026-06-18T06:56:29.400Z] ✅ 24 MCP kaydi eklendi
[2026-06-18T06:56:29.400Z] ------------------------------------------------------------
[2026-06-18T06:56:29.400Z] GENERATION (URETIM) VERISI CEKILIYOR...
[2026-06-18T06:56:29.400Z] ------------------------------------------------------------
[2026-06-18T06:56:29.400Z] 1 parca halinde cekilecek (API limiti 30 gun)
[2026-06-18T06:56:29.400Z] Parca 1/1: 2026-06-17 - 2026-06-17
[2026-06-18T06:56:30.030Z] ✅ 24 Generation kaydi eklendi
[2026-06-18T06:56:30.030Z] Toplam 24 Generation kaydi eklendi
[2026-06-18T06:56:30.030Z] ------------------------------------------------------------
[2026-06-18T06:56:30.030Z] CONSUMPTION (TUKETIM) VERISI CEKILIYOR...
[2026-06-18T06:56:30.030Z] ------------------------------------------------------------
[2026-06-18T06:56:30.486Z] ✅ 24 Consumption kaydi eklendi
[2026-06-18T06:56:30.487Z] ============================================================
[2026-06-18T06:56:30.487Z] CATCH-UP SYNC TAMAMLANDI
[2026-06-18T06:56:30.487Z] ============================================================
[2026-06-18T06:56:30.487Z] Toplam MCP kaydi: 23424
[2026-06-18T06:56:30.488Z] Toplam Generation kaydi: 23416
[2026-06-18T06:56:30.489Z] Toplam Consumption kaydi: 23424
[2026-06-18T06:56:30.489Z] ============================================================
[2026-06-18T06:56:30.489Z] 🔄 WAL checkpoint yapiliyor (degisiklikleri DB dosyasina yazma)...
[2026-06-18T06:56:30.496Z] ✅ WAL checkpoint tamamlandi
[2026-06-18T06:56:30.497Z] Catch-up sync tamamlandi
[2026-06-19T07:11:39.844Z] ============================================================
[2026-06-19T07:11:39.844Z] CATCH-UP SYNC - Eksik Gun Doldurma
[2026-06-19T07:11:39.844Z] ============================================================
[2026-06-19T07:11:39.845Z] En son veri tarihi: 2026-06-17T23:00:00+03:00
[2026-06-19T07:11:39.861Z] Kontrol araligi: 2026-06-18 - 2026-06-18 (dahil)
[2026-06-19T07:11:39.862Z] ⚠️  1 eksik gun bulundu: 2026-06-18 - 2026-06-18
[2026-06-19T07:11:39.862Z] ------------------------------------------------------------
[2026-06-19T07:11:39.862Z] MCP (FIYAT) VERISI CEKILIYOR...
[2026-06-19T07:11:39.862Z] ------------------------------------------------------------
[2026-06-19T07:11:41.456Z] ✅ 24 MCP kaydi eklendi
[2026-06-19T07:11:41.456Z] ------------------------------------------------------------
[2026-06-19T07:11:41.457Z] GENERATION (URETIM) VERISI CEKILIYOR...
[2026-06-19T07:11:41.457Z] ------------------------------------------------------------
[2026-06-19T07:11:41.457Z] 1 parca halinde cekilecek (API limiti 30 gun)
[2026-06-19T07:11:41.457Z] Parca 1/1: 2026-06-18 - 2026-06-18
[2026-06-19T07:11:42.132Z] ✅ 24 Generation kaydi eklendi
[2026-06-19T07:11:42.132Z] Toplam 24 Generation kaydi eklendi
[2026-06-19T07:11:42.132Z] ------------------------------------------------------------
[2026-06-19T07:11:42.132Z] CONSUMPTION (TUKETIM) VERISI CEKILIYOR...
[2026-06-19T07:11:42.132Z] ------------------------------------------------------------
[2026-06-19T07:11:42.791Z] ✅ 24 Consumption kaydi eklendi
[2026-06-19T07:11:42.791Z] ============================================================
[2026-06-19T07:11:42.791Z] CATCH-UP SYNC TAMAMLANDI
[2026-06-19T07:11:42.791Z] ============================================================
[2026-06-19T07:11:42.792Z] Toplam MCP kaydi: 23448
[2026-06-19T07:11:42.793Z] Toplam Generation kaydi: 23440
[2026-06-19T07:11:42.794Z] Toplam Consumption kaydi: 23448
[2026-06-19T07:11:42.795Z] ============================================================
[2026-06-19T07:11:42.795Z] 🔄 WAL checkpoint yapiliyor (degisiklikleri DB dosyasina yazma)...
[2026-06-19T07:11:42.800Z] ✅ WAL checkpoint tamamlandi
[2026-06-19T07:11:42.801Z] Catch-up sync tamamlandi
[2026-06-20T06:25:17.803Z] ============================================================
[2026-06-20T06:25:17.804Z] CATCH-UP SYNC - Eksik Gun Doldurma
[2026-06-20T06:25:17.804Z] ============================================================
[2026-06-20T06:25:17.804Z] En son veri tarihi: 2026-06-18T23:00:00+03:00
[2026-06-20T06:25:17.821Z] Kontrol araligi: 2026-06-19 - 2026-06-19 (dahil)
[2026-06-20T06:25:17.821Z] ⚠️  1 eksik gun bulundu: 2026-06-19 - 2026-06-19
[2026-06-20T06:25:17.821Z] ------------------------------------------------------------
[2026-06-20T06:25:17.821Z] MCP (FIYAT) VERISI CEKILIYOR...
[2026-06-20T06:25:17.821Z] ------------------------------------------------------------
[2026-06-20T06:25:19.330Z] ✅ 24 MCP kaydi eklendi
[2026-06-20T06:25:19.330Z] ------------------------------------------------------------
[2026-06-20T06:25:19.330Z] GENERATION (URETIM) VERISI CEKILIYOR...
[2026-06-20T06:25:19.330Z] ------------------------------------------------------------
[2026-06-20T06:25:19.330Z] 1 parca halinde cekilecek (API limiti 30 gun)
[2026-06-20T06:25:19.330Z] Parca 1/1: 2026-06-19 - 2026-06-19
[2026-06-20T06:25:19.757Z] ✅ 24 Generation kaydi eklendi
[2026-06-20T06:25:19.757Z] Toplam 24 Generation kaydi eklendi
[2026-06-20T06:25:19.757Z] ------------------------------------------------------------
[2026-06-20T06:25:19.757Z] CONSUMPTION (TUKETIM) VERISI CEKILIYOR...
[2026-06-20T06:25:19.757Z] ------------------------------------------------------------
[2026-06-20T06:25:20.154Z] ✅ 24 Consumption kaydi eklendi
[2026-06-20T06:25:20.155Z] ============================================================
[2026-06-20T06:25:20.155Z] CATCH-UP SYNC TAMAMLANDI
[2026-06-20T06:25:20.155Z] ============================================================
[2026-06-20T06:25:20.155Z] Toplam MCP kaydi: 23472
[2026-06-20T06:25:20.157Z] Toplam Generation kaydi: 23464
[2026-06-20T06:25:20.158Z] Toplam Consumption kaydi: 23472
[2026-06-20T06:25:20.158Z] ============================================================
[2026-06-20T06:25:20.158Z] 🔄 WAL checkpoint yapiliyor (degisiklikleri DB dosyasina yazma)...
[2026-06-20T06:25:20.165Z] ✅ WAL checkpoint tamamlandi
[2026-06-20T06:25:20.166Z] Catch-up sync tamamlandi
[2026-06-21T06:54:47.475Z] ============================================================
[2026-06-21T06:54:47.475Z] CATCH-UP SYNC - Eksik Gun Doldurma
[2026-06-21T06:54:47.475Z] ============================================================
[2026-06-21T06:54:47.476Z] En son veri tarihi: 2026-06-19T23:00:00+03:00
[2026-06-21T06:54:47.493Z] Kontrol araligi: 2026-06-20 - 2026-06-20 (dahil)
[2026-06-21T06:54:47.493Z] ⚠️  1 eksik gun bulundu: 2026-06-20 - 2026-06-20
[2026-06-21T06:54:47.493Z] ------------------------------------------------------------
[2026-06-21T06:54:47.493Z] MCP (FIYAT) VERISI CEKILIYOR...
[2026-06-21T06:54:47.493Z] ------------------------------------------------------------
[2026-06-21T06:54:49.064Z] ✅ 24 MCP kaydi eklendi
[2026-06-21T06:54:49.064Z] ------------------------------------------------------------
[2026-06-21T06:54:49.065Z] GENERATION (URETIM) VERISI CEKILIYOR...
[2026-06-21T06:54:49.065Z] ------------------------------------------------------------
[2026-06-21T06:54:49.065Z] 1 parca halinde cekilecek (API limiti 30 gun)
[2026-06-21T06:54:49.065Z] Parca 1/1: 2026-06-20 - 2026-06-20
[2026-06-21T06:54:49.920Z] ✅ 24 Generation kaydi eklendi
[2026-06-21T06:54:49.920Z] Toplam 24 Generation kaydi eklendi
[2026-06-21T06:54:49.920Z] ------------------------------------------------------------
[2026-06-21T06:54:49.920Z] CONSUMPTION (TUKETIM) VERISI CEKILIYOR...
[2026-06-21T06:54:49.920Z] ------------------------------------------------------------
[2026-06-21T06:54:50.585Z] ✅ 24 Consumption kaydi eklendi
[2026-06-21T06:54:50.585Z] ============================================================
[2026-06-21T06:54:50.585Z] CATCH-UP SYNC TAMAMLANDI
[2026-06-21T06:54:50.585Z] ============================================================
[2026-06-21T06:54:50.586Z] Toplam MCP kaydi: 23496
[2026-06-21T06:54:50.587Z] Toplam Generation kaydi: 23488
[2026-06-21T06:54:50.588Z] Toplam Consumption kaydi: 23496
[2026-06-21T06:54:50.588Z] ============================================================
[2026-06-21T06:54:50.588Z] 🔄 WAL checkpoint yapiliyor (degisiklikleri DB dosyasina yazma)...
[2026-06-21T06:54:50.596Z] ✅ WAL checkpoint tamamlandi
[2026-06-21T06:54:50.596Z] Catch-up sync tamamlandi
[2026-06-23T06:11:05.813Z] ============================================================
[2026-06-23T06:11:05.813Z] CATCH-UP SYNC - Eksik Gun Doldurma
[2026-06-23T06:11:05.813Z] ============================================================
[2026-06-23T06:11:05.814Z] En son veri tarihi: 2026-06-20T23:00:00+03:00
[2026-06-23T06:11:05.830Z] Kontrol araligi: 2026-06-21 - 2026-06-22 (dahil)
[2026-06-23T06:11:05.831Z] ⚠️  2 eksik gun bulundu: 2026-06-21 - 2026-06-22
[2026-06-23T06:11:05.831Z] ------------------------------------------------------------
[2026-06-23T06:11:05.831Z] MCP (FIYAT) VERISI CEKILIYOR...
[2026-06-23T06:11:05.831Z] ------------------------------------------------------------
[2026-06-23T06:11:07.323Z] ✅ 48 MCP kaydi eklendi
[2026-06-23T06:11:07.323Z] ------------------------------------------------------------
[2026-06-23T06:11:07.323Z] GENERATION (URETIM) VERISI CEKILIYOR...
[2026-06-23T06:11:07.324Z] ------------------------------------------------------------
[2026-06-23T06:11:07.324Z] 1 parca halinde cekilecek (API limiti 30 gun)
[2026-06-23T06:11:07.324Z] Parca 1/1: 2026-06-21 - 2026-06-22
[2026-06-23T06:11:07.993Z] ✅ 48 Generation kaydi eklendi
[2026-06-23T06:11:07.993Z] Toplam 48 Generation kaydi eklendi
[2026-06-23T06:11:07.993Z] ------------------------------------------------------------
[2026-06-23T06:11:07.993Z] CONSUMPTION (TUKETIM) VERISI CEKILIYOR...
[2026-06-23T06:11:07.993Z] ------------------------------------------------------------
[2026-06-23T06:11:08.430Z] ✅ 48 Consumption kaydi eklendi
[2026-06-23T06:11:08.430Z] ============================================================
[2026-06-23T06:11:08.430Z] CATCH-UP SYNC TAMAMLANDI
[2026-06-23T06:11:08.430Z] ============================================================
[2026-06-23T06:11:08.431Z] Toplam MCP kaydi: 23544
[2026-06-23T06:11:08.432Z] Toplam Generation kaydi: 23536
[2026-06-23T06:11:08.432Z] Toplam Consumption kaydi: 23544
[2026-06-23T06:11:08.432Z] ============================================================
[2026-06-23T06:11:08.433Z] 🔄 WAL checkpoint yapiliyor (degisiklikleri DB dosyasina yazma)...
[2026-06-23T06:11:08.444Z] ✅ WAL checkpoint tamamlandi
[2026-06-23T06:11:08.444Z] Catch-up sync tamamlandi
[2026-06-24T06:10:12.301Z] ============================================================
[2026-06-24T06:10:12.301Z] CATCH-UP SYNC - Eksik Gun Doldurma
[2026-06-24T06:10:12.301Z] ============================================================
[2026-06-24T06:10:12.302Z] En son veri tarihi: 2026-06-22T23:00:00+03:00
[2026-06-24T06:10:12.317Z] Kontrol araligi: 2026-06-23 - 2026-06-23 (dahil)
[2026-06-24T06:10:12.318Z] ⚠️  1 eksik gun bulundu: 2026-06-23 - 2026-06-23
[2026-06-24T06:10:12.318Z] ------------------------------------------------------------
[2026-06-24T06:10:12.318Z] MCP (FIYAT) VERISI CEKILIYOR...
[2026-06-24T06:10:12.318Z] ------------------------------------------------------------
[2026-06-24T06:10:13.867Z] ✅ 24 MCP kaydi eklendi
[2026-06-24T06:10:13.867Z] ------------------------------------------------------------
[2026-06-24T06:10:13.867Z] GENERATION (URETIM) VERISI CEKILIYOR...
[2026-06-24T06:10:13.868Z] ------------------------------------------------------------
[2026-06-24T06:10:13.868Z] 1 parca halinde cekilecek (API limiti 30 gun)
[2026-06-24T06:10:13.868Z] Parca 1/1: 2026-06-23 - 2026-06-23
[2026-06-24T06:10:14.327Z] ✅ 24 Generation kaydi eklendi
[2026-06-24T06:10:14.328Z] Toplam 24 Generation kaydi eklendi
[2026-06-24T06:10:14.328Z] ------------------------------------------------------------
[2026-06-24T06:10:14.328Z] CONSUMPTION (TUKETIM) VERISI CEKILIYOR...
[2026-06-24T06:10:14.328Z] ------------------------------------------------------------
[2026-06-24T06:10:14.751Z] ✅ 24 Consumption kaydi eklendi
[2026-06-24T06:10:14.751Z] ============================================================
[2026-06-24T06:10:14.752Z] CATCH-UP SYNC TAMAMLANDI
[2026-06-24T06:10:14.752Z] ============================================================
[2026-06-24T06:10:14.752Z] Toplam MCP kaydi: 23568
[2026-06-24T06:10:14.754Z] Toplam Generation kaydi: 23560
[2026-06-24T06:10:14.754Z] Toplam Consumption kaydi: 23568
[2026-06-24T06:10:14.755Z] ============================================================
[2026-06-24T06:10:14.755Z] 🔄 WAL checkpoint yapiliyor (degisiklikleri DB dosyasina yazma)...
[2026-06-24T06:10:14.765Z] ✅ WAL checkpoint tamamlandi
[2026-06-24T06:10:14.765Z] Catch-up sync tamamlandi
[2026-06-25T06:11:25.107Z] ============================================================
[2026-06-25T06:11:25.107Z] CATCH-UP SYNC - Eksik Gun Doldurma
[2026-06-25T06:11:25.107Z] ============================================================
[2026-06-25T06:11:25.108Z] En son veri tarihi: 2026-06-23T23:00:00+03:00
[2026-06-25T06:11:25.124Z] Kontrol araligi: 2026-06-24 - 2026-06-24 (dahil)
[2026-06-25T06:11:25.124Z] ⚠️  1 eksik gun bulundu: 2026-06-24 - 2026-06-24
[2026-06-25T06:11:25.124Z] ------------------------------------------------------------
[2026-06-25T06:11:25.124Z] MCP (FIYAT) VERISI CEKILIYOR...
[2026-06-25T06:11:25.125Z] ------------------------------------------------------------
[2026-06-25T06:11:26.693Z] ✅ 24 MCP kaydi eklendi
[2026-06-25T06:11:26.693Z] ------------------------------------------------------------
[2026-06-25T06:11:26.693Z] GENERATION (URETIM) VERISI CEKILIYOR...
[2026-06-25T06:11:26.693Z] ------------------------------------------------------------
[2026-06-25T06:11:26.693Z] 1 parca halinde cekilecek (API limiti 30 gun)
[2026-06-25T06:11:26.694Z] Parca 1/1: 2026-06-24 - 2026-06-24
[2026-06-25T06:11:27.093Z] ✅ 24 Generation kaydi eklendi
[2026-06-25T06:11:27.093Z] Toplam 24 Generation kaydi eklendi
[2026-06-25T06:11:27.093Z] ------------------------------------------------------------
[2026-06-25T06:11:27.093Z] CONSUMPTION (TUKETIM) VERISI CEKILIYOR...
[2026-06-25T06:11:27.093Z] ------------------------------------------------------------
[2026-06-25T06:11:27.505Z] ✅ 24 Consumption kaydi eklendi
[2026-06-25T06:11:27.505Z] ============================================================
[2026-06-25T06:11:27.505Z] CATCH-UP SYNC TAMAMLANDI
[2026-06-25T06:11:27.506Z] ============================================================
[2026-06-25T06:11:27.506Z] Toplam MCP kaydi: 23592
[2026-06-25T06:11:27.507Z] Toplam Generation kaydi: 23584
[2026-06-25T06:11:27.508Z] Toplam Consumption kaydi: 23592
[2026-06-25T06:11:27.508Z] ============================================================
[2026-06-25T06:11:27.508Z] 🔄 WAL checkpoint yapiliyor (degisiklikleri DB dosyasina yazma)...
[2026-06-25T06:11:27.514Z] ✅ WAL checkpoint tamamlandi
[2026-06-25T06:11:27.515Z] Catch-up sync tamamlandi
[2026-06-26T06:14:30.189Z] ============================================================
[2026-06-26T06:14:30.189Z] CATCH-UP SYNC - Eksik Gun Doldurma
[2026-06-26T06:14:30.189Z] ============================================================
[2026-06-26T06:14:30.190Z] En son veri tarihi: 2026-06-24T23:00:00+03:00
[2026-06-26T06:14:30.206Z] Kontrol araligi: 2026-06-25 - 2026-06-25 (dahil)
[2026-06-26T06:14:30.207Z] ⚠️  1 eksik gun bulundu: 2026-06-25 - 2026-06-25
[2026-06-26T06:14:30.207Z] ------------------------------------------------------------
[2026-06-26T06:14:30.207Z] MCP (FIYAT) VERISI CEKILIYOR...
[2026-06-26T06:14:30.207Z] ------------------------------------------------------------
[2026-06-26T06:14:32.161Z] ✅ 24 MCP kaydi eklendi
[2026-06-26T06:14:32.161Z] ------------------------------------------------------------
[2026-06-26T06:14:32.161Z] GENERATION (URETIM) VERISI CEKILIYOR...
[2026-06-26T06:14:32.161Z] ------------------------------------------------------------
[2026-06-26T06:14:32.161Z] 1 parca halinde cekilecek (API limiti 30 gun)
[2026-06-26T06:14:32.161Z] Parca 1/1: 2026-06-25 - 2026-06-25
[2026-06-26T06:14:32.764Z] ✅ 24 Generation kaydi eklendi
[2026-06-26T06:14:32.764Z] Toplam 24 Generation kaydi eklendi
[2026-06-26T06:14:32.764Z] ------------------------------------------------------------
[2026-06-26T06:14:32.764Z] CONSUMPTION (TUKETIM) VERISI CEKILIYOR...
[2026-06-26T06:14:32.764Z] ------------------------------------------------------------
[2026-06-26T06:14:33.277Z] ✅ 24 Consumption kaydi eklendi
[2026-06-26T06:14:33.278Z] ============================================================
[2026-06-26T06:14:33.278Z] CATCH-UP SYNC TAMAMLANDI
[2026-06-26T06:14:33.278Z] ============================================================
[2026-06-26T06:14:33.279Z] Toplam MCP kaydi: 23616
[2026-06-26T06:14:33.280Z] Toplam Generation kaydi: 23608
[2026-06-26T06:14:33.281Z] Toplam Consumption kaydi: 23616
[2026-06-26T06:14:33.281Z] ============================================================
[2026-06-26T06:14:33.281Z] 🔄 WAL checkpoint yapiliyor (degisiklikleri DB dosyasina yazma)...
[2026-06-26T06:14:33.288Z] ✅ WAL checkpoint tamamlandi
[2026-06-26T06:14:33.288Z] Catch-up sync tamamlandi
[2026-06-27T05:56:27.030Z] ============================================================
[2026-06-27T05:56:27.030Z] CATCH-UP SYNC - Eksik Gun Doldurma
[2026-06-27T05:56:27.030Z] ============================================================
[2026-06-27T05:56:27.031Z] En son veri tarihi: 2026-06-25T23:00:00+03:00
[2026-06-27T05:56:27.048Z] Kontrol araligi: 2026-06-26 - 2026-06-26 (dahil)
[2026-06-27T05:56:27.049Z] ⚠️  1 eksik gun bulundu: 2026-06-26 - 2026-06-26
[2026-06-27T05:56:27.049Z] ------------------------------------------------------------
[2026-06-27T05:56:27.049Z] MCP (FIYAT) VERISI CEKILIYOR...
[2026-06-27T05:56:27.049Z] ------------------------------------------------------------
[2026-06-27T05:56:28.910Z] ✅ 24 MCP kaydi eklendi
[2026-06-27T05:56:28.910Z] ------------------------------------------------------------
[2026-06-27T05:56:28.910Z] GENERATION (URETIM) VERISI CEKILIYOR...
[2026-06-27T05:56:28.910Z] ------------------------------------------------------------
[2026-06-27T05:56:28.910Z] 1 parca halinde cekilecek (API limiti 30 gun)
[2026-06-27T05:56:28.910Z] Parca 1/1: 2026-06-26 - 2026-06-26
[2026-06-27T05:56:29.478Z] ✅ 24 Generation kaydi eklendi
[2026-06-27T05:56:29.478Z] Toplam 24 Generation kaydi eklendi
[2026-06-27T05:56:29.478Z] ------------------------------------------------------------
[2026-06-27T05:56:29.478Z] CONSUMPTION (TUKETIM) VERISI CEKILIYOR...
[2026-06-27T05:56:29.479Z] ------------------------------------------------------------
[2026-06-27T05:56:29.930Z] ✅ 24 Consumption kaydi eklendi
[2026-06-27T05:56:29.930Z] ============================================================
[2026-06-27T05:56:29.930Z] CATCH-UP SYNC TAMAMLANDI
[2026-06-27T05:56:29.930Z] ============================================================
[2026-06-27T05:56:29.931Z] Toplam MCP kaydi: 23640
[2026-06-27T05:56:29.932Z] Toplam Generation kaydi: 23632
[2026-06-27T05:56:29.933Z] Toplam Consumption kaydi: 23640
[2026-06-27T05:56:29.933Z] ============================================================
[2026-06-27T05:56:29.933Z] 🔄 WAL checkpoint yapiliyor (degisiklikleri DB dosyasina yazma)...
[2026-06-27T05:56:29.940Z] ✅ WAL checkpoint tamamlandi
[2026-06-27T05:56:29.941Z] Catch-up sync tamamlandi
[2026-06-28T06:22:35.720Z] ============================================================
[2026-06-28T06:22:35.720Z] CATCH-UP SYNC - Eksik Gun Doldurma
[2026-06-28T06:22:35.720Z] ============================================================
[2026-06-28T06:22:35.721Z] En son veri tarihi: 2026-06-26T23:00:00+03:00
[2026-06-28T06:22:35.737Z] Kontrol araligi: 2026-06-27 - 2026-06-27 (dahil)
[2026-06-28T06:22:35.737Z] ⚠️  1 eksik gun bulundu: 2026-06-27 - 2026-06-27
[2026-06-28T06:22:35.737Z] ------------------------------------------------------------
[2026-06-28T06:22:35.738Z] MCP (FIYAT) VERISI CEKILIYOR...
[2026-06-28T06:22:35.738Z] ------------------------------------------------------------
[2026-06-28T06:22:37.604Z] ✅ 24 MCP kaydi eklendi
[2026-06-28T06:22:37.604Z] ------------------------------------------------------------
[2026-06-28T06:22:37.604Z] GENERATION (URETIM) VERISI CEKILIYOR...
[2026-06-28T06:22:37.604Z] ------------------------------------------------------------
[2026-06-28T06:22:37.605Z] 1 parca halinde cekilecek (API limiti 30 gun)
[2026-06-28T06:22:37.605Z] Parca 1/1: 2026-06-27 - 2026-06-27
[2026-06-28T06:22:38.048Z] ✅ 24 Generation kaydi eklendi
[2026-06-28T06:22:38.048Z] Toplam 24 Generation kaydi eklendi
[2026-06-28T06:22:38.048Z] ------------------------------------------------------------
[2026-06-28T06:22:38.048Z] CONSUMPTION (TUKETIM) VERISI CEKILIYOR...
[2026-06-28T06:22:38.048Z] ------------------------------------------------------------
[2026-06-28T06:22:38.691Z] ✅ 24 Consumption kaydi eklendi
[2026-06-28T06:22:38.691Z] ============================================================
[2026-06-28T06:22:38.692Z] CATCH-UP SYNC TAMAMLANDI
[2026-06-28T06:22:38.692Z] ============================================================
[2026-06-28T06:22:38.693Z] Toplam MCP kaydi: 23664
[2026-06-28T06:22:38.694Z] Toplam Generation kaydi: 23656
[2026-06-28T06:22:38.694Z] Toplam Consumption kaydi: 23664
[2026-06-28T06:22:38.694Z] ============================================================
[2026-06-28T06:22:38.694Z] 🔄 WAL checkpoint yapiliyor (degisiklikleri DB dosyasina yazma)...
[2026-06-28T06:22:38.702Z] ✅ WAL checkpoint tamamlandi
[2026-06-28T06:22:38.703Z] Catch-up sync tamamlandi
[2026-06-29T06:53:08.045Z] ============================================================
[2026-06-29T06:53:08.046Z] CATCH-UP SYNC - Eksik Gun Doldurma
[2026-06-29T06:53:08.046Z] ============================================================
[2026-06-29T06:53:08.046Z] En son veri tarihi: 2026-06-27T23:00:00+03:00
[2026-06-29T06:53:08.069Z] Kontrol araligi: 2026-06-28 - 2026-06-28 (dahil)
[2026-06-29T06:53:08.070Z] ⚠️  1 eksik gun bulundu: 2026-06-28 - 2026-06-28
[2026-06-29T06:53:08.070Z] ------------------------------------------------------------
[2026-06-29T06:53:08.070Z] MCP (FIYAT) VERISI CEKILIYOR...
[2026-06-29T06:53:08.070Z] ------------------------------------------------------------
[2026-06-29T06:53:10.600Z] ✅ 24 MCP kaydi eklendi
[2026-06-29T06:53:10.600Z] ------------------------------------------------------------
[2026-06-29T06:53:10.600Z] GENERATION (URETIM) VERISI CEKILIYOR...
[2026-06-29T06:53:10.600Z] ------------------------------------------------------------
[2026-06-29T06:53:10.600Z] 1 parca halinde cekilecek (API limiti 30 gun)
[2026-06-29T06:53:10.600Z] Parca 1/1: 2026-06-28 - 2026-06-28
[2026-06-29T06:53:11.273Z] ✅ 24 Generation kaydi eklendi
[2026-06-29T06:53:11.273Z] Toplam 24 Generation kaydi eklendi
[2026-06-29T06:53:11.273Z] ------------------------------------------------------------
[2026-06-29T06:53:11.273Z] CONSUMPTION (TUKETIM) VERISI CEKILIYOR...
[2026-06-29T06:53:11.273Z] ------------------------------------------------------------
[2026-06-29T06:53:11.793Z] ✅ 24 Consumption kaydi eklendi
[2026-06-29T06:53:11.793Z] ============================================================
[2026-06-29T06:53:11.793Z] CATCH-UP SYNC TAMAMLANDI
[2026-06-29T06:53:11.793Z] ============================================================
[2026-06-29T06:53:11.794Z] Toplam MCP kaydi: 23688
[2026-06-29T06:53:11.794Z] Toplam Generation kaydi: 23680
[2026-06-29T06:53:11.795Z] Toplam Consumption kaydi: 23688
[2026-06-29T06:53:11.795Z] ============================================================
[2026-06-29T06:53:11.795Z] 🔄 WAL checkpoint yapiliyor (degisiklikleri DB dosyasina yazma)...
[2026-06-29T06:53:11.799Z] ✅ WAL checkpoint tamamlandi
[2026-06-29T06:53:11.799Z] Catch-up sync tamamlandi
[2026-06-30T06:15:43.759Z] ============================================================
[2026-06-30T06:15:43.760Z] CATCH-UP SYNC - Eksik Gun Doldurma
[2026-06-30T06:15:43.760Z] ============================================================
[2026-06-30T06:15:43.760Z] En son veri tarihi: 2026-06-28T23:00:00+03:00
[2026-06-30T06:15:43.778Z] Kontrol araligi: 2026-06-29 - 2026-06-29 (dahil)
[2026-06-30T06:15:43.779Z] ⚠️  1 eksik gun bulundu: 2026-06-29 - 2026-06-29
[2026-06-30T06:15:43.779Z] ------------------------------------------------------------
[2026-06-30T06:15:43.779Z] MCP (FIYAT) VERISI CEKILIYOR...
[2026-06-30T06:15:43.779Z] ------------------------------------------------------------
[2026-06-30T06:15:46.194Z] ✅ 24 MCP kaydi eklendi
[2026-06-30T06:15:46.194Z] ------------------------------------------------------------
[2026-06-30T06:15:46.194Z] GENERATION (URETIM) VERISI CEKILIYOR...
[2026-06-30T06:15:46.195Z] ------------------------------------------------------------
[2026-06-30T06:15:46.195Z] 1 parca halinde cekilecek (API limiti 30 gun)
[2026-06-30T06:15:46.195Z] Parca 1/1: 2026-06-29 - 2026-06-29
[2026-06-30T06:15:46.791Z] ✅ 24 Generation kaydi eklendi
[2026-06-30T06:15:46.791Z] Toplam 24 Generation kaydi eklendi
[2026-06-30T06:15:46.791Z] ------------------------------------------------------------
[2026-06-30T06:15:46.791Z] CONSUMPTION (TUKETIM) VERISI CEKILIYOR...
[2026-06-30T06:15:46.792Z] ------------------------------------------------------------
[2026-06-30T06:15:47.500Z] ✅ 24 Consumption kaydi eklendi
[2026-06-30T06:15:47.500Z] ============================================================
[2026-06-30T06:15:47.500Z] CATCH-UP SYNC TAMAMLANDI
[2026-06-30T06:15:47.500Z] ============================================================
[2026-06-30T06:15:47.501Z] Toplam MCP kaydi: 23712
[2026-06-30T06:15:47.502Z] Toplam Generation kaydi: 23704
[2026-06-30T06:15:47.502Z] Toplam Consumption kaydi: 23712
[2026-06-30T06:15:47.502Z] ============================================================
[2026-06-30T06:15:47.502Z] 🔄 WAL checkpoint yapiliyor (degisiklikleri DB dosyasina yazma)...
[2026-06-30T06:15:47.511Z] ✅ WAL checkpoint tamamlandi
[2026-06-30T06:15:47.512Z] Catch-up sync tamamlandi
[2026-07-01T06:37:01.888Z] ============================================================
[2026-07-01T06:37:01.888Z] CATCH-UP SYNC - Eksik Gun Doldurma
[2026-07-01T06:37:01.888Z] ============================================================
[2026-07-01T06:37:01.889Z] En son veri tarihi: 2026-06-29T23:00:00+03:00
[2026-07-01T06:37:01.905Z] Kontrol araligi: 2026-06-30 - 2026-06-30 (dahil)
[2026-07-01T06:37:01.906Z] ⚠️  1 eksik gun bulundu: 2026-06-30 - 2026-06-30
[2026-07-01T06:37:01.906Z] ------------------------------------------------------------
[2026-07-01T06:37:01.906Z] MCP (FIYAT) VERISI CEKILIYOR...
[2026-07-01T06:37:01.906Z] ------------------------------------------------------------
[2026-07-01T06:37:03.809Z] ✅ 24 MCP kaydi eklendi
[2026-07-01T06:37:03.809Z] ------------------------------------------------------------
[2026-07-01T06:37:03.809Z] GENERATION (URETIM) VERISI CEKILIYOR...
[2026-07-01T06:37:03.809Z] ------------------------------------------------------------
[2026-07-01T06:37:03.809Z] 1 parca halinde cekilecek (API limiti 30 gun)
[2026-07-01T06:37:03.809Z] Parca 1/1: 2026-06-30 - 2026-06-30
[2026-07-01T06:37:04.396Z] ✅ 24 Generation kaydi eklendi
[2026-07-01T06:37:04.397Z] Toplam 24 Generation kaydi eklendi
[2026-07-01T06:37:04.397Z] ------------------------------------------------------------
[2026-07-01T06:37:04.398Z] CONSUMPTION (TUKETIM) VERISI CEKILIYOR...
[2026-07-01T06:37:04.398Z] ------------------------------------------------------------
[2026-07-01T06:37:04.912Z] ✅ 24 Consumption kaydi eklendi
[2026-07-01T06:37:04.912Z] ============================================================
[2026-07-01T06:37:04.912Z] CATCH-UP SYNC TAMAMLANDI
[2026-07-01T06:37:04.912Z] ============================================================
[2026-07-01T06:37:04.913Z] Toplam MCP kaydi: 23736
[2026-07-01T06:37:04.914Z] Toplam Generation kaydi: 23728
[2026-07-01T06:37:04.915Z] Toplam Consumption kaydi: 23736
[2026-07-01T06:37:04.915Z] ============================================================
[2026-07-01T06:37:04.915Z] 🔄 WAL checkpoint yapiliyor (degisiklikleri DB dosyasina yazma)...
[2026-07-01T06:37:04.923Z] ✅ WAL checkpoint tamamlandi
[2026-07-01T06:37:04.923Z] Catch-up sync tamamlandi
[2026-07-02T06:02:51.975Z] ============================================================
[2026-07-02T06:02:51.976Z] CATCH-UP SYNC - Eksik Gun Doldurma
[2026-07-02T06:02:51.976Z] ============================================================
[2026-07-02T06:02:51.977Z] En son veri tarihi: 2026-06-30T23:00:00+03:00
[2026-07-02T06:02:51.992Z] Kontrol araligi: 2026-07-01 - 2026-07-01 (dahil)
[2026-07-02T06:02:51.993Z] ⚠️  1 eksik gun bulundu: 2026-07-01 - 2026-07-01
[2026-07-02T06:02:51.993Z] ------------------------------------------------------------
[2026-07-02T06:02:51.993Z] MCP (FIYAT) VERISI CEKILIYOR...
[2026-07-02T06:02:51.993Z] ------------------------------------------------------------
[2026-07-02T06:02:54.520Z] ✅ 24 MCP kaydi eklendi
[2026-07-02T06:02:54.521Z] ------------------------------------------------------------
[2026-07-02T06:02:54.521Z] GENERATION (URETIM) VERISI CEKILIYOR...
[2026-07-02T06:02:54.521Z] ------------------------------------------------------------
[2026-07-02T06:02:54.521Z] 1 parca halinde cekilecek (API limiti 30 gun)
[2026-07-02T06:02:54.521Z] Parca 1/1: 2026-07-01 - 2026-07-01
[2026-07-02T06:02:54.969Z] ✅ 24 Generation kaydi eklendi
[2026-07-02T06:02:54.969Z] Toplam 24 Generation kaydi eklendi
[2026-07-02T06:02:54.969Z] ------------------------------------------------------------
[2026-07-02T06:02:54.970Z] CONSUMPTION (TUKETIM) VERISI CEKILIYOR...
[2026-07-02T06:02:54.970Z] ------------------------------------------------------------
[2026-07-02T06:02:55.475Z] ✅ 24 Consumption kaydi eklendi
[2026-07-02T06:02:55.475Z] ============================================================
[2026-07-02T06:02:55.475Z] CATCH-UP SYNC TAMAMLANDI
[2026-07-02T06:02:55.475Z] ============================================================
[2026-07-02T06:02:55.476Z] Toplam MCP kaydi: 23760
[2026-07-02T06:02:55.477Z] Toplam Generation kaydi: 23752
[2026-07-02T06:02:55.478Z] Toplam Consumption kaydi: 23760
[2026-07-02T06:02:55.478Z] ============================================================
[2026-07-02T06:02:55.478Z] 🔄 WAL checkpoint yapiliyor (degisiklikleri DB dosyasina yazma)...
[2026-07-02T06:02:55.485Z] ✅ WAL checkpoint tamamlandi
[2026-07-02T06:02:55.485Z] Catch-up sync tamamlandi
[2026-07-03T05:56:56.296Z] ============================================================
[2026-07-03T05:56:56.297Z] CATCH-UP SYNC - Eksik Gun Doldurma
[2026-07-03T05:56:56.297Z] ============================================================
[2026-07-03T05:56:56.297Z] En son veri tarihi: 2026-07-01T23:00:00+03:00
[2026-07-03T05:56:56.313Z] Kontrol araligi: 2026-07-02 - 2026-07-02 (dahil)
[2026-07-03T05:56:56.314Z] ⚠️  1 eksik gun bulundu: 2026-07-02 - 2026-07-02
[2026-07-03T05:56:56.314Z] ------------------------------------------------------------
[2026-07-03T05:56:56.314Z] MCP (FIYAT) VERISI CEKILIYOR...
[2026-07-03T05:56:56.314Z] ------------------------------------------------------------
[2026-07-03T05:56:58.614Z] ✅ 24 MCP kaydi eklendi
[2026-07-03T05:56:58.614Z] ------------------------------------------------------------
[2026-07-03T05:56:58.614Z] GENERATION (URETIM) VERISI CEKILIYOR...
[2026-07-03T05:56:58.614Z] ------------------------------------------------------------
[2026-07-03T05:56:58.614Z] 1 parca halinde cekilecek (API limiti 30 gun)
[2026-07-03T05:56:58.614Z] Parca 1/1: 2026-07-02 - 2026-07-02
[2026-07-03T05:56:59.156Z] ✅ 24 Generation kaydi eklendi
[2026-07-03T05:56:59.156Z] Toplam 24 Generation kaydi eklendi
[2026-07-03T05:56:59.156Z] ------------------------------------------------------------
[2026-07-03T05:56:59.156Z] CONSUMPTION (TUKETIM) VERISI CEKILIYOR...
[2026-07-03T05:56:59.156Z] ------------------------------------------------------------
[2026-07-03T05:56:59.663Z] ✅ 24 Consumption kaydi eklendi
[2026-07-03T05:56:59.663Z] ============================================================
[2026-07-03T05:56:59.663Z] CATCH-UP SYNC TAMAMLANDI
[2026-07-03T05:56:59.664Z] ============================================================
[2026-07-03T05:56:59.664Z] Toplam MCP kaydi: 23784
[2026-07-03T05:56:59.665Z] Toplam Generation kaydi: 23776
[2026-07-03T05:56:59.667Z] Toplam Consumption kaydi: 23784
[2026-07-03T05:56:59.668Z] ============================================================
[2026-07-03T05:56:59.668Z] 🔄 WAL checkpoint yapiliyor (degisiklikleri DB dosyasina yazma)...
[2026-07-03T05:56:59.676Z] ✅ WAL checkpoint tamamlandi
[2026-07-03T05:56:59.676Z] Catch-up sync tamamlandi
[2026-07-04T05:49:41.601Z] ============================================================
[2026-07-04T05:49:41.601Z] CATCH-UP SYNC - Eksik Gun Doldurma
[2026-07-04T05:49:41.601Z] ============================================================
[2026-07-04T05:49:41.602Z] En son veri tarihi: 2026-07-02T23:00:00+03:00
[2026-07-04T05:49:41.618Z] Kontrol araligi: 2026-07-03 - 2026-07-03 (dahil)
[2026-07-04T05:49:41.619Z] ⚠️  1 eksik gun bulundu: 2026-07-03 - 2026-07-03
[2026-07-04T05:49:41.619Z] ------------------------------------------------------------
[2026-07-04T05:49:41.619Z] MCP (FIYAT) VERISI CEKILIYOR...
[2026-07-04T05:49:41.619Z] ------------------------------------------------------------
[2026-07-04T05:49:43.204Z] ✅ 24 MCP kaydi eklendi
[2026-07-04T05:49:43.204Z] ------------------------------------------------------------
[2026-07-04T05:49:43.204Z] GENERATION (URETIM) VERISI CEKILIYOR...
[2026-07-04T05:49:43.204Z] ------------------------------------------------------------
[2026-07-04T05:49:43.205Z] 1 parca halinde cekilecek (API limiti 30 gun)
[2026-07-04T05:49:43.205Z] Parca 1/1: 2026-07-03 - 2026-07-03
[2026-07-04T05:49:43.644Z] ✅ 24 Generation kaydi eklendi
[2026-07-04T05:49:43.644Z] Toplam 24 Generation kaydi eklendi
[2026-07-04T05:49:43.645Z] ------------------------------------------------------------
[2026-07-04T05:49:43.645Z] CONSUMPTION (TUKETIM) VERISI CEKILIYOR...
[2026-07-04T05:49:43.645Z] ------------------------------------------------------------
[2026-07-04T05:49:44.060Z] ✅ 24 Consumption kaydi eklendi
[2026-07-04T05:49:44.060Z] ============================================================
[2026-07-04T05:49:44.060Z] CATCH-UP SYNC TAMAMLANDI
[2026-07-04T05:49:44.060Z] ============================================================
[2026-07-04T05:49:44.061Z] Toplam MCP kaydi: 23808
[2026-07-04T05:49:44.062Z] Toplam Generation kaydi: 23800
[2026-07-04T05:49:44.063Z] Toplam Consumption kaydi: 23808
[2026-07-04T05:49:44.063Z] ============================================================
[2026-07-04T05:49:44.063Z] 🔄 WAL checkpoint yapiliyor (degisiklikleri DB dosyasina yazma)...
[2026-07-04T05:49:44.070Z] ✅ WAL checkpoint tamamlandi
[2026-07-04T05:49:44.070Z] Catch-up sync tamamlandi
[2026-07-06T06:40:14.720Z] ============================================================
[2026-07-06T06:40:14.720Z] CATCH-UP SYNC - Eksik Gun Doldurma
[2026-07-06T06:40:14.720Z] ============================================================
[2026-07-06T06:40:14.721Z] En son veri tarihi: 2026-07-03T23:00:00+03:00
[2026-07-06T06:40:14.748Z] Kontrol araligi: 2026-07-04 - 2026-07-05 (dahil)
[2026-07-06T06:40:14.749Z] ⚠️  2 eksik gun bulundu: 2026-07-04 - 2026-07-05
[2026-07-06T06:40:14.749Z] ------------------------------------------------------------
[2026-07-06T06:40:14.749Z] MCP (FIYAT) VERISI CEKILIYOR...
[2026-07-06T06:40:14.749Z] ------------------------------------------------------------
[2026-07-06T06:40:17.245Z] ✅ 48 MCP kaydi eklendi
[2026-07-06T06:40:17.245Z] ------------------------------------------------------------
[2026-07-06T06:40:17.245Z] GENERATION (URETIM) VERISI CEKILIYOR...
[2026-07-06T06:40:17.245Z] ------------------------------------------------------------
[2026-07-06T06:40:17.245Z] 1 parca halinde cekilecek (API limiti 30 gun)
[2026-07-06T06:40:17.245Z] Parca 1/1: 2026-07-04 - 2026-07-05
[2026-07-06T06:40:17.890Z] ✅ 48 Generation kaydi eklendi
[2026-07-06T06:40:17.890Z] Toplam 48 Generation kaydi eklendi
[2026-07-06T06:40:17.890Z] ------------------------------------------------------------
[2026-07-06T06:40:17.891Z] CONSUMPTION (TUKETIM) VERISI CEKILIYOR...
[2026-07-06T06:40:17.891Z] ------------------------------------------------------------
[2026-07-06T06:40:18.340Z] ✅ 48 Consumption kaydi eklendi
[2026-07-06T06:40:18.340Z] ============================================================
[2026-07-06T06:40:18.340Z] CATCH-UP SYNC TAMAMLANDI
[2026-07-06T06:40:18.340Z] ============================================================
[2026-07-06T06:40:18.341Z] Toplam MCP kaydi: 23856
[2026-07-06T06:40:18.342Z] Toplam Generation kaydi: 23848
[2026-07-06T06:40:18.343Z] Toplam Consumption kaydi: 23856
[2026-07-06T06:40:18.343Z] ============================================================
[2026-07-06T06:40:18.343Z] 🔄 WAL checkpoint yapiliyor (degisiklikleri DB dosyasina yazma)...
[2026-07-06T06:40:18.350Z] ✅ WAL checkpoint tamamlandi
[2026-07-06T06:40:18.350Z] Catch-up sync tamamlandi
[2026-07-07T06:12:16.437Z] ============================================================
[2026-07-07T06:12:16.437Z] CATCH-UP SYNC - Eksik Gun Doldurma
[2026-07-07T06:12:16.438Z] ============================================================
[2026-07-07T06:12:16.438Z] En son veri tarihi: 2026-07-05T23:00:00+03:00
[2026-07-07T06:12:16.454Z] Kontrol araligi: 2026-07-06 - 2026-07-06 (dahil)
[2026-07-07T06:12:16.456Z] ⚠️  1 eksik gun bulundu: 2026-07-06 - 2026-07-06
[2026-07-07T06:12:16.456Z] ------------------------------------------------------------
[2026-07-07T06:12:16.456Z] MCP (FIYAT) VERISI CEKILIYOR...
[2026-07-07T06:12:16.456Z] ------------------------------------------------------------
[2026-07-07T06:12:18.268Z] ✅ 24 MCP kaydi eklendi
[2026-07-07T06:12:18.268Z] ------------------------------------------------------------
[2026-07-07T06:12:18.268Z] GENERATION (URETIM) VERISI CEKILIYOR...
[2026-07-07T06:12:18.268Z] ------------------------------------------------------------
[2026-07-07T06:12:18.268Z] 1 parca halinde cekilecek (API limiti 30 gun)
[2026-07-07T06:12:18.268Z] Parca 1/1: 2026-07-06 - 2026-07-06
[2026-07-07T06:12:19.035Z] ✅ 24 Generation kaydi eklendi
[2026-07-07T06:12:19.035Z] Toplam 24 Generation kaydi eklendi
[2026-07-07T06:12:19.035Z] ------------------------------------------------------------
[2026-07-07T06:12:19.035Z] CONSUMPTION (TUKETIM) VERISI CEKILIYOR...
[2026-07-07T06:12:19.035Z] ------------------------------------------------------------
[2026-07-07T06:12:19.545Z] ✅ 24 Consumption kaydi eklendi
[2026-07-07T06:12:19.546Z] ============================================================
[2026-07-07T06:12:19.546Z] CATCH-UP SYNC TAMAMLANDI
[2026-07-07T06:12:19.546Z] ============================================================
[2026-07-07T06:12:19.547Z] Toplam MCP kaydi: 23880
[2026-07-07T06:12:19.548Z] Toplam Generation kaydi: 23872
[2026-07-07T06:12:19.549Z] Toplam Consumption kaydi: 23880
[2026-07-07T06:12:19.549Z] ============================================================
[2026-07-07T06:12:19.549Z] 🔄 WAL checkpoint yapiliyor (degisiklikleri DB dosyasina yazma)...
[2026-07-07T06:12:19.556Z] ✅ WAL checkpoint tamamlandi
[2026-07-07T06:12:19.557Z] Catch-up sync tamamlandi
[2026-07-08T05:25:05.372Z] ============================================================
[2026-07-08T05:25:05.373Z] CATCH-UP SYNC - Eksik Gun Doldurma
[2026-07-08T05:25:05.373Z] ============================================================
[2026-07-08T05:25:05.373Z] En son veri tarihi: 2026-07-06T23:00:00+03:00
[2026-07-08T05:25:05.389Z] Kontrol araligi: 2026-07-07 - 2026-07-07 (dahil)
[2026-07-08T05:25:05.390Z] ⚠️  1 eksik gun bulundu: 2026-07-07 - 2026-07-07
[2026-07-08T05:25:05.390Z] ------------------------------------------------------------
[2026-07-08T05:25:05.390Z] MCP (FIYAT) VERISI CEKILIYOR...
[2026-07-08T05:25:05.390Z] ------------------------------------------------------------
[2026-07-08T05:25:06.944Z] ✅ 24 MCP kaydi eklendi
[2026-07-08T05:25:06.944Z] ------------------------------------------------------------
[2026-07-08T05:25:06.944Z] GENERATION (URETIM) VERISI CEKILIYOR...
[2026-07-08T05:25:06.944Z] ------------------------------------------------------------
[2026-07-08T05:25:06.944Z] 1 parca halinde cekilecek (API limiti 30 gun)
[2026-07-08T05:25:06.944Z] Parca 1/1: 2026-07-07 - 2026-07-07
[2026-07-08T05:25:07.567Z] ✅ 24 Generation kaydi eklendi
[2026-07-08T05:25:07.567Z] Toplam 24 Generation kaydi eklendi
[2026-07-08T05:25:07.567Z] ------------------------------------------------------------
[2026-07-08T05:25:07.567Z] CONSUMPTION (TUKETIM) VERISI CEKILIYOR...
[2026-07-08T05:25:07.567Z] ------------------------------------------------------------
[2026-07-08T05:25:08.048Z] ✅ 24 Consumption kaydi eklendi
[2026-07-08T05:25:08.049Z] ============================================================
[2026-07-08T05:25:08.049Z] CATCH-UP SYNC TAMAMLANDI
[2026-07-08T05:25:08.049Z] ============================================================
[2026-07-08T05:25:08.050Z] Toplam MCP kaydi: 23904
[2026-07-08T05:25:08.051Z] Toplam Generation kaydi: 23896
[2026-07-08T05:25:08.052Z] Toplam Consumption kaydi: 23904
[2026-07-08T05:25:08.052Z] ============================================================
[2026-07-08T05:25:08.052Z] 🔄 WAL checkpoint yapiliyor (degisiklikleri DB dosyasina yazma)...
[2026-07-08T05:25:08.059Z] ✅ WAL checkpoint tamamlandi
[2026-07-08T05:25:08.059Z] Catch-up sync tamamlandi
[2026-07-09T06:08:36.989Z] ============================================================
[2026-07-09T06:08:36.989Z] CATCH-UP SYNC - Eksik Gun Doldurma
[2026-07-09T06:08:36.990Z] ============================================================
[2026-07-09T06:08:36.990Z] En son veri tarihi: 2026-07-07T23:00:00+03:00
[2026-07-09T06:08:37.007Z] Kontrol araligi: 2026-07-08 - 2026-07-08 (dahil)
[2026-07-09T06:08:37.008Z] ⚠️  1 eksik gun bulundu: 2026-07-08 - 2026-07-08
[2026-07-09T06:08:37.008Z] ------------------------------------------------------------
[2026-07-09T06:08:37.008Z] MCP (FIYAT) VERISI CEKILIYOR...
[2026-07-09T06:08:37.008Z] ------------------------------------------------------------
[2026-07-09T06:08:40.375Z] ✅ 24 MCP kaydi eklendi
[2026-07-09T06:08:40.375Z] ------------------------------------------------------------
[2026-07-09T06:08:40.375Z] GENERATION (URETIM) VERISI CEKILIYOR...
[2026-07-09T06:08:40.375Z] ------------------------------------------------------------
[2026-07-09T06:08:40.375Z] 1 parca halinde cekilecek (API limiti 30 gun)
[2026-07-09T06:08:40.375Z] Parca 1/1: 2026-07-08 - 2026-07-08
[2026-07-09T06:08:40.912Z] ✅ 24 Generation kaydi eklendi
[2026-07-09T06:08:40.912Z] Toplam 24 Generation kaydi eklendi
[2026-07-09T06:08:40.912Z] ------------------------------------------------------------
[2026-07-09T06:08:40.912Z] CONSUMPTION (TUKETIM) VERISI CEKILIYOR...
[2026-07-09T06:08:40.912Z] ------------------------------------------------------------
[2026-07-09T06:08:41.457Z] ✅ 24 Consumption kaydi eklendi
[2026-07-09T06:08:41.457Z] ============================================================
[2026-07-09T06:08:41.457Z] CATCH-UP SYNC TAMAMLANDI
[2026-07-09T06:08:41.457Z] ============================================================
[2026-07-09T06:08:41.458Z] Toplam MCP kaydi: 23928
[2026-07-09T06:08:41.459Z] Toplam Generation kaydi: 23920
[2026-07-09T06:08:41.460Z] Toplam Consumption kaydi: 23928
[2026-07-09T06:08:41.460Z] ============================================================
[2026-07-09T06:08:41.460Z] 🔄 WAL checkpoint yapiliyor (degisiklikleri DB dosyasina yazma)...
[2026-07-09T06:08:41.462Z] ✅ WAL checkpoint tamamlandi
[2026-07-09T06:08:41.462Z] Catch-up sync tamamlandi
[2026-07-10T06:08:10.667Z] ============================================================
[2026-07-10T06:08:10.667Z] CATCH-UP SYNC - Eksik Gun Doldurma
[2026-07-10T06:08:10.667Z] ============================================================
[2026-07-10T06:08:10.668Z] En son veri tarihi: 2026-07-08T23:00:00+03:00
[2026-07-10T06:08:10.683Z] Kontrol araligi: 2026-07-09 - 2026-07-09 (dahil)
[2026-07-10T06:08:10.684Z] ⚠️  1 eksik gun bulundu: 2026-07-09 - 2026-07-09
[2026-07-10T06:08:10.684Z] ------------------------------------------------------------
[2026-07-10T06:08:10.684Z] MCP (FIYAT) VERISI CEKILIYOR...
[2026-07-10T06:08:10.684Z] ------------------------------------------------------------
[2026-07-10T06:08:14.023Z] ✅ 24 MCP kaydi eklendi
[2026-07-10T06:08:14.023Z] ------------------------------------------------------------
[2026-07-10T06:08:14.023Z] GENERATION (URETIM) VERISI CEKILIYOR...
[2026-07-10T06:08:14.023Z] ------------------------------------------------------------
[2026-07-10T06:08:14.024Z] 1 parca halinde cekilecek (API limiti 30 gun)
[2026-07-10T06:08:14.024Z] Parca 1/1: 2026-07-09 - 2026-07-09
[2026-07-10T06:08:14.553Z] ✅ 24 Generation kaydi eklendi
[2026-07-10T06:08:14.553Z] Toplam 24 Generation kaydi eklendi
[2026-07-10T06:08:14.553Z] ------------------------------------------------------------
[2026-07-10T06:08:14.553Z] CONSUMPTION (TUKETIM) VERISI CEKILIYOR...
[2026-07-10T06:08:14.553Z] ------------------------------------------------------------
[2026-07-10T06:08:15.082Z] ✅ 24 Consumption kaydi eklendi
[2026-07-10T06:08:15.082Z] ============================================================
[2026-07-10T06:08:15.082Z] CATCH-UP SYNC TAMAMLANDI
[2026-07-10T06:08:15.082Z] ============================================================
[2026-07-10T06:08:15.083Z] Toplam MCP kaydi: 23952
[2026-07-10T06:08:15.084Z] Toplam Generation kaydi: 23944
[2026-07-10T06:08:15.084Z] Toplam Consumption kaydi: 23952
[2026-07-10T06:08:15.084Z] ============================================================
[2026-07-10T06:08:15.084Z] 🔄 WAL checkpoint yapiliyor (degisiklikleri DB dosyasina yazma)...
[2026-07-10T06:08:15.175Z] ✅ WAL checkpoint tamamlandi
[2026-07-10T06:08:15.176Z] Catch-up sync tamamlandi
[2026-07-11T05:16:31.078Z] ============================================================
[2026-07-11T05:16:31.078Z] CATCH-UP SYNC - Eksik Gun Doldurma
[2026-07-11T05:16:31.078Z] ============================================================
[2026-07-11T05:16:31.079Z] En son veri tarihi: 2026-07-09T23:00:00+03:00
[2026-07-11T05:16:31.096Z] Kontrol araligi: 2026-07-10 - 2026-07-10 (dahil)
[2026-07-11T05:16:31.096Z] ⚠️  1 eksik gun bulundu: 2026-07-10 - 2026-07-10
[2026-07-11T05:16:31.096Z] ------------------------------------------------------------
[2026-07-11T05:16:31.097Z] MCP (FIYAT) VERISI CEKILIYOR...
[2026-07-11T05:16:31.097Z] ------------------------------------------------------------
[2026-07-11T05:16:33.239Z] ✅ 24 MCP kaydi eklendi
[2026-07-11T05:16:33.240Z] ------------------------------------------------------------
[2026-07-11T05:16:33.240Z] GENERATION (URETIM) VERISI CEKILIYOR...
[2026-07-11T05:16:33.240Z] ------------------------------------------------------------
[2026-07-11T05:16:33.240Z] 1 parca halinde cekilecek (API limiti 30 gun)
[2026-07-11T05:16:33.240Z] Parca 1/1: 2026-07-10 - 2026-07-10
[2026-07-11T05:16:33.817Z] ✅ 24 Generation kaydi eklendi
[2026-07-11T05:16:33.817Z] Toplam 24 Generation kaydi eklendi
[2026-07-11T05:16:33.817Z] ------------------------------------------------------------
[2026-07-11T05:16:33.817Z] CONSUMPTION (TUKETIM) VERISI CEKILIYOR...
[2026-07-11T05:16:33.817Z] ------------------------------------------------------------
[2026-07-11T05:16:34.333Z] ✅ 24 Consumption kaydi eklendi
[2026-07-11T05:16:34.333Z] ============================================================
[2026-07-11T05:16:34.333Z] CATCH-UP SYNC TAMAMLANDI
[2026-07-11T05:16:34.333Z] ============================================================
[2026-07-11T05:16:34.334Z] Toplam MCP kaydi: 23976
[2026-07-11T05:16:34.335Z] Toplam Generation kaydi: 23968
[2026-07-11T05:16:34.336Z] Toplam Consumption kaydi: 23976
[2026-07-11T05:16:34.336Z] ============================================================
[2026-07-11T05:16:34.336Z] 🔄 WAL checkpoint yapiliyor (degisiklikleri DB dosyasina yazma)...
[2026-07-11T05:16:34.344Z] ✅ WAL checkpoint tamamlandi
[2026-07-11T05:16:34.345Z] Catch-up sync tamamlandi
[2026-07-13T05:41:04.477Z] ============================================================
[2026-07-13T05:41:04.477Z] CATCH-UP SYNC - Eksik Gun Doldurma
[2026-07-13T05:41:04.477Z] ============================================================
[2026-07-13T05:41:04.478Z] En son veri tarihi: 2026-07-10T23:00:00+03:00
[2026-07-13T05:41:04.494Z] Kontrol araligi: 2026-07-11 - 2026-07-12 (dahil)
[2026-07-13T05:41:04.494Z] ⚠️  2 eksik gun bulundu: 2026-07-11 - 2026-07-12
[2026-07-13T05:41:04.494Z] ------------------------------------------------------------
[2026-07-13T05:41:04.495Z] MCP (FIYAT) VERISI CEKILIYOR...
[2026-07-13T05:41:04.495Z] ------------------------------------------------------------
[2026-07-13T05:41:07.693Z] ✅ 48 MCP kaydi eklendi
[2026-07-13T05:41:07.693Z] ------------------------------------------------------------
[2026-07-13T05:41:07.693Z] GENERATION (URETIM) VERISI CEKILIYOR...
[2026-07-13T05:41:07.693Z] ------------------------------------------------------------
[2026-07-13T05:41:07.694Z] 1 parca halinde cekilecek (API limiti 30 gun)
[2026-07-13T05:41:07.694Z] Parca 1/1: 2026-07-11 - 2026-07-12
[2026-07-13T05:41:08.469Z] ✅ 48 Generation kaydi eklendi
[2026-07-13T05:41:08.469Z] Toplam 48 Generation kaydi eklendi
[2026-07-13T05:41:08.469Z] ------------------------------------------------------------
[2026-07-13T05:41:08.469Z] CONSUMPTION (TUKETIM) VERISI CEKILIYOR...
[2026-07-13T05:41:08.469Z] ------------------------------------------------------------
[2026-07-13T05:41:09.023Z] ✅ 48 Consumption kaydi eklendi
[2026-07-13T05:41:09.023Z] ============================================================
[2026-07-13T05:41:09.023Z] CATCH-UP SYNC TAMAMLANDI
[2026-07-13T05:41:09.023Z] ============================================================
[2026-07-13T05:41:09.024Z] Toplam MCP kaydi: 24024
[2026-07-13T05:41:09.025Z] Toplam Generation kaydi: 24016
[2026-07-13T05:41:09.026Z] Toplam Consumption kaydi: 24024
[2026-07-13T05:41:09.026Z] ============================================================
[2026-07-13T05:41:09.026Z] 🔄 WAL checkpoint yapiliyor (degisiklikleri DB dosyasina yazma)...
[2026-07-13T05:41:09.029Z] ✅ WAL checkpoint tamamlandi
[2026-07-13T05:41:09.029Z] Catch-up sync tamamlandi
[2026-07-14T04:54:10.166Z] ============================================================
[2026-07-14T04:54:10.167Z] CATCH-UP SYNC - Eksik Gun Doldurma
[2026-07-14T04:54:10.167Z] ============================================================
[2026-07-14T04:54:10.167Z] En son veri tarihi: 2026-07-12T23:00:00+03:00
[2026-07-14T04:54:10.183Z] Kontrol araligi: 2026-07-13 - 2026-07-13 (dahil)
[2026-07-14T04:54:10.184Z] ⚠️  1 eksik gun bulundu: 2026-07-13 - 2026-07-13
[2026-07-14T04:54:10.184Z] ------------------------------------------------------------
[2026-07-14T04:54:10.184Z] MCP (FIYAT) VERISI CEKILIYOR...
[2026-07-14T04:54:10.184Z] ------------------------------------------------------------
[2026-07-14T04:54:11.739Z] ✅ 24 MCP kaydi eklendi
[2026-07-14T04:54:11.739Z] ------------------------------------------------------------
[2026-07-14T04:54:11.739Z] GENERATION (URETIM) VERISI CEKILIYOR...
[2026-07-14T04:54:11.739Z] ------------------------------------------------------------
[2026-07-14T04:54:11.739Z] 1 parca halinde cekilecek (API limiti 30 gun)
[2026-07-14T04:54:11.739Z] Parca 1/1: 2026-07-13 - 2026-07-13
[2026-07-14T04:54:12.394Z] ✅ 24 Generation kaydi eklendi
[2026-07-14T04:54:12.394Z] Toplam 24 Generation kaydi eklendi
[2026-07-14T04:54:12.394Z] ------------------------------------------------------------
[2026-07-14T04:54:12.394Z] CONSUMPTION (TUKETIM) VERISI CEKILIYOR...
[2026-07-14T04:54:12.394Z] ------------------------------------------------------------
[2026-07-14T04:54:12.868Z] ✅ 24 Consumption kaydi eklendi
[2026-07-14T04:54:12.868Z] ============================================================
[2026-07-14T04:54:12.868Z] CATCH-UP SYNC TAMAMLANDI
[2026-07-14T04:54:12.868Z] ============================================================
[2026-07-14T04:54:12.869Z] Toplam MCP kaydi: 24048
[2026-07-14T04:54:12.870Z] Toplam Generation kaydi: 24040
[2026-07-14T04:54:12.871Z] Toplam Consumption kaydi: 24048
[2026-07-14T04:54:12.871Z] ============================================================
[2026-07-14T04:54:12.871Z] 🔄 WAL checkpoint yapiliyor (degisiklikleri DB dosyasina yazma)...
[2026-07-14T04:54:12.879Z] ✅ WAL checkpoint tamamlandi
[2026-07-14T04:54:12.879Z] Catch-up sync tamamlandi
[2026-07-15T04:54:32.258Z] ============================================================
[2026-07-15T04:54:32.259Z] CATCH-UP SYNC - Eksik Gun Doldurma
[2026-07-15T04:54:32.259Z] ============================================================
[2026-07-15T04:54:32.259Z] En son veri tarihi: 2026-07-13T23:00:00+03:00
[2026-07-15T04:54:32.276Z] Kontrol araligi: 2026-07-14 - 2026-07-14 (dahil)
[2026-07-15T04:54:32.276Z] ⚠️  1 eksik gun bulundu: 2026-07-14 - 2026-07-14
[2026-07-15T04:54:32.276Z] ------------------------------------------------------------
[2026-07-15T04:54:32.276Z] MCP (FIYAT) VERISI CEKILIYOR...
[2026-07-15T04:54:32.276Z] ------------------------------------------------------------
[2026-07-15T04:54:34.562Z] ✅ 24 MCP kaydi eklendi
[2026-07-15T04:54:34.562Z] ------------------------------------------------------------
[2026-07-15T04:54:34.562Z] GENERATION (URETIM) VERISI CEKILIYOR...
[2026-07-15T04:54:34.562Z] ------------------------------------------------------------
[2026-07-15T04:54:34.562Z] 1 parca halinde cekilecek (API limiti 30 gun)
[2026-07-15T04:54:34.563Z] Parca 1/1: 2026-07-14 - 2026-07-14
[2026-07-15T04:54:35.166Z] ✅ 24 Generation kaydi eklendi
[2026-07-15T04:54:35.166Z] Toplam 24 Generation kaydi eklendi
[2026-07-15T04:54:35.166Z] ------------------------------------------------------------
[2026-07-15T04:54:35.166Z] CONSUMPTION (TUKETIM) VERISI CEKILIYOR...
[2026-07-15T04:54:35.166Z] ------------------------------------------------------------
[2026-07-15T04:54:35.664Z] ✅ 24 Consumption kaydi eklendi
[2026-07-15T04:54:35.664Z] ============================================================
[2026-07-15T04:54:35.665Z] CATCH-UP SYNC TAMAMLANDI
[2026-07-15T04:54:35.665Z] ============================================================
[2026-07-15T04:54:35.666Z] Toplam MCP kaydi: 24072
[2026-07-15T04:54:35.667Z] Toplam Generation kaydi: 24064
[2026-07-15T04:54:35.668Z] Toplam Consumption kaydi: 24072
[2026-07-15T04:54:35.668Z] ============================================================
[2026-07-15T04:54:35.668Z] 🔄 WAL checkpoint yapiliyor (degisiklikleri DB dosyasina yazma)...
[2026-07-15T04:54:35.674Z] ✅ WAL checkpoint tamamlandi
[2026-07-15T04:54:35.675Z] Catch-up sync tamamlandi
[2026-07-17T05:16:54.953Z] ============================================================
[2026-07-17T05:16:54.953Z] CATCH-UP SYNC - Eksik Gun Doldurma
[2026-07-17T05:16:54.953Z] ============================================================
[2026-07-17T05:16:54.954Z] En son veri tarihi: 2026-07-14T23:00:00+03:00
[2026-07-17T05:16:54.970Z] Kontrol araligi: 2026-07-15 - 2026-07-16 (dahil)
[2026-07-17T05:16:54.971Z] ⚠️  2 eksik gun bulundu: 2026-07-15 - 2026-07-16
[2026-07-17T05:16:54.971Z] ------------------------------------------------------------
[2026-07-17T05:16:54.971Z] MCP (FIYAT) VERISI CEKILIYOR...
[2026-07-17T05:16:54.971Z] ------------------------------------------------------------
[2026-07-17T05:16:57.395Z] ✅ 48 MCP kaydi eklendi
[2026-07-17T05:16:57.395Z] ------------------------------------------------------------
[2026-07-17T05:16:57.395Z] GENERATION (URETIM) VERISI CEKILIYOR...
[2026-07-17T05:16:57.395Z] ------------------------------------------------------------
[2026-07-17T05:16:57.395Z] 1 parca halinde cekilecek (API limiti 30 gun)
[2026-07-17T05:16:57.396Z] Parca 1/1: 2026-07-15 - 2026-07-16
[2026-07-17T05:16:58.004Z] ✅ 48 Generation kaydi eklendi
[2026-07-17T05:16:58.004Z] Toplam 48 Generation kaydi eklendi
[2026-07-17T05:16:58.004Z] ------------------------------------------------------------
[2026-07-17T05:16:58.004Z] CONSUMPTION (TUKETIM) VERISI CEKILIYOR...
[2026-07-17T05:16:58.004Z] ------------------------------------------------------------
[2026-07-17T05:16:58.473Z] ✅ 48 Consumption kaydi eklendi
[2026-07-17T05:16:58.473Z] ============================================================
[2026-07-17T05:16:58.473Z] CATCH-UP SYNC TAMAMLANDI
[2026-07-17T05:16:58.473Z] ============================================================
[2026-07-17T05:16:58.474Z] Toplam MCP kaydi: 24120
[2026-07-17T05:16:58.476Z] Toplam Generation kaydi: 24112
[2026-07-17T05:16:58.477Z] Toplam Consumption kaydi: 24120
[2026-07-17T05:16:58.477Z] ============================================================
[2026-07-17T05:16:58.477Z] 🔄 WAL checkpoint yapiliyor (degisiklikleri DB dosyasina yazma)...
[2026-07-17T05:16:58.481Z] ✅ WAL checkpoint tamamlandi
[2026-07-17T05:16:58.481Z] Catch-up sync tamamlandi
[2026-07-18T04:51:44.276Z] ============================================================
[2026-07-18T04:51:44.277Z] CATCH-UP SYNC - Eksik Gun Doldurma
[2026-07-18T04:51:44.277Z] ============================================================
[2026-07-18T04:51:44.277Z] En son veri tarihi: 2026-07-16T23:00:00+03:00
[2026-07-18T04:51:44.293Z] Kontrol araligi: 2026-07-17 - 2026-07-17 (dahil)
[2026-07-18T04:51:44.293Z] ⚠️  1 eksik gun bulundu: 2026-07-17 - 2026-07-17
[2026-07-18T04:51:44.294Z] ------------------------------------------------------------
[2026-07-18T04:51:44.294Z] MCP (FIYAT) VERISI CEKILIYOR...
[2026-07-18T04:51:44.294Z] ------------------------------------------------------------
[2026-07-18T04:51:47.239Z] ✅ 24 MCP kaydi eklendi
[2026-07-18T04:51:47.239Z] ------------------------------------------------------------
[2026-07-18T04:51:47.239Z] GENERATION (URETIM) VERISI CEKILIYOR...
[2026-07-18T04:51:47.239Z] ------------------------------------------------------------
[2026-07-18T04:51:47.239Z] 1 parca halinde cekilecek (API limiti 30 gun)
[2026-07-18T04:51:47.239Z] Parca 1/1: 2026-07-17 - 2026-07-17
[2026-07-18T04:51:47.908Z] ✅ 24 Generation kaydi eklendi
[2026-07-18T04:51:47.908Z] Toplam 24 Generation kaydi eklendi
[2026-07-18T04:51:47.908Z] ------------------------------------------------------------
[2026-07-18T04:51:47.908Z] CONSUMPTION (TUKETIM) VERISI CEKILIYOR...
[2026-07-18T04:51:47.908Z] ------------------------------------------------------------
[2026-07-18T04:51:48.436Z] ✅ 24 Consumption kaydi eklendi
[2026-07-18T04:51:48.436Z] ============================================================
[2026-07-18T04:51:48.437Z] CATCH-UP SYNC TAMAMLANDI
[2026-07-18T04:51:48.437Z] ============================================================
[2026-07-18T04:51:48.437Z] Toplam MCP kaydi: 24144
[2026-07-18T04:51:48.438Z] Toplam Generation kaydi: 24136
[2026-07-18T04:51:48.439Z] Toplam Consumption kaydi: 24144
[2026-07-18T04:51:48.439Z] ============================================================
[2026-07-18T04:51:48.439Z] 🔄 WAL checkpoint yapiliyor (degisiklikleri DB dosyasina yazma)...
[2026-07-18T04:51:48.442Z] ✅ WAL checkpoint tamamlandi
[2026-07-18T04:51:48.442Z] Catch-up sync tamamlandi
[2026-07-19T05:25:49.559Z] ============================================================
[2026-07-19T05:25:49.559Z] CATCH-UP SYNC - Eksik Gun Doldurma
[2026-07-19T05:25:49.559Z] ============================================================
[2026-07-19T05:25:49.560Z] En son veri tarihi: 2026-07-17T23:00:00+03:00
[2026-07-19T05:25:49.578Z] Kontrol araligi: 2026-07-18 - 2026-07-18 (dahil)
[2026-07-19T05:25:49.578Z] ⚠️  1 eksik gun bulundu: 2026-07-18 - 2026-07-18
[2026-07-19T05:25:49.578Z] ------------------------------------------------------------
[2026-07-19T05:25:49.578Z] MCP (FIYAT) VERISI CEKILIYOR...
[2026-07-19T05:25:49.579Z] ------------------------------------------------------------
[2026-07-19T05:25:51.700Z] ✅ 24 MCP kaydi eklendi
[2026-07-19T05:25:51.700Z] ------------------------------------------------------------
[2026-07-19T05:25:51.700Z] GENERATION (URETIM) VERISI CEKILIYOR...
[2026-07-19T05:25:51.700Z] ------------------------------------------------------------
[2026-07-19T05:25:51.700Z] 1 parca halinde cekilecek (API limiti 30 gun)
[2026-07-19T05:25:51.700Z] Parca 1/1: 2026-07-18 - 2026-07-18
[2026-07-19T05:25:52.585Z] ✅ 24 Generation kaydi eklendi
[2026-07-19T05:25:52.586Z] Toplam 24 Generation kaydi eklendi
[2026-07-19T05:25:52.586Z] ------------------------------------------------------------
[2026-07-19T05:25:52.586Z] CONSUMPTION (TUKETIM) VERISI CEKILIYOR...
[2026-07-19T05:25:52.586Z] ------------------------------------------------------------
[2026-07-19T05:25:53.029Z] ✅ 24 Consumption kaydi eklendi
[2026-07-19T05:25:53.029Z] ============================================================
[2026-07-19T05:25:53.029Z] CATCH-UP SYNC TAMAMLANDI
[2026-07-19T05:25:53.029Z] ============================================================
[2026-07-19T05:25:53.030Z] Toplam MCP kaydi: 24168
[2026-07-19T05:25:53.031Z] Toplam Generation kaydi: 24160
[2026-07-19T05:25:53.032Z] Toplam Consumption kaydi: 24168
[2026-07-19T05:25:53.032Z] ============================================================
[2026-07-19T05:25:53.032Z] 🔄 WAL checkpoint yapiliyor (degisiklikleri DB dosyasina yazma)...
[2026-07-19T05:25:53.040Z] ✅ WAL checkpoint tamamlandi
[2026-07-19T05:25:53.041Z] Catch-up sync tamamlandi
[2026-07-20T05:43:14.336Z] ============================================================
[2026-07-20T05:43:14.337Z] CATCH-UP SYNC - Eksik Gun Doldurma
[2026-07-20T05:43:14.337Z] ============================================================
[2026-07-20T05:43:14.337Z] En son veri tarihi: 2026-07-18T23:00:00+03:00
[2026-07-20T05:43:14.353Z] Kontrol araligi: 2026-07-19 - 2026-07-19 (dahil)
[2026-07-20T05:43:14.353Z] ⚠️  1 eksik gun bulundu: 2026-07-19 - 2026-07-19
[2026-07-20T05:43:14.353Z] ------------------------------------------------------------
[2026-07-20T05:43:14.353Z] MCP (FIYAT) VERISI CEKILIYOR...
[2026-07-20T05:43:14.354Z] ------------------------------------------------------------
[2026-07-20T05:43:16.755Z] ✅ 24 MCP kaydi eklendi
[2026-07-20T05:43:16.755Z] ------------------------------------------------------------
[2026-07-20T05:43:16.755Z] GENERATION (URETIM) VERISI CEKILIYOR...
[2026-07-20T05:43:16.755Z] ------------------------------------------------------------
[2026-07-20T05:43:16.755Z] 1 parca halinde cekilecek (API limiti 30 gun)
[2026-07-20T05:43:16.755Z] Parca 1/1: 2026-07-19 - 2026-07-19
[2026-07-20T05:43:17.183Z] ✅ 24 Generation kaydi eklendi
[2026-07-20T05:43:17.183Z] Toplam 24 Generation kaydi eklendi
[2026-07-20T05:43:17.183Z] ------------------------------------------------------------
[2026-07-20T05:43:17.183Z] CONSUMPTION (TUKETIM) VERISI CEKILIYOR...
[2026-07-20T05:43:17.184Z] ------------------------------------------------------------
[2026-07-20T05:43:17.622Z] ✅ 24 Consumption kaydi eklendi
[2026-07-20T05:43:17.622Z] ============================================================
[2026-07-20T05:43:17.622Z] CATCH-UP SYNC TAMAMLANDI
[2026-07-20T05:43:17.622Z] ============================================================
[2026-07-20T05:43:17.623Z] Toplam MCP kaydi: 24192
[2026-07-20T05:43:17.624Z] Toplam Generation kaydi: 24184
[2026-07-20T05:43:17.625Z] Toplam Consumption kaydi: 24192
[2026-07-20T05:43:17.625Z] ============================================================
[2026-07-20T05:43:17.625Z] 🔄 WAL checkpoint yapiliyor (degisiklikleri DB dosyasina yazma)...
[2026-07-20T05:43:17.632Z] ✅ WAL checkpoint tamamlandi
[2026-07-20T05:43:17.632Z] Catch-up sync tamamlandi
[2026-07-21T05:23:55.265Z] ============================================================
[2026-07-21T05:23:55.266Z] CATCH-UP SYNC - Eksik Gun Doldurma
[2026-07-21T05:23:55.266Z] ============================================================
[2026-07-21T05:23:55.266Z] En son veri tarihi: 2026-07-19T23:00:00+03:00
[2026-07-21T05:23:55.280Z] Kontrol araligi: 2026-07-20 - 2026-07-20 (dahil)
[2026-07-21T05:23:55.280Z] ⚠️  1 eksik gun bulundu: 2026-07-20 - 2026-07-20
[2026-07-21T05:23:55.280Z] ------------------------------------------------------------
[2026-07-21T05:23:55.280Z] MCP (FIYAT) VERISI CEKILIYOR...
[2026-07-21T05:23:55.280Z] ------------------------------------------------------------
[2026-07-21T05:23:57.450Z] ✅ 24 MCP kaydi eklendi
[2026-07-21T05:23:57.450Z] ------------------------------------------------------------
[2026-07-21T05:23:57.450Z] GENERATION (URETIM) VERISI CEKILIYOR...
[2026-07-21T05:23:57.450Z] ------------------------------------------------------------
[2026-07-21T05:23:57.450Z] 1 parca halinde cekilecek (API limiti 30 gun)
[2026-07-21T05:23:57.450Z] Parca 1/1: 2026-07-20 - 2026-07-20
[2026-07-21T05:23:57.928Z] ✅ 24 Generation kaydi eklendi
[2026-07-21T05:23:57.928Z] Toplam 24 Generation kaydi eklendi
[2026-07-21T05:23:57.928Z] ------------------------------------------------------------
[2026-07-21T05:23:57.928Z] CONSUMPTION (TUKETIM) VERISI CEKILIYOR...
[2026-07-21T05:23:57.928Z] ------------------------------------------------------------
[2026-07-21T05:23:58.419Z] ✅ 24 Consumption kaydi eklendi
[2026-07-21T05:23:58.420Z] ============================================================
[2026-07-21T05:23:58.420Z] CATCH-UP SYNC TAMAMLANDI
[2026-07-21T05:23:58.420Z] ============================================================
[2026-07-21T05:23:58.420Z] Toplam MCP kaydi: 24216
[2026-07-21T05:23:58.421Z] Toplam Generation kaydi: 24208
[2026-07-21T05:23:58.422Z] Toplam Consumption kaydi: 24216
[2026-07-21T05:23:58.422Z] ============================================================
[2026-07-21T05:23:58.422Z] 🔄 WAL checkpoint yapiliyor (degisiklikleri DB dosyasina yazma)...
[2026-07-21T05:23:58.424Z] ✅ WAL checkpoint tamamlandi
[2026-07-21T05:23:58.425Z] Catch-up sync tamamlandi
[2026-07-22T05:22:36.079Z] ============================================================
[2026-07-22T05:22:36.079Z] CATCH-UP SYNC - Eksik Gun Doldurma
[2026-07-22T05:22:36.079Z] ============================================================
[2026-07-22T05:22:36.080Z] En son veri tarihi: 2026-07-20T23:00:00+03:00
[2026-07-22T05:22:36.097Z] Kontrol araligi: 2026-07-21 - 2026-07-21 (dahil)
[2026-07-22T05:22:36.098Z] ⚠️  1 eksik gun bulundu: 2026-07-21 - 2026-07-21
[2026-07-22T05:22:36.098Z] ------------------------------------------------------------
[2026-07-22T05:22:36.098Z] MCP (FIYAT) VERISI CEKILIYOR...
[2026-07-22T05:22:36.098Z] ------------------------------------------------------------
[2026-07-22T05:22:38.054Z] ✅ 24 MCP kaydi eklendi
[2026-07-22T05:22:38.054Z] ------------------------------------------------------------
[2026-07-22T05:22:38.055Z] GENERATION (URETIM) VERISI CEKILIYOR...
[2026-07-22T05:22:38.055Z] ------------------------------------------------------------
[2026-07-22T05:22:38.055Z] 1 parca halinde cekilecek (API limiti 30 gun)
[2026-07-22T05:22:38.055Z] Parca 1/1: 2026-07-21 - 2026-07-21
[2026-07-22T05:22:38.485Z] ✅ 24 Generation kaydi eklendi
[2026-07-22T05:22:38.485Z] Toplam 24 Generation kaydi eklendi
[2026-07-22T05:22:38.485Z] ------------------------------------------------------------
[2026-07-22T05:22:38.485Z] CONSUMPTION (TUKETIM) VERISI CEKILIYOR...
[2026-07-22T05:22:38.485Z] ------------------------------------------------------------
[2026-07-22T05:22:38.915Z] ✅ 24 Consumption kaydi eklendi
[2026-07-22T05:22:38.915Z] ============================================================
[2026-07-22T05:22:38.915Z] CATCH-UP SYNC TAMAMLANDI
[2026-07-22T05:22:38.915Z] ============================================================
[2026-07-22T05:22:38.916Z] Toplam MCP kaydi: 24240
[2026-07-22T05:22:38.917Z] Toplam Generation kaydi: 24232
[2026-07-22T05:22:38.918Z] Toplam Consumption kaydi: 24240
[2026-07-22T05:22:38.918Z] ============================================================
[2026-07-22T05:22:38.918Z] 🔄 WAL checkpoint yapiliyor (degisiklikleri DB dosyasina yazma)...
[2026-07-22T05:22:38.926Z] ✅ WAL checkpoint tamamlandi
[2026-07-22T05:22:38.926Z] Catch-up sync tamamlandi
[2026-07-23T05:28:49.443Z] ============================================================
[2026-07-23T05:28:49.443Z] CATCH-UP SYNC - Eksik Gun Doldurma
[2026-07-23T05:28:49.443Z] ============================================================
[2026-07-23T05:28:49.444Z] En son veri tarihi: 2026-07-21T23:00:00+03:00
[2026-07-23T05:28:49.460Z] Kontrol araligi: 2026-07-22 - 2026-07-22 (dahil)
[2026-07-23T05:28:49.461Z] ⚠️  1 eksik gun bulundu: 2026-07-22 - 2026-07-22
[2026-07-23T05:28:49.461Z] ------------------------------------------------------------
[2026-07-23T05:28:49.461Z] MCP (FIYAT) VERISI CEKILIYOR...
[2026-07-23T05:28:49.461Z] ------------------------------------------------------------
[2026-07-23T05:28:52.047Z] ✅ 24 MCP kaydi eklendi
[2026-07-23T05:28:52.047Z] ------------------------------------------------------------
[2026-07-23T05:28:52.047Z] GENERATION (URETIM) VERISI CEKILIYOR...
[2026-07-23T05:28:52.047Z] ------------------------------------------------------------
[2026-07-23T05:28:52.047Z] 1 parca halinde cekilecek (API limiti 30 gun)
[2026-07-23T05:28:52.047Z] Parca 1/1: 2026-07-22 - 2026-07-22
[2026-07-23T05:28:52.742Z] ✅ 24 Generation kaydi eklendi
[2026-07-23T05:28:52.742Z] Toplam 24 Generation kaydi eklendi
[2026-07-23T05:28:52.742Z] ------------------------------------------------------------
[2026-07-23T05:28:52.742Z] CONSUMPTION (TUKETIM) VERISI CEKILIYOR...
[2026-07-23T05:28:52.742Z] ------------------------------------------------------------
[2026-07-23T05:28:53.275Z] ✅ 24 Consumption kaydi eklendi
[2026-07-23T05:28:53.275Z] ============================================================
[2026-07-23T05:28:53.275Z] CATCH-UP SYNC TAMAMLANDI
[2026-07-23T05:28:53.275Z] ============================================================
[2026-07-23T05:28:53.276Z] Toplam MCP kaydi: 24264
[2026-07-23T05:28:53.277Z] Toplam Generation kaydi: 24256
[2026-07-23T05:28:53.278Z] Toplam Consumption kaydi: 24264
[2026-07-23T05:28:53.278Z] ============================================================
[2026-07-23T05:28:53.278Z] 🔄 WAL checkpoint yapiliyor (degisiklikleri DB dosyasina yazma)...
[2026-07-23T05:28:53.283Z] ✅ WAL checkpoint tamamlandi
[2026-07-23T05:28:53.284Z] Catch-up sync tamamlandi
[2026-07-24T05:23:31.271Z] ============================================================
[2026-07-24T05:23:31.271Z] CATCH-UP SYNC - Eksik Gun Doldurma
[2026-07-24T05:23:31.271Z] ============================================================
[2026-07-24T05:23:31.272Z] En son veri tarihi: 2026-07-22T23:00:00+03:00
[2026-07-24T05:23:31.288Z] Kontrol araligi: 2026-07-23 - 2026-07-23 (dahil)
[2026-07-24T05:23:31.288Z] ⚠️  1 eksik gun bulundu: 2026-07-23 - 2026-07-23
[2026-07-24T05:23:31.289Z] ------------------------------------------------------------
[2026-07-24T05:23:31.289Z] MCP (FIYAT) VERISI CEKILIYOR...
[2026-07-24T05:23:31.289Z] ------------------------------------------------------------
[2026-07-24T05:23:34.032Z] ✅ 24 MCP kaydi eklendi
[2026-07-24T05:23:34.032Z] ------------------------------------------------------------
[2026-07-24T05:23:34.032Z] GENERATION (URETIM) VERISI CEKILIYOR...
[2026-07-24T05:23:34.032Z] ------------------------------------------------------------
[2026-07-24T05:23:34.032Z] 1 parca halinde cekilecek (API limiti 30 gun)
[2026-07-24T05:23:34.033Z] Parca 1/1: 2026-07-23 - 2026-07-23
[2026-07-24T05:23:34.578Z] ✅ 24 Generation kaydi eklendi
[2026-07-24T05:23:34.578Z] Toplam 24 Generation kaydi eklendi
[2026-07-24T05:23:34.578Z] ------------------------------------------------------------
[2026-07-24T05:23:34.578Z] CONSUMPTION (TUKETIM) VERISI CEKILIYOR...
[2026-07-24T05:23:34.578Z] ------------------------------------------------------------
[2026-07-24T05:23:35.085Z] ✅ 24 Consumption kaydi eklendi
[2026-07-24T05:23:35.085Z] ============================================================
[2026-07-24T05:23:35.085Z] CATCH-UP SYNC TAMAMLANDI
[2026-07-24T05:23:35.085Z] ============================================================
[2026-07-24T05:23:35.086Z] Toplam MCP kaydi: 24288
[2026-07-24T05:23:35.087Z] Toplam Generation kaydi: 24280
[2026-07-24T05:23:35.088Z] Toplam Consumption kaydi: 24288
[2026-07-24T05:23:35.088Z] ============================================================
[2026-07-24T05:23:35.088Z] 🔄 WAL checkpoint yapiliyor (degisiklikleri DB dosyasina yazma)...
[2026-07-24T05:23:35.091Z] ✅ WAL checkpoint tamamlandi
[2026-07-24T05:23:35.091Z] Catch-up sync tamamlandi
[2026-07-25T05:17:28.442Z] ============================================================
[2026-07-25T05:17:28.442Z] CATCH-UP SYNC - Eksik Gun Doldurma
[2026-07-25T05:17:28.442Z] ============================================================
[2026-07-25T05:17:28.443Z] En son veri tarihi: 2026-07-23T23:00:00+03:00
[2026-07-25T05:17:28.459Z] Kontrol araligi: 2026-07-24 - 2026-07-24 (dahil)
[2026-07-25T05:17:28.460Z] ⚠️  1 eksik gun bulundu: 2026-07-24 - 2026-07-24
[2026-07-25T05:17:28.460Z] ------------------------------------------------------------
[2026-07-25T05:17:28.460Z] MCP (FIYAT) VERISI CEKILIYOR...
[2026-07-25T05:17:28.460Z] ------------------------------------------------------------
[2026-07-25T05:17:30.033Z] ✅ 24 MCP kaydi eklendi
[2026-07-25T05:17:30.033Z] ------------------------------------------------------------
[2026-07-25T05:17:30.033Z] GENERATION (URETIM) VERISI CEKILIYOR...
[2026-07-25T05:17:30.033Z] ------------------------------------------------------------
[2026-07-25T05:17:30.034Z] 1 parca halinde cekilecek (API limiti 30 gun)
[2026-07-25T05:17:30.034Z] Parca 1/1: 2026-07-24 - 2026-07-24
[2026-07-25T05:17:30.817Z] ✅ 24 Generation kaydi eklendi
[2026-07-25T05:17:30.817Z] Toplam 24 Generation kaydi eklendi
[2026-07-25T05:17:30.817Z] ------------------------------------------------------------
[2026-07-25T05:17:30.817Z] CONSUMPTION (TUKETIM) VERISI CEKILIYOR...
[2026-07-25T05:17:30.817Z] ------------------------------------------------------------
[2026-07-25T05:17:31.488Z] ✅ 24 Consumption kaydi eklendi
[2026-07-25T05:17:31.488Z] ============================================================
[2026-07-25T05:17:31.488Z] CATCH-UP SYNC TAMAMLANDI
[2026-07-25T05:17:31.488Z] ============================================================
[2026-07-25T05:17:31.489Z] Toplam MCP kaydi: 24312
[2026-07-25T05:17:31.491Z] Toplam Generation kaydi: 24304
[2026-07-25T05:17:31.492Z] Toplam Consumption kaydi: 24312
[2026-07-25T05:17:31.492Z] ============================================================
[2026-07-25T05:17:31.492Z] 🔄 WAL checkpoint yapiliyor (degisiklikleri DB dosyasina yazma)...
[2026-07-25T05:17:31.494Z] ✅ WAL checkpoint tamamlandi
[2026-07-25T05:17:31.495Z] Catch-up sync tamamlandi
[2026-07-26T05:35:27.188Z] ============================================================
[2026-07-26T05:35:27.189Z] CATCH-UP SYNC - Eksik Gun Doldurma
[2026-07-26T05:35:27.189Z] ============================================================
[2026-07-26T05:35:27.189Z] En son veri tarihi: 2026-07-24T23:00:00+03:00
[2026-07-26T05:35:27.206Z] Kontrol araligi: 2026-07-25 - 2026-07-25 (dahil)
[2026-07-26T05:35:27.207Z] ⚠️  1 eksik gun bulundu: 2026-07-25 - 2026-07-25
[2026-07-26T05:35:27.207Z] ------------------------------------------------------------
[2026-07-26T05:35:27.207Z] MCP (FIYAT) VERISI CEKILIYOR...
[2026-07-26T05:35:27.207Z] ------------------------------------------------------------
[2026-07-26T05:35:29.288Z] ✅ 24 MCP kaydi eklendi
[2026-07-26T05:35:29.289Z] ------------------------------------------------------------
[2026-07-26T05:35:29.289Z] GENERATION (URETIM) VERISI CEKILIYOR...
[2026-07-26T05:35:29.289Z] ------------------------------------------------------------
[2026-07-26T05:35:29.289Z] 1 parca halinde cekilecek (API limiti 30 gun)
[2026-07-26T05:35:29.289Z] Parca 1/1: 2026-07-25 - 2026-07-25
[2026-07-26T05:35:29.725Z] ✅ 24 Generation kaydi eklendi
[2026-07-26T05:35:29.725Z] Toplam 24 Generation kaydi eklendi
[2026-07-26T05:35:29.726Z] ------------------------------------------------------------
[2026-07-26T05:35:29.726Z] CONSUMPTION (TUKETIM) VERISI CEKILIYOR...
[2026-07-26T05:35:29.726Z] ------------------------------------------------------------
[2026-07-26T05:35:30.188Z] ✅ 24 Consumption kaydi eklendi
[2026-07-26T05:35:30.189Z] ============================================================
[2026-07-26T05:35:30.189Z] CATCH-UP SYNC TAMAMLANDI
[2026-07-26T05:35:30.189Z] ============================================================
[2026-07-26T05:35:30.190Z] Toplam MCP kaydi: 24336
[2026-07-26T05:35:30.191Z] Toplam Generation kaydi: 24328
[2026-07-26T05:35:30.192Z] Toplam Consumption kaydi: 24336
[2026-07-26T05:35:30.192Z] ============================================================
[2026-07-26T05:35:30.192Z] 🔄 WAL checkpoint yapiliyor (degisiklikleri DB dosyasina yazma)...
[2026-07-26T05:35:30.199Z] ✅ WAL checkpoint tamamlandi
[2026-07-26T05:35:30.199Z] Catch-up sync tamamlandi
[2026-07-27T05:54:00.036Z] ============================================================
[2026-07-27T05:54:00.036Z] CATCH-UP SYNC - Eksik Gun Doldurma
[2026-07-27T05:54:00.036Z] ============================================================
[2026-07-27T05:54:00.037Z] En son veri tarihi: 2026-07-25T23:00:00+03:00
[2026-07-27T05:54:00.052Z] Kontrol araligi: 2026-07-26 - 2026-07-26 (dahil)
[2026-07-27T05:54:00.052Z] ⚠️  1 eksik gun bulundu: 2026-07-26 - 2026-07-26
[2026-07-27T05:54:00.052Z] ------------------------------------------------------------
[2026-07-27T05:54:00.052Z] MCP (FIYAT) VERISI CEKILIYOR...
[2026-07-27T05:54:00.052Z] ------------------------------------------------------------
[2026-07-27T05:54:02.875Z] ✅ 24 MCP kaydi eklendi
[2026-07-27T05:54:02.876Z] ------------------------------------------------------------
[2026-07-27T05:54:02.876Z] GENERATION (URETIM) VERISI CEKILIYOR...
[2026-07-27T05:54:02.876Z] ------------------------------------------------------------
[2026-07-27T05:54:02.876Z] 1 parca halinde cekilecek (API limiti 30 gun)
[2026-07-27T05:54:02.876Z] Parca 1/1: 2026-07-26 - 2026-07-26
[2026-07-27T05:54:03.739Z] ✅ 24 Generation kaydi eklendi
[2026-07-27T05:54:03.739Z] Toplam 24 Generation kaydi eklendi
[2026-07-27T05:54:03.739Z] ------------------------------------------------------------
[2026-07-27T05:54:03.739Z] CONSUMPTION (TUKETIM) VERISI CEKILIYOR...
[2026-07-27T05:54:03.739Z] ------------------------------------------------------------
[2026-07-27T05:54:04.721Z] ✅ 24 Consumption kaydi eklendi
[2026-07-27T05:54:04.721Z] ============================================================
[2026-07-27T05:54:04.721Z] CATCH-UP SYNC TAMAMLANDI
[2026-07-27T05:54:04.721Z] ============================================================
[2026-07-27T05:54:04.722Z] Toplam MCP kaydi: 24360
[2026-07-27T05:54:04.723Z] Toplam Generation kaydi: 24352
[2026-07-27T05:54:04.723Z] Toplam Consumption kaydi: 24360
[2026-07-27T05:54:04.724Z] ============================================================
[2026-07-27T05:54:04.724Z] 🔄 WAL checkpoint yapiliyor (degisiklikleri DB dosyasina yazma)...
[2026-07-27T05:54:05.177Z] ✅ WAL checkpoint tamamlandi
[2026-07-27T05:54:05.178Z] Catch-up sync tamamlandi
[2026-07-28T05:17:53.930Z] ============================================================
[2026-07-28T05:17:53.930Z] CATCH-UP SYNC - Eksik Gun Doldurma
[2026-07-28T05:17:53.930Z] ============================================================
[2026-07-28T05:17:53.931Z] En son veri tarihi: 2026-07-26T23:00:00+03:00
[2026-07-28T05:17:53.947Z] Kontrol araligi: 2026-07-27 - 2026-07-27 (dahil)
[2026-07-28T05:17:53.948Z] ⚠️  1 eksik gun bulundu: 2026-07-27 - 2026-07-27
[2026-07-28T05:17:53.948Z] ------------------------------------------------------------
[2026-07-28T05:17:53.948Z] MCP (FIYAT) VERISI CEKILIYOR...
[2026-07-28T05:17:53.948Z] ------------------------------------------------------------
[2026-07-28T05:17:55.974Z] ✅ 24 MCP kaydi eklendi
[2026-07-28T05:17:55.974Z] ------------------------------------------------------------
[2026-07-28T05:17:55.974Z] GENERATION (URETIM) VERISI CEKILIYOR...
[2026-07-28T05:17:55.974Z] ------------------------------------------------------------
[2026-07-28T05:17:55.974Z] 1 parca halinde cekilecek (API limiti 30 gun)
[2026-07-28T05:17:55.974Z] Parca 1/1: 2026-07-27 - 2026-07-27
[2026-07-28T05:17:56.428Z] ✅ 24 Generation kaydi eklendi
[2026-07-28T05:17:56.428Z] Toplam 24 Generation kaydi eklendi
[2026-07-28T05:17:56.428Z] ------------------------------------------------------------
[2026-07-28T05:17:56.428Z] CONSUMPTION (TUKETIM) VERISI CEKILIYOR...
[2026-07-28T05:17:56.428Z] ------------------------------------------------------------
[2026-07-28T05:17:57.020Z] ✅ 24 Consumption kaydi eklendi
[2026-07-28T05:17:57.021Z] ============================================================
[2026-07-28T05:17:57.021Z] CATCH-UP SYNC TAMAMLANDI
[2026-07-28T05:17:57.021Z] ============================================================
[2026-07-28T05:17:57.022Z] Toplam MCP kaydi: 24384
[2026-07-28T05:17:57.023Z] Toplam Generation kaydi: 24376
[2026-07-28T05:17:57.024Z] Toplam Consumption kaydi: 24384
[2026-07-28T05:17:57.024Z] ============================================================
[2026-07-28T05:17:57.024Z] 🔄 WAL checkpoint yapiliyor (degisiklikleri DB dosyasina yazma)...
[2026-07-28T05:17:57.031Z] ✅ WAL checkpoint tamamlandi
[2026-07-28T05:17:57.032Z] Catch-up sync tamamlandi
[2026-07-30T05:12:07.491Z] ============================================================
[2026-07-30T05:12:07.492Z] CATCH-UP SYNC - Eksik Gun Doldurma
[2026-07-30T05:12:07.492Z] ============================================================
[2026-07-30T05:12:07.492Z] En son veri tarihi: 2026-07-27T23:00:00+03:00
[2026-07-30T05:12:07.509Z] Kontrol araligi: 2026-07-28 - 2026-07-29 (dahil)
[2026-07-30T05:12:07.510Z] ⚠️  2 eksik gun bulundu: 2026-07-28 - 2026-07-29
[2026-07-30T05:12:07.510Z] ------------------------------------------------------------
[2026-07-30T05:12:07.510Z] MCP (FIYAT) VERISI CEKILIYOR...
[2026-07-30T05:12:07.510Z] ------------------------------------------------------------
[2026-07-30T05:12:10.708Z] ✅ 48 MCP kaydi eklendi
[2026-07-30T05:12:10.708Z] ------------------------------------------------------------
[2026-07-30T05:12:10.708Z] GENERATION (URETIM) VERISI CEKILIYOR...
[2026-07-30T05:12:10.708Z] ------------------------------------------------------------
[2026-07-30T05:12:10.708Z] 1 parca halinde cekilecek (API limiti 30 gun)
[2026-07-30T05:12:10.708Z] Parca 1/1: 2026-07-28 - 2026-07-29
[2026-07-30T05:12:11.481Z] ✅ 48 Generation kaydi eklendi
[2026-07-30T05:12:11.481Z] Toplam 48 Generation kaydi eklendi
[2026-07-30T05:12:11.481Z] ------------------------------------------------------------
[2026-07-30T05:12:11.481Z] CONSUMPTION (TUKETIM) VERISI CEKILIYOR...
[2026-07-30T05:12:11.481Z] ------------------------------------------------------------
[2026-07-30T05:12:12.036Z] ✅ 48 Consumption kaydi eklendi
[2026-07-30T05:12:12.036Z] ============================================================
[2026-07-30T05:12:12.036Z] CATCH-UP SYNC TAMAMLANDI
[2026-07-30T05:12:12.036Z] ============================================================
[2026-07-30T05:12:12.037Z] Toplam MCP kaydi: 24432
[2026-07-30T05:12:12.038Z] Toplam Generation kaydi: 24424
[2026-07-30T05:12:12.039Z] Toplam Consumption kaydi: 24432
[2026-07-30T05:12:12.039Z] ============================================================
[2026-07-30T05:12:12.039Z] 🔄 WAL checkpoint yapiliyor (degisiklikleri DB dosyasina yazma)...
[2026-07-30T05:12:12.048Z] ✅ WAL checkpoint tamamlandi
[2026-07-30T05:12:12.049Z] Catch-up sync tamamlandi
[2026-07-31T05:38:57.053Z] ============================================================
[2026-07-31T05:38:57.054Z] CATCH-UP SYNC - Eksik Gun Doldurma
[2026-07-31T05:38:57.054Z] ============================================================
[2026-07-31T05:38:57.054Z] En son veri tarihi: 2026-07-29T23:00:00+03:00
[2026-07-31T05:38:57.067Z] Kontrol araligi: 2026-07-30 - 2026-07-30 (dahil)
[2026-07-31T05:38:57.068Z] ⚠️  1 eksik gun bulundu: 2026-07-30 - 2026-07-30
[2026-07-31T05:38:57.068Z] ------------------------------------------------------------
[2026-07-31T05:38:57.068Z] MCP (FIYAT) VERISI CEKILIYOR...
[2026-07-31T05:38:57.068Z] ------------------------------------------------------------
[2026-07-31T05:39:00.885Z] ✅ 24 MCP kaydi eklendi
[2026-07-31T05:39:00.885Z] ------------------------------------------------------------
[2026-07-31T05:39:00.885Z] GENERATION (URETIM) VERISI CEKILIYOR...
[2026-07-31T05:39:00.885Z] ------------------------------------------------------------
[2026-07-31T05:39:00.885Z] 1 parca halinde cekilecek (API limiti 30 gun)
[2026-07-31T05:39:00.885Z] Parca 1/1: 2026-07-30 - 2026-07-30
[2026-07-31T05:39:01.429Z] ✅ 24 Generation kaydi eklendi
[2026-07-31T05:39:01.429Z] Toplam 24 Generation kaydi eklendi
[2026-07-31T05:39:01.429Z] ------------------------------------------------------------
[2026-07-31T05:39:01.429Z] CONSUMPTION (TUKETIM) VERISI CEKILIYOR...
[2026-07-31T05:39:01.429Z] ------------------------------------------------------------
[2026-07-31T05:39:02.203Z] ✅ 24 Consumption kaydi eklendi
[2026-07-31T05:39:02.204Z] ============================================================
[2026-07-31T05:39:02.204Z] CATCH-UP SYNC TAMAMLANDI
[2026-07-31T05:39:02.204Z] ============================================================
[2026-07-31T05:39:02.205Z] Toplam MCP kaydi: 24456
[2026-07-31T05:39:02.206Z] Toplam Generation kaydi: 24448
[2026-07-31T05:39:02.207Z] Toplam Consumption kaydi: 24456
[2026-07-31T05:39:02.207Z] ============================================================
[2026-07-31T05:39:02.207Z] 🔄 WAL checkpoint yapiliyor (degisiklikleri DB dosyasina yazma)...
[2026-07-31T05:39:02.259Z] ✅ WAL checkpoint tamamlandi
[2026-07-31T05:39:02.260Z] Catch-up sync tamamlandi
[2026-08-01T05:32:26.259Z] ============================================================
[2026-08-01T05:32:26.259Z] CATCH-UP SYNC - Eksik Gun Doldurma
[2026-08-01T05:32:26.259Z] ============================================================
[2026-08-01T05:32:26.260Z] En son veri tarihi: 2026-07-30T23:00:00+03:00
[2026-08-01T05:32:26.278Z] Kontrol araligi: 2026-07-31 - 2026-07-31 (dahil)
[2026-08-01T05:32:26.278Z] ⚠️  1 eksik gun bulundu: 2026-07-31 - 2026-07-31
[2026-08-01T05:32:26.278Z] ------------------------------------------------------------
[2026-08-01T05:32:26.278Z] MCP (FIYAT) VERISI CEKILIYOR...
[2026-08-01T05:32:26.279Z] ------------------------------------------------------------
[2026-08-01T05:32:27.877Z] ✅ 24 MCP kaydi eklendi
[2026-08-01T05:32:27.877Z] ------------------------------------------------------------
[2026-08-01T05:32:27.877Z] GENERATION (URETIM) VERISI CEKILIYOR...
[2026-08-01T05:32:27.877Z] ------------------------------------------------------------
[2026-08-01T05:32:27.877Z] 1 parca halinde cekilecek (API limiti 30 gun)
[2026-08-01T05:32:27.878Z] Parca 1/1: 2026-07-31 - 2026-07-31
[2026-08-01T05:32:28.698Z] ✅ 24 Generation kaydi eklendi
[2026-08-01T05:32:28.698Z] Toplam 24 Generation kaydi eklendi
[2026-08-01T05:32:28.698Z] ------------------------------------------------------------
[2026-08-01T05:32:28.698Z] CONSUMPTION (TUKETIM) VERISI CEKILIYOR...
[2026-08-01T05:32:28.698Z] ------------------------------------------------------------
[2026-08-01T05:32:29.199Z] ✅ 24 Consumption kaydi eklendi
[2026-08-01T05:32:29.199Z] ============================================================
[2026-08-01T05:32:29.199Z] CATCH-UP SYNC TAMAMLANDI
[2026-08-01T05:32:29.200Z] ============================================================
[2026-08-01T05:32:29.200Z] Toplam MCP kaydi: 24480
[2026-08-01T05:32:29.201Z] Toplam Generation kaydi: 24472
[2026-08-01T05:32:29.202Z] Toplam Consumption kaydi: 24480
[2026-08-01T05:32:29.202Z] ============================================================
[2026-08-01T05:32:29.202Z] 🔄 WAL checkpoint yapiliyor (degisiklikleri DB dosyasina yazma)...
[2026-08-01T05:32:29.205Z] ✅ WAL checkpoint tamamlandi
[2026-08-01T05:32:29.205Z] Catch-up sync tamamlandi
[2026-08-02T05:33:50.968Z] ============================================================
[2026-08-02T05:33:50.969Z] CATCH-UP SYNC - Eksik Gun Doldurma
[2026-08-02T05:33:50.969Z] ============================================================
[2026-08-02T05:33:50.970Z] En son veri tarihi: 2026-07-31T23:00:00+03:00
[2026-08-02T05:33:50.987Z] Kontrol araligi: 2026-08-01 - 2026-08-01 (dahil)
[2026-08-02T05:33:50.987Z] ⚠️  1 eksik gun bulundu: 2026-08-01 - 2026-08-01
[2026-08-02T05:33:50.987Z] ------------------------------------------------------------
[2026-08-02T05:33:50.988Z] MCP (FIYAT) VERISI CEKILIYOR...
[2026-08-02T05:33:50.988Z] ------------------------------------------------------------
[2026-08-02T05:33:53.551Z] ✅ 24 MCP kaydi eklendi
[2026-08-02T05:33:53.551Z] ------------------------------------------------------------
[2026-08-02T05:33:53.551Z] GENERATION (URETIM) VERISI CEKILIYOR...
[2026-08-02T05:33:53.551Z] ------------------------------------------------------------
[2026-08-02T05:33:53.551Z] 1 parca halinde cekilecek (API limiti 30 gun)
[2026-08-02T05:33:53.551Z] Parca 1/1: 2026-08-01 - 2026-08-01
[2026-08-02T05:33:54.208Z] ✅ 24 Generation kaydi eklendi
[2026-08-02T05:33:54.208Z] Toplam 24 Generation kaydi eklendi
[2026-08-02T05:33:54.208Z] ------------------------------------------------------------
[2026-08-02T05:33:54.208Z] CONSUMPTION (TUKETIM) VERISI CEKILIYOR...
[2026-08-02T05:33:54.208Z] ------------------------------------------------------------
[2026-08-02T05:33:54.756Z] ✅ 24 Consumption kaydi eklendi
[2026-08-02T05:33:54.756Z] ============================================================
[2026-08-02T05:33:54.756Z] CATCH-UP SYNC TAMAMLANDI
[2026-08-02T05:33:54.756Z] ============================================================
[2026-08-02T05:33:54.757Z] Toplam MCP kaydi: 24504
[2026-08-02T05:33:54.758Z] Toplam Generation kaydi: 24496
[2026-08-02T05:33:54.759Z] Toplam Consumption kaydi: 24504
[2026-08-02T05:33:54.759Z] ============================================================
[2026-08-02T05:33:54.759Z] 🔄 WAL checkpoint yapiliyor (degisiklikleri DB dosyasina yazma)...
[2026-08-02T05:33:54.767Z] ✅ WAL checkpoint tamamlandi
[2026-08-02T05:33:54.768Z] Catch-up sync tamamlandi
[2026-08-03T05:46:45.319Z] ============================================================
[2026-08-03T05:46:45.320Z] CATCH-UP SYNC - Eksik Gun Doldurma
[2026-08-03T05:46:45.320Z] ============================================================
[2026-08-03T05:46:45.320Z] En son veri tarihi: 2026-08-01T23:00:00+03:00
[2026-08-03T05:46:45.349Z] Kontrol araligi: 2026-08-02 - 2026-08-02 (dahil)
[2026-08-03T05:46:45.350Z] ⚠️  1 eksik gun bulundu: 2026-08-02 - 2026-08-02
[2026-08-03T05:46:45.350Z] ------------------------------------------------------------
[2026-08-03T05:46:45.350Z] MCP (FIYAT) VERISI CEKILIYOR...
[2026-08-03T05:46:45.350Z] ------------------------------------------------------------
[2026-08-03T05:46:48.206Z] ✅ 24 MCP kaydi eklendi
[2026-08-03T05:46:48.206Z] ------------------------------------------------------------
[2026-08-03T05:46:48.206Z] GENERATION (URETIM) VERISI CEKILIYOR...
[2026-08-03T05:46:48.206Z] ------------------------------------------------------------
[2026-08-03T05:46:48.206Z] 1 parca halinde cekilecek (API limiti 30 gun)
[2026-08-03T05:46:48.206Z] Parca 1/1: 2026-08-02 - 2026-08-02
[2026-08-03T05:46:48.912Z] ✅ 24 Generation kaydi eklendi
[2026-08-03T05:46:48.912Z] Toplam 24 Generation kaydi eklendi
[2026-08-03T05:46:48.912Z] ------------------------------------------------------------
[2026-08-03T05:46:48.912Z] CONSUMPTION (TUKETIM) VERISI CEKILIYOR...
[2026-08-03T05:46:48.912Z] ------------------------------------------------------------
[2026-08-03T05:46:49.455Z] ✅ 24 Consumption kaydi eklendi
[2026-08-03T05:46:49.456Z] ============================================================
[2026-08-03T05:46:49.456Z] CATCH-UP SYNC TAMAMLANDI
[2026-08-03T05:46:49.456Z] ============================================================
[2026-08-03T05:46:49.457Z] Toplam MCP kaydi: 24528
[2026-08-03T05:46:49.458Z] Toplam Generation kaydi: 24520
[2026-08-03T05:46:49.460Z] Toplam Consumption kaydi: 24528
[2026-08-03T05:46:49.460Z] ============================================================
[2026-08-03T05:46:49.460Z] 🔄 WAL checkpoint yapiliyor (degisiklikleri DB dosyasina yazma)...
[2026-08-03T05:46:49.462Z] ✅ WAL checkpoint tamamlandi
[2026-08-03T05:46:49.463Z] Catch-up sync tamamlandi
[2026-08-04T05:22:52.474Z] ============================================================
[2026-08-04T05:22:52.474Z] CATCH-UP SYNC - Eksik Gun Doldurma
[2026-08-04T05:22:52.474Z] ============================================================
[2026-08-04T05:22:52.475Z] En son veri tarihi: 2026-08-02T23:00:00+03:00
[2026-08-04T05:22:52.491Z] Kontrol araligi: 2026-08-03 - 2026-08-03 (dahil)
[2026-08-04T05:22:52.492Z] ⚠️  1 eksik gun bulundu: 2026-08-03 - 2026-08-03
[2026-08-04T05:22:52.492Z] ------------------------------------------------------------
[2026-08-04T05:22:52.492Z] MCP (FIYAT) VERISI CEKILIYOR...
[2026-08-04T05:22:52.492Z] ------------------------------------------------------------
[2026-08-04T05:22:55.689Z] ✅ 24 MCP kaydi eklendi
[2026-08-04T05:22:55.689Z] ------------------------------------------------------------
[2026-08-04T05:22:55.689Z] GENERATION (URETIM) VERISI CEKILIYOR...
[2026-08-04T05:22:55.689Z] ------------------------------------------------------------
[2026-08-04T05:22:55.689Z] 1 parca halinde cekilecek (API limiti 30 gun)
[2026-08-04T05:22:55.689Z] Parca 1/1: 2026-08-03 - 2026-08-03
[2026-08-04T05:22:56.292Z] ✅ 24 Generation kaydi eklendi
[2026-08-04T05:22:56.292Z] Toplam 24 Generation kaydi eklendi
[2026-08-04T05:22:56.292Z] ------------------------------------------------------------
[2026-08-04T05:22:56.292Z] CONSUMPTION (TUKETIM) VERISI CEKILIYOR...
[2026-08-04T05:22:56.292Z] ------------------------------------------------------------
[2026-08-04T05:22:56.867Z] ✅ 24 Consumption kaydi eklendi
[2026-08-04T05:22:56.867Z] ============================================================
[2026-08-04T05:22:56.867Z] CATCH-UP SYNC TAMAMLANDI
[2026-08-04T05:22:56.867Z] ============================================================
[2026-08-04T05:22:56.868Z] Toplam MCP kaydi: 24552
[2026-08-04T05:22:56.869Z] Toplam Generation kaydi: 24544
[2026-08-04T05:22:56.870Z] Toplam Consumption kaydi: 24552
[2026-08-04T05:22:56.870Z] ============================================================
[2026-08-04T05:22:56.870Z] 🔄 WAL checkpoint yapiliyor (degisiklikleri DB dosyasina yazma)...
[2026-08-04T05:22:56.873Z] ✅ WAL checkpoint tamamlandi
[2026-08-04T05:22:56.873Z] Catch-up sync tamamlandi
[2026-08-05T05:17:50.101Z] ============================================================
[2026-08-05T05:17:50.101Z] CATCH-UP SYNC - Eksik Gun Doldurma
[2026-08-05T05:17:50.102Z] ============================================================
[2026-08-05T05:17:50.102Z] En son veri tarihi: 2026-08-03T23:00:00+03:00
[2026-08-05T05:17:50.118Z] Kontrol araligi: 2026-08-04 - 2026-08-04 (dahil)
[2026-08-05T05:17:50.118Z] ⚠️  1 eksik gun bulundu: 2026-08-04 - 2026-08-04
[2026-08-05T05:17:50.118Z] ------------------------------------------------------------
[2026-08-05T05:17:50.119Z] MCP (FIYAT) VERISI CEKILIYOR...
[2026-08-05T05:17:50.119Z] ------------------------------------------------------------
[2026-08-05T05:17:52.481Z] ✅ 24 MCP kaydi eklendi
[2026-08-05T05:17:52.481Z] ------------------------------------------------------------
[2026-08-05T05:17:52.481Z] GENERATION (URETIM) VERISI CEKILIYOR...
[2026-08-05T05:17:52.481Z] ------------------------------------------------------------
[2026-08-05T05:17:52.481Z] 1 parca halinde cekilecek (API limiti 30 gun)
[2026-08-05T05:17:52.481Z] Parca 1/1: 2026-08-04 - 2026-08-04
[2026-08-05T05:17:52.986Z] ✅ 24 Generation kaydi eklendi
[2026-08-05T05:17:52.986Z] Toplam 24 Generation kaydi eklendi
[2026-08-05T05:17:52.986Z] ------------------------------------------------------------
[2026-08-05T05:17:52.986Z] CONSUMPTION (TUKETIM) VERISI CEKILIYOR...
[2026-08-05T05:17:52.986Z] ------------------------------------------------------------
[2026-08-05T05:17:53.500Z] ✅ 24 Consumption kaydi eklendi
[2026-08-05T05:17:53.501Z] ============================================================
[2026-08-05T05:17:53.501Z] CATCH-UP SYNC TAMAMLANDI
[2026-08-05T05:17:53.501Z] ============================================================
[2026-08-05T05:17:53.502Z] Toplam MCP kaydi: 24576
[2026-08-05T05:17:53.503Z] Toplam Generation kaydi: 24568
[2026-08-05T05:17:53.504Z] Toplam Consumption kaydi: 24576
[2026-08-05T05:17:53.504Z] ============================================================
[2026-08-05T05:17:53.504Z] 🔄 WAL checkpoint yapiliyor (degisiklikleri DB dosyasina yazma)...
[2026-08-05T05:17:53.511Z] ✅ WAL checkpoint tamamlandi
[2026-08-05T05:17:53.512Z] Catch-up sync tamamlandi
[2026-08-06T05:19:37.088Z] ============================================================
[2026-08-06T05:19:37.089Z] CATCH-UP SYNC - Eksik Gun Doldurma
[2026-08-06T05:19:37.089Z] ============================================================
[2026-08-06T05:19:37.089Z] En son veri tarihi: 2026-08-04T23:00:00+03:00
[2026-08-06T05:19:37.104Z] Kontrol araligi: 2026-08-05 - 2026-08-05 (dahil)
[2026-08-06T05:19:37.105Z] ⚠️  1 eksik gun bulundu: 2026-08-05 - 2026-08-05
[2026-08-06T05:19:37.105Z] ------------------------------------------------------------
[2026-08-06T05:19:37.105Z] MCP (FIYAT) VERISI CEKILIYOR...
[2026-08-06T05:19:37.105Z] ------------------------------------------------------------
[2026-08-06T05:19:39.339Z] ✅ 24 MCP kaydi eklendi
[2026-08-06T05:19:39.339Z] ------------------------------------------------------------
[2026-08-06T05:19:39.339Z] GENERATION (URETIM) VERISI CEKILIYOR...
[2026-08-06T05:19:39.339Z] ------------------------------------------------------------
[2026-08-06T05:19:39.339Z] 1 parca halinde cekilecek (API limiti 30 gun)
[2026-08-06T05:19:39.339Z] Parca 1/1: 2026-08-05 - 2026-08-05
[2026-08-06T05:19:39.805Z] ✅ 24 Generation kaydi eklendi
[2026-08-06T05:19:39.805Z] Toplam 24 Generation kaydi eklendi
[2026-08-06T05:19:39.805Z] ------------------------------------------------------------
[2026-08-06T05:19:39.805Z] CONSUMPTION (TUKETIM) VERISI CEKILIYOR...
[2026-08-06T05:19:39.805Z] ------------------------------------------------------------
[2026-08-06T05:19:40.307Z] ✅ 24 Consumption kaydi eklendi
[2026-08-06T05:19:40.307Z] ============================================================
[2026-08-06T05:19:40.307Z] CATCH-UP SYNC TAMAMLANDI
[2026-08-06T05:19:40.307Z] ============================================================
[2026-08-06T05:19:40.308Z] Toplam MCP kaydi: 24600
[2026-08-06T05:19:40.309Z] Toplam Generation kaydi: 24592
[2026-08-06T05:19:40.309Z] Toplam Consumption kaydi: 24600
[2026-08-06T05:19:40.310Z] ============================================================
[2026-08-06T05:19:40.310Z] 🔄 WAL checkpoint yapiliyor (degisiklikleri DB dosyasina yazma)...
[2026-08-06T05:19:40.444Z] ✅ WAL checkpoint tamamlandi
[2026-08-06T05:19:40.445Z] Catch-up sync tamamlandi
[2026-08-07T04:27:31.454Z] ============================================================
[2026-08-07T04:27:31.454Z] CATCH-UP SYNC - Eksik Gun Doldurma
[2026-08-07T04:27:31.455Z] ============================================================
[2026-08-07T04:27:31.455Z] En son veri tarihi: 2026-08-05T23:00:00+03:00
[2026-08-07T04:27:31.471Z] Kontrol araligi: 2026-08-06 - 2026-08-06 (dahil)
[2026-08-07T04:27:31.471Z] ⚠️  1 eksik gun bulundu: 2026-08-06 - 2026-08-06
[2026-08-07T04:27:31.471Z] ------------------------------------------------------------
[2026-08-07T04:27:31.472Z] MCP (FIYAT) VERISI CEKILIYOR...
[2026-08-07T04:27:31.472Z] ------------------------------------------------------------
[2026-08-07T04:27:33.413Z] ✅ 24 MCP kaydi eklendi
[2026-08-07T04:27:33.413Z] ------------------------------------------------------------
[2026-08-07T04:27:33.413Z] GENERATION (URETIM) VERISI CEKILIYOR...
[2026-08-07T04:27:33.413Z] ------------------------------------------------------------
[2026-08-07T04:27:33.413Z] 1 parca halinde cekilecek (API limiti 30 gun)
[2026-08-07T04:27:33.413Z] Parca 1/1: 2026-08-06 - 2026-08-06
[2026-08-07T04:27:33.850Z] ✅ 24 Generation kaydi eklendi
[2026-08-07T04:27:33.850Z] Toplam 24 Generation kaydi eklendi
[2026-08-07T04:27:33.851Z] ------------------------------------------------------------
[2026-08-07T04:27:33.851Z] CONSUMPTION (TUKETIM) VERISI CEKILIYOR...
[2026-08-07T04:27:33.851Z] ------------------------------------------------------------
[2026-08-07T04:27:34.270Z] ✅ 24 Consumption kaydi eklendi
[2026-08-07T04:27:34.270Z] ============================================================
[2026-08-07T04:27:34.270Z] CATCH-UP SYNC TAMAMLANDI
[2026-08-07T04:27:34.270Z] ============================================================
[2026-08-07T04:27:34.271Z] Toplam MCP kaydi: 24624
[2026-08-07T04:27:34.272Z] Toplam Generation kaydi: 24616
[2026-08-07T04:27:34.273Z] Toplam Consumption kaydi: 24624
[2026-08-07T04:27:34.273Z] ============================================================
[2026-08-07T04:27:34.273Z] 🔄 WAL checkpoint yapiliyor (degisiklikleri DB dosyasina yazma)...
[2026-08-07T04:27:34.280Z] ✅ WAL checkpoint tamamlandi
[2026-08-07T04:27:34.281Z] Catch-up sync tamamlandi
[2026-08-08T03:35:55.289Z] ============================================================
[2026-08-08T03:35:55.290Z] CATCH-UP SYNC - Eksik Gun Doldurma
[2026-08-08T03:35:55.290Z] ============================================================
[2026-08-08T03:35:55.290Z] En son veri tarihi: 2026-08-06T23:00:00+03:00
[2026-08-08T03:35:55.303Z] Kontrol araligi: 2026-08-07 - 2026-08-07 (dahil)
[2026-08-08T03:35:55.303Z] ⚠️  1 eksik gun bulundu: 2026-08-07 - 2026-08-07
[2026-08-08T03:35:55.303Z] ------------------------------------------------------------
[2026-08-08T03:35:55.303Z] MCP (FIYAT) VERISI CEKILIYOR...
[2026-08-08T03:35:55.303Z] ------------------------------------------------------------
[2026-08-08T03:35:57.859Z] ✅ 24 MCP kaydi eklendi
[2026-08-08T03:35:57.859Z] ------------------------------------------------------------
[2026-08-08T03:35:57.859Z] GENERATION (URETIM) VERISI CEKILIYOR...
[2026-08-08T03:35:57.859Z] ------------------------------------------------------------
[2026-08-08T03:35:57.859Z] 1 parca halinde cekilecek (API limiti 30 gun)
[2026-08-08T03:35:57.859Z] Parca 1/1: 2026-08-07 - 2026-08-07
[2026-08-08T03:35:58.352Z] ✅ 24 Generation kaydi eklendi
[2026-08-08T03:35:58.352Z] Toplam 24 Generation kaydi eklendi
[2026-08-08T03:35:58.352Z] ------------------------------------------------------------
[2026-08-08T03:35:58.352Z] CONSUMPTION (TUKETIM) VERISI CEKILIYOR...
[2026-08-08T03:35:58.352Z] ------------------------------------------------------------
[2026-08-08T03:35:58.869Z] ✅ 24 Consumption kaydi eklendi
[2026-08-08T03:35:58.869Z] ============================================================
[2026-08-08T03:35:58.869Z] CATCH-UP SYNC TAMAMLANDI
[2026-08-08T03:35:58.869Z] ============================================================
[2026-08-08T03:35:58.870Z] Toplam MCP kaydi: 24648
[2026-08-08T03:35:58.871Z] Toplam Generation kaydi: 24640
[2026-08-08T03:35:58.872Z] Toplam Consumption kaydi: 24648
[2026-08-08T03:35:58.872Z] ============================================================
[2026-08-08T03:35:58.872Z] 🔄 WAL checkpoint yapiliyor (degisiklikleri DB dosyasina yazma)...
[2026-08-08T03:35:58.882Z] ✅ WAL checkpoint tamamlandi
[2026-08-08T03:35:58.882Z] Catch-up sync tamamlandi
[2026-08-09T03:46:07.505Z] ============================================================
[2026-08-09T03:46:07.505Z] CATCH-UP SYNC - Eksik Gun Doldurma
[2026-08-09T03:46:07.505Z] ============================================================
[2026-08-09T03:46:07.506Z] En son veri tarihi: 2026-08-07T23:00:00+03:00
[2026-08-09T03:46:07.524Z] Kontrol araligi: 2026-08-08 - 2026-08-08 (dahil)
[2026-08-09T03:46:07.524Z] ⚠️  1 eksik gun bulundu: 2026-08-08 - 2026-08-08
[2026-08-09T03:46:07.524Z] ------------------------------------------------------------
[2026-08-09T03:46:07.524Z] MCP (FIYAT) VERISI CEKILIYOR...
[2026-08-09T03:46:07.524Z] ------------------------------------------------------------
[2026-08-09T03:46:09.586Z] ✅ 24 MCP kaydi eklendi
[2026-08-09T03:46:09.587Z] ------------------------------------------------------------
[2026-08-09T03:46:09.587Z] GENERATION (URETIM) VERISI CEKILIYOR...
[2026-08-09T03:46:09.587Z] ------------------------------------------------------------
[2026-08-09T03:46:09.587Z] 1 parca halinde cekilecek (API limiti 30 gun)
[2026-08-09T03:46:09.587Z] Parca 1/1: 2026-08-08 - 2026-08-08
[2026-08-09T03:46:10.170Z] ✅ 24 Generation kaydi eklendi
[2026-08-09T03:46:10.170Z] Toplam 24 Generation kaydi eklendi
[2026-08-09T03:46:10.170Z] ------------------------------------------------------------
[2026-08-09T03:46:10.170Z] CONSUMPTION (TUKETIM) VERISI CEKILIYOR...
[2026-08-09T03:46:10.170Z] ------------------------------------------------------------
[2026-08-09T03:46:10.714Z] ✅ 24 Consumption kaydi eklendi
[2026-08-09T03:46:10.714Z] ============================================================
[2026-08-09T03:46:10.714Z] CATCH-UP SYNC TAMAMLANDI
[2026-08-09T03:46:10.714Z] ============================================================
[2026-08-09T03:46:10.715Z] Toplam MCP kaydi: 24672
[2026-08-09T03:46:10.716Z] Toplam Generation kaydi: 24664
[2026-08-09T03:46:10.717Z] Toplam Consumption kaydi: 24672
[2026-08-09T03:46:10.717Z] ============================================================
[2026-08-09T03:46:10.717Z] 🔄 WAL checkpoint yapiliyor (degisiklikleri DB dosyasina yazma)...
[2026-08-09T03:46:10.719Z] ✅ WAL checkpoint tamamlandi
[2026-08-09T03:46:10.719Z] Catch-up sync tamamlandi
[2026-08-10T03:59:44.673Z] ============================================================
[2026-08-10T03:59:44.674Z] CATCH-UP SYNC - Eksik Gun Doldurma
[2026-08-10T03:59:44.674Z] ============================================================
[2026-08-10T03:59:44.675Z] En son veri tarihi: 2026-08-08T23:00:00+03:00
[2026-08-10T03:59:44.694Z] Kontrol araligi: 2026-08-09 - 2026-08-09 (dahil)
[2026-08-10T03:59:44.695Z] ⚠️  1 eksik gun bulundu: 2026-08-09 - 2026-08-09
[2026-08-10T03:59:44.695Z] ------------------------------------------------------------
[2026-08-10T03:59:44.695Z] MCP (FIYAT) VERISI CEKILIYOR...
[2026-08-10T03:59:44.695Z] ------------------------------------------------------------
[2026-08-10T03:59:46.636Z] ✅ 24 MCP kaydi eklendi
[2026-08-10T03:59:46.637Z] ------------------------------------------------------------
[2026-08-10T03:59:46.637Z] GENERATION (URETIM) VERISI CEKILIYOR...
[2026-08-10T03:59:46.637Z] ------------------------------------------------------------
[2026-08-10T03:59:46.637Z] 1 parca halinde cekilecek (API limiti 30 gun)
[2026-08-10T03:59:46.637Z] Parca 1/1: 2026-08-09 - 2026-08-09
[2026-08-10T03:59:47.422Z] ✅ 24 Generation kaydi eklendi
[2026-08-10T03:59:47.423Z] Toplam 24 Generation kaydi eklendi
[2026-08-10T03:59:47.423Z] ------------------------------------------------------------
[2026-08-10T03:59:47.423Z] CONSUMPTION (TUKETIM) VERISI CEKILIYOR...
[2026-08-10T03:59:47.423Z] ------------------------------------------------------------
[2026-08-10T03:59:47.958Z] ✅ 24 Consumption kaydi eklendi
[2026-08-10T03:59:47.959Z] ============================================================
[2026-08-10T03:59:47.959Z] CATCH-UP SYNC TAMAMLANDI
[2026-08-10T03:59:47.959Z] ============================================================
[2026-08-10T03:59:47.960Z] Toplam MCP kaydi: 24696
[2026-08-10T03:59:47.960Z] Toplam Generation kaydi: 24688
[2026-08-10T03:59:47.961Z] Toplam Consumption kaydi: 24696
[2026-08-10T03:59:47.961Z] ============================================================
[2026-08-10T03:59:47.962Z] 🔄 WAL checkpoint yapiliyor (degisiklikleri DB dosyasina yazma)...
[2026-08-10T03:59:47.969Z] ✅ WAL checkpoint tamamlandi
[2026-08-10T03:59:47.969Z] Catch-up sync tamamlandi
[2026-08-11T03:47:37.372Z] ============================================================
[2026-08-11T03:47:37.373Z] CATCH-UP SYNC - Eksik Gun Doldurma
[2026-08-11T03:47:37.373Z] ============================================================
[2026-08-11T03:47:37.373Z] En son veri tarihi: 2026-08-09T23:00:00+03:00
[2026-08-11T03:47:37.391Z] Kontrol araligi: 2026-08-10 - 2026-08-10 (dahil)
[2026-08-11T03:47:37.391Z] ⚠️  1 eksik gun bulundu: 2026-08-10 - 2026-08-10
[2026-08-11T03:47:37.392Z] ------------------------------------------------------------
[2026-08-11T03:47:37.392Z] MCP (FIYAT) VERISI CEKILIYOR...
[2026-08-11T03:47:37.392Z] ------------------------------------------------------------
[2026-08-11T03:47:39.666Z] ✅ 24 MCP kaydi eklendi
[2026-08-11T03:47:39.666Z] ------------------------------------------------------------
[2026-08-11T03:47:39.666Z] GENERATION (URETIM) VERISI CEKILIYOR...
[2026-08-11T03:47:39.666Z] ------------------------------------------------------------
[2026-08-11T03:47:39.666Z] 1 parca halinde cekilecek (API limiti 30 gun)
[2026-08-11T03:47:39.666Z] Parca 1/1: 2026-08-10 - 2026-08-10
[2026-08-11T03:47:40.144Z] ✅ 24 Generation kaydi eklendi
[2026-08-11T03:47:40.144Z] Toplam 24 Generation kaydi eklendi
[2026-08-11T03:47:40.144Z] ------------------------------------------------------------
[2026-08-11T03:47:40.144Z] CONSUMPTION (TUKETIM) VERISI CEKILIYOR...
[2026-08-11T03:47:40.144Z] ------------------------------------------------------------
[2026-08-11T03:47:40.642Z] ✅ 24 Consumption kaydi eklendi
[2026-08-11T03:47:40.642Z] ============================================================
[2026-08-11T03:47:40.642Z] CATCH-UP SYNC TAMAMLANDI
[2026-08-11T03:47:40.642Z] ============================================================
[2026-08-11T03:47:40.643Z] Toplam MCP kaydi: 24720
[2026-08-11T03:47:40.644Z] Toplam Generation kaydi: 24712
[2026-08-11T03:47:40.645Z] Toplam Consumption kaydi: 24720
[2026-08-11T03:47:40.645Z] ============================================================
[2026-08-11T03:47:40.645Z] 🔄 WAL checkpoint yapiliyor (degisiklikleri DB dosyasina yazma)...
[2026-08-11T03:47:40.647Z] ✅ WAL checkpoint tamamlandi
[2026-08-11T03:47:40.648Z] Catch-up sync tamamlandi
[2026-08-12T04:10:09.120Z] ============================================================
[2026-08-12T04:10:09.121Z] CATCH-UP SYNC - Eksik Gun Doldurma
[2026-08-12T04:10:09.121Z] ============================================================
[2026-08-12T04:10:09.121Z] En son veri tarihi: 2026-08-10T23:00:00+03:00
[2026-08-12T04:10:09.137Z] Kontrol araligi: 2026-08-11 - 2026-08-11 (dahil)
[2026-08-12T04:10:09.138Z] ⚠️  1 eksik gun bulundu: 2026-08-11 - 2026-08-11
[2026-08-12T04:10:09.138Z] ------------------------------------------------------------
[2026-08-12T04:10:09.138Z] MCP (FIYAT) VERISI CEKILIYOR...
[2026-08-12T04:10:09.138Z] ------------------------------------------------------------
[2026-08-12T04:10:10.975Z] ✅ 24 MCP kaydi eklendi
[2026-08-12T04:10:10.975Z] ------------------------------------------------------------
[2026-08-12T04:10:10.975Z] GENERATION (URETIM) VERISI CEKILIYOR...
[2026-08-12T04:10:10.976Z] ------------------------------------------------------------
[2026-08-12T04:10:10.976Z] 1 parca halinde cekilecek (API limiti 30 gun)
[2026-08-12T04:10:10.976Z] Parca 1/1: 2026-08-11 - 2026-08-11
[2026-08-12T04:10:11.495Z] ✅ 24 Generation kaydi eklendi
[2026-08-12T04:10:11.495Z] Toplam 24 Generation kaydi eklendi
[2026-08-12T04:10:11.495Z] ------------------------------------------------------------
[2026-08-12T04:10:11.495Z] CONSUMPTION (TUKETIM) VERISI CEKILIYOR...
[2026-08-12T04:10:11.495Z] ------------------------------------------------------------
[2026-08-12T04:10:12.128Z] ✅ 24 Consumption kaydi eklendi
[2026-08-12T04:10:12.128Z] ============================================================
[2026-08-12T04:10:12.128Z] CATCH-UP SYNC TAMAMLANDI
[2026-08-12T04:10:12.128Z] ============================================================
[2026-08-12T04:10:12.129Z] Toplam MCP kaydi: 24744
[2026-08-12T04:10:12.130Z] Toplam Generation kaydi: 24736
[2026-08-12T04:10:12.131Z] Toplam Consumption kaydi: 24744
[2026-08-12T04:10:12.131Z] ============================================================
[2026-08-12T04:10:12.131Z] 🔄 WAL checkpoint yapiliyor (degisiklikleri DB dosyasina yazma)...
[2026-08-12T04:10:12.139Z] ✅ WAL checkpoint tamamlandi
[2026-08-12T04:10:12.140Z] Catch-up sync tamamlandi
[2026-08-13T04:14:42.793Z] ============================================================
[2026-08-13T04:14:42.794Z] CATCH-UP SYNC - Eksik Gun Doldurma
[2026-08-13T04:14:42.794Z] ============================================================
[2026-08-13T04:14:42.794Z] En son veri tarihi: 2026-08-11T23:00:00+03:00
[2026-08-13T04:14:42.810Z] Kontrol araligi: 2026-08-12 - 2026-08-12 (dahil)
[2026-08-13T04:14:42.810Z] ⚠️  1 eksik gun bulundu: 2026-08-12 - 2026-08-12
[2026-08-13T04:14:42.810Z] ------------------------------------------------------------
[2026-08-13T04:14:42.811Z] MCP (FIYAT) VERISI CEKILIYOR...
[2026-08-13T04:14:42.811Z] ------------------------------------------------------------
[2026-08-13T04:14:46.070Z] ✅ 24 MCP kaydi eklendi
[2026-08-13T04:14:46.070Z] ------------------------------------------------------------
[2026-08-13T04:14:46.070Z] GENERATION (URETIM) VERISI CEKILIYOR...
[2026-08-13T04:14:46.070Z] ------------------------------------------------------------
[2026-08-13T04:14:46.071Z] 1 parca halinde cekilecek (API limiti 30 gun)
[2026-08-13T04:14:46.071Z] Parca 1/1: 2026-08-12 - 2026-08-12
[2026-08-13T04:14:46.643Z] ✅ 24 Generation kaydi eklendi
[2026-08-13T04:14:46.643Z] Toplam 24 Generation kaydi eklendi
[2026-08-13T04:14:46.644Z] ------------------------------------------------------------
[2026-08-13T04:14:46.644Z] CONSUMPTION (TUKETIM) VERISI CEKILIYOR...
[2026-08-13T04:14:46.644Z] ------------------------------------------------------------
[2026-08-13T04:14:47.199Z] ✅ 24 Consumption kaydi eklendi
[2026-08-13T04:14:47.199Z] ============================================================
[2026-08-13T04:14:47.199Z] CATCH-UP SYNC TAMAMLANDI
[2026-08-13T04:14:47.200Z] ============================================================
[2026-08-13T04:14:47.200Z] Toplam MCP kaydi: 24768
[2026-08-13T04:14:47.201Z] Toplam Generation kaydi: 24760
[2026-08-13T04:14:47.202Z] Toplam Consumption kaydi: 24768
[2026-08-13T04:14:47.202Z] ============================================================
[2026-08-13T04:14:47.202Z] 🔄 WAL checkpoint yapiliyor (degisiklikleri DB dosyasina yazma)...
[2026-08-13T04:14:47.210Z] ✅ WAL checkpoint tamamlandi
[2026-08-13T04:14:47.210Z] Catch-up sync tamamlandi
[2026-08-14T04:11:26.259Z] ============================================================
[2026-08-14T04:11:26.260Z] CATCH-UP SYNC - Eksik Gun Doldurma
[2026-08-14T04:11:26.260Z] ============================================================
[2026-08-14T04:11:26.260Z] En son veri tarihi: 2026-08-12T23:00:00+03:00
[2026-08-14T04:11:26.288Z] Kontrol araligi: 2026-08-13 - 2026-08-13 (dahil)
[2026-08-14T04:11:26.289Z] ⚠️  1 eksik gun bulundu: 2026-08-13 - 2026-08-13
[2026-08-14T04:11:26.289Z] ------------------------------------------------------------
[2026-08-14T04:11:26.289Z] MCP (FIYAT) VERISI CEKILIYOR...
[2026-08-14T04:11:26.289Z] ------------------------------------------------------------
[2026-08-14T04:11:29.617Z] ✅ 24 MCP kaydi eklendi
[2026-08-14T04:11:29.617Z] ------------------------------------------------------------
[2026-08-14T04:11:29.617Z] GENERATION (URETIM) VERISI CEKILIYOR...
[2026-08-14T04:11:29.617Z] ------------------------------------------------------------
[2026-08-14T04:11:29.617Z] 1 parca halinde cekilecek (API limiti 30 gun)
[2026-08-14T04:11:29.617Z] Parca 1/1: 2026-08-13 - 2026-08-13
[2026-08-14T04:11:30.204Z] ✅ 24 Generation kaydi eklendi
[2026-08-14T04:11:30.204Z] Toplam 24 Generation kaydi eklendi
[2026-08-14T04:11:30.204Z] ------------------------------------------------------------
[2026-08-14T04:11:30.204Z] CONSUMPTION (TUKETIM) VERISI CEKILIYOR...
[2026-08-14T04:11:30.204Z] ------------------------------------------------------------
[2026-08-14T04:11:30.764Z] ✅ 24 Consumption kaydi eklendi
[2026-08-14T04:11:30.764Z] ============================================================
[2026-08-14T04:11:30.764Z] CATCH-UP SYNC TAMAMLANDI
[2026-08-14T04:11:30.764Z] ============================================================
[2026-08-14T04:11:30.765Z] Toplam MCP kaydi: 24792
[2026-08-14T04:11:30.766Z] Toplam Generation kaydi: 24784
[2026-08-14T04:11:30.767Z] Toplam Consumption kaydi: 24792
[2026-08-14T04:11:30.767Z] ============================================================
[2026-08-14T04:11:30.767Z] 🔄 WAL checkpoint yapiliyor (degisiklikleri DB dosyasina yazma)...
[2026-08-14T04:11:30.770Z] ✅ WAL checkpoint tamamlandi
[2026-08-14T04:11:30.770Z] Catch-up sync tamamlandi
[2026-08-15T02:54:09.655Z] ============================================================
[2026-08-15T02:54:09.656Z] CATCH-UP SYNC - Eksik Gun Doldurma
[2026-08-15T02:54:09.656Z] ============================================================
[2026-08-15T02:54:09.656Z] En son veri tarihi: 2026-08-13T23:00:00+03:00
[2026-08-15T02:54:09.673Z] Kontrol araligi: 2026-08-14 - 2026-08-14 (dahil)
[2026-08-15T02:54:09.674Z] ⚠️  1 eksik gun bulundu: 2026-08-14 - 2026-08-14
[2026-08-15T02:54:09.674Z] ------------------------------------------------------------
[2026-08-15T02:54:09.674Z] MCP (FIYAT) VERISI CEKILIYOR...
[2026-08-15T02:54:09.674Z] ------------------------------------------------------------
[2026-08-15T02:54:12.735Z] ✅ 24 MCP kaydi eklendi
[2026-08-15T02:54:12.735Z] ------------------------------------------------------------
[2026-08-15T02:54:12.735Z] GENERATION (URETIM) VERISI CEKILIYOR...
[2026-08-15T02:54:12.735Z] ------------------------------------------------------------
[2026-08-15T02:54:12.735Z] 1 parca halinde cekilecek (API limiti 30 gun)
[2026-08-15T02:54:12.735Z] Parca 1/1: 2026-08-14 - 2026-08-14
[2026-08-15T02:54:13.517Z] ✅ 24 Generation kaydi eklendi
[2026-08-15T02:54:13.518Z] Toplam 24 Generation kaydi eklendi
[2026-08-15T02:54:13.518Z] ------------------------------------------------------------
[2026-08-15T02:54:13.518Z] CONSUMPTION (TUKETIM) VERISI CEKILIYOR...
[2026-08-15T02:54:13.518Z] ------------------------------------------------------------
[2026-08-15T02:54:14.146Z] ✅ 24 Consumption kaydi eklendi
[2026-08-15T02:54:14.146Z] ============================================================
[2026-08-15T02:54:14.146Z] CATCH-UP SYNC TAMAMLANDI
[2026-08-15T02:54:14.146Z] ============================================================
[2026-08-15T02:54:14.147Z] Toplam MCP kaydi: 24816
[2026-08-15T02:54:14.148Z] Toplam Generation kaydi: 24808
[2026-08-15T02:54:14.149Z] Toplam Consumption kaydi: 24816
[2026-08-15T02:54:14.149Z] ============================================================
[2026-08-15T02:54:14.149Z] 🔄 WAL checkpoint yapiliyor (degisiklikleri DB dosyasina yazma)...
[2026-08-15T02:54:14.151Z] ✅ WAL checkpoint tamamlandi
[2026-08-15T02:54:14.152Z] Catch-up sync tamamlandi
[2026-08-16T03:03:00.718Z] ============================================================
[2026-08-16T03:03:00.719Z] CATCH-UP SYNC - Eksik Gun Doldurma
[2026-08-16T03:03:00.719Z] ============================================================
[2026-08-16T03:03:00.719Z] En son veri tarihi: 2026-08-14T23:00:00+03:00
[2026-08-16T03:03:00.735Z] Kontrol araligi: 2026-08-15 - 2026-08-15 (dahil)
[2026-08-16T03:03:00.736Z] ⚠️  1 eksik gun bulundu: 2026-08-15 - 2026-08-15
[2026-08-16T03:03:00.736Z] ------------------------------------------------------------
[2026-08-16T03:03:00.736Z] MCP (FIYAT) VERISI CEKILIYOR...
[2026-08-16T03:03:00.736Z] ------------------------------------------------------------
[2026-08-16T03:03:02.796Z] ✅ 24 MCP kaydi eklendi
[2026-08-16T03:03:02.796Z] ------------------------------------------------------------
[2026-08-16T03:03:02.796Z] GENERATION (URETIM) VERISI CEKILIYOR...
[2026-08-16T03:03:02.797Z] ------------------------------------------------------------
[2026-08-16T03:03:02.797Z] 1 parca halinde cekilecek (API limiti 30 gun)
[2026-08-16T03:03:02.797Z] Parca 1/1: 2026-08-15 - 2026-08-15
[2026-08-16T03:03:03.367Z] ✅ 24 Generation kaydi eklendi
[2026-08-16T03:03:03.367Z] Toplam 24 Generation kaydi eklendi
[2026-08-16T03:03:03.367Z] ------------------------------------------------------------
[2026-08-16T03:03:03.367Z] CONSUMPTION (TUKETIM) VERISI CEKILIYOR...
[2026-08-16T03:03:03.367Z] ------------------------------------------------------------
[2026-08-16T03:03:03.811Z] ✅ 24 Consumption kaydi eklendi
[2026-08-16T03:03:03.811Z] ============================================================
[2026-08-16T03:03:03.811Z] CATCH-UP SYNC TAMAMLANDI
[2026-08-16T03:03:03.811Z] ============================================================
[2026-08-16T03:03:03.812Z] Toplam MCP kaydi: 24840
[2026-08-16T03:03:03.813Z] Toplam Generation kaydi: 24832
[2026-08-16T03:03:03.814Z] Toplam Consumption kaydi: 24840
[2026-08-16T03:03:03.814Z] ============================================================
[2026-08-16T03:03:03.814Z] 🔄 WAL checkpoint yapiliyor (degisiklikleri DB dosyasina yazma)...
[2026-08-16T03:03:03.820Z] ✅ WAL checkpoint tamamlandi
[2026-08-16T03:03:03.820Z] Catch-up sync tamamlandi
[2026-08-17T03:02:34.264Z] ============================================================
[2026-08-17T03:02:34.265Z] CATCH-UP SYNC - Eksik Gun Doldurma
[2026-08-17T03:02:34.265Z] ============================================================
[2026-08-17T03:02:34.266Z] En son veri tarihi: 2026-08-15T23:00:00+03:00
[2026-08-17T03:02:34.284Z] Kontrol araligi: 2026-08-16 - 2026-08-16 (dahil)
[2026-08-17T03:02:34.284Z] ⚠️  1 eksik gun bulundu: 2026-08-16 - 2026-08-16
[2026-08-17T03:02:34.285Z] ------------------------------------------------------------
[2026-08-17T03:02:34.285Z] MCP (FIYAT) VERISI CEKILIYOR...
[2026-08-17T03:02:34.285Z] ------------------------------------------------------------
[2026-08-17T03:02:36.009Z] ✅ 24 MCP kaydi eklendi
[2026-08-17T03:02:36.010Z] ------------------------------------------------------------
[2026-08-17T03:02:36.010Z] GENERATION (URETIM) VERISI CEKILIYOR...
[2026-08-17T03:02:36.010Z] ------------------------------------------------------------
[2026-08-17T03:02:36.010Z] 1 parca halinde cekilecek (API limiti 30 gun)
[2026-08-17T03:02:36.010Z] Parca 1/1: 2026-08-16 - 2026-08-16
[2026-08-17T03:02:36.512Z] ✅ 24 Generation kaydi eklendi
[2026-08-17T03:02:36.512Z] Toplam 24 Generation kaydi eklendi
[2026-08-17T03:02:36.512Z] ------------------------------------------------------------
[2026-08-17T03:02:36.512Z] CONSUMPTION (TUKETIM) VERISI CEKILIYOR...
[2026-08-17T03:02:36.512Z] ------------------------------------------------------------
[2026-08-17T03:02:37.027Z] ✅ 24 Consumption kaydi eklendi
[2026-08-17T03:02:37.027Z] ============================================================
[2026-08-17T03:02:37.027Z] CATCH-UP SYNC TAMAMLANDI
[2026-08-17T03:02:37.027Z] ============================================================
[2026-08-17T03:02:37.028Z] Toplam MCP kaydi: 24864
[2026-08-17T03:02:37.029Z] Toplam Generation kaydi: 24856
[2026-08-17T03:02:37.030Z] Toplam Consumption kaydi: 24864
[2026-08-17T03:02:37.030Z] ============================================================
[2026-08-17T03:02:37.030Z] 🔄 WAL checkpoint yapiliyor (degisiklikleri DB dosyasina yazma)...
[2026-08-17T03:02:37.032Z] ✅ WAL checkpoint tamamlandi
[2026-08-17T03:02:37.033Z] Catch-up sync tamamlandi
[2026-08-19T03:00:01.881Z] ============================================================
[2026-08-19T03:00:01.882Z] CATCH-UP SYNC - Eksik Gun Doldurma
[2026-08-19T03:00:01.882Z] ============================================================
[2026-08-19T03:00:01.882Z] En son veri tarihi: 2026-08-16T23:00:00+03:00
[2026-08-19T03:00:01.898Z] Kontrol araligi: 2026-08-17 - 2026-08-18 (dahil)
[2026-08-19T03:00:01.899Z] ⚠️  2 eksik gun bulundu: 2026-08-17 - 2026-08-18
[2026-08-19T03:00:01.899Z] ------------------------------------------------------------
[2026-08-19T03:00:01.899Z] MCP (FIYAT) VERISI CEKILIYOR...
[2026-08-19T03:00:01.899Z] ------------------------------------------------------------
[2026-08-19T03:00:03.601Z] ✅ 48 MCP kaydi eklendi
[2026-08-19T03:00:03.601Z] ------------------------------------------------------------
[2026-08-19T03:00:03.601Z] GENERATION (URETIM) VERISI CEKILIYOR...
[2026-08-19T03:00:03.601Z] ------------------------------------------------------------
[2026-08-19T03:00:03.601Z] 1 parca halinde cekilecek (API limiti 30 gun)
[2026-08-19T03:00:03.601Z] Parca 1/1: 2026-08-17 - 2026-08-18
[2026-08-19T03:00:04.088Z] ✅ 48 Generation kaydi eklendi
[2026-08-19T03:00:04.088Z] Toplam 48 Generation kaydi eklendi
[2026-08-19T03:00:04.088Z] ------------------------------------------------------------
[2026-08-19T03:00:04.089Z] CONSUMPTION (TUKETIM) VERISI CEKILIYOR...
[2026-08-19T03:00:04.089Z] ------------------------------------------------------------
[2026-08-19T03:00:04.726Z] ✅ 48 Consumption kaydi eklendi
[2026-08-19T03:00:04.726Z] ============================================================
[2026-08-19T03:00:04.726Z] CATCH-UP SYNC TAMAMLANDI
[2026-08-19T03:00:04.726Z] ============================================================
[2026-08-19T03:00:04.727Z] Toplam MCP kaydi: 24912
[2026-08-19T03:00:04.728Z] Toplam Generation kaydi: 24904
[2026-08-19T03:00:04.729Z] Toplam Consumption kaydi: 24912
[2026-08-19T03:00:04.729Z] ============================================================
[2026-08-19T03:00:04.729Z] 🔄 WAL checkpoint yapiliyor (degisiklikleri DB dosyasina yazma)...
[2026-08-19T03:00:04.735Z] ✅ WAL checkpoint tamamlandi
[2026-08-19T03:00:04.736Z] Catch-up sync tamamlandi
[2026-08-20T02:59:28.638Z] ============================================================
[2026-08-20T02:59:28.638Z] CATCH-UP SYNC - Eksik Gun Doldurma
[2026-08-20T02:59:28.638Z] ============================================================
[2026-08-20T02:59:28.639Z] En son veri tarihi: 2026-08-18T23:00:00+03:00
[2026-08-20T02:59:28.655Z] Kontrol araligi: 2026-08-19 - 2026-08-19 (dahil)
[2026-08-20T02:59:28.655Z] ⚠️  1 eksik gun bulundu: 2026-08-19 - 2026-08-19
[2026-08-20T02:59:28.655Z] ------------------------------------------------------------
[2026-08-20T02:59:28.656Z] MCP (FIYAT) VERISI CEKILIYOR...
[2026-08-20T02:59:28.656Z] ------------------------------------------------------------
[2026-08-20T02:59:30.646Z] ✅ 24 MCP kaydi eklendi
[2026-08-20T02:59:30.647Z] ------------------------------------------------------------
[2026-08-20T02:59:30.647Z] GENERATION (URETIM) VERISI CEKILIYOR...
[2026-08-20T02:59:30.647Z] ------------------------------------------------------------
[2026-08-20T02:59:30.647Z] 1 parca halinde cekilecek (API limiti 30 gun)
[2026-08-20T02:59:30.647Z] Parca 1/1: 2026-08-19 - 2026-08-19
[2026-08-20T02:59:31.102Z] ✅ 24 Generation kaydi eklendi
[2026-08-20T02:59:31.102Z] Toplam 24 Generation kaydi eklendi
[2026-08-20T02:59:31.102Z] ------------------------------------------------------------
[2026-08-20T02:59:31.102Z] CONSUMPTION (TUKETIM) VERISI CEKILIYOR...
[2026-08-20T02:59:31.102Z] ------------------------------------------------------------
[2026-08-20T02:59:31.567Z] ✅ 24 Consumption kaydi eklendi
[2026-08-20T02:59:31.567Z] ============================================================
[2026-08-20T02:59:31.567Z] CATCH-UP SYNC TAMAMLANDI
[2026-08-20T02:59:31.567Z] ============================================================
[2026-08-20T02:59:31.568Z] Toplam MCP kaydi: 24936
[2026-08-20T02:59:31.569Z] Toplam Generation kaydi: 24928
[2026-08-20T02:59:31.570Z] Toplam Consumption kaydi: 24936
[2026-08-20T02:59:31.570Z] ============================================================
[2026-08-20T02:59:31.570Z] 🔄 WAL checkpoint yapiliyor (degisiklikleri DB dosyasina yazma)...
[2026-08-20T02:59:31.576Z] ✅ WAL checkpoint tamamlandi
[2026-08-20T02:59:31.576Z] Catch-up sync tamamlandi
[2026-08-21T03:05:43.328Z] ============================================================
[2026-08-21T03:05:43.329Z] CATCH-UP SYNC - Eksik Gun Doldurma
[2026-08-21T03:05:43.329Z] ============================================================
[2026-08-21T03:05:43.329Z] En son veri tarihi: 2026-08-19T23:00:00+03:00
[2026-08-21T03:05:43.345Z] Kontrol araligi: 2026-08-20 - 2026-08-20 (dahil)
[2026-08-21T03:05:43.346Z] ⚠️  1 eksik gun bulundu: 2026-08-20 - 2026-08-20
[2026-08-21T03:05:43.346Z] ------------------------------------------------------------
[2026-08-21T03:05:43.346Z] MCP (FIYAT) VERISI CEKILIYOR...
[2026-08-21T03:05:43.346Z] ------------------------------------------------------------
[2026-08-21T03:05:45.783Z] ✅ 24 MCP kaydi eklendi
[2026-08-21T03:05:45.784Z] ------------------------------------------------------------
[2026-08-21T03:05:45.784Z] GENERATION (URETIM) VERISI CEKILIYOR...
[2026-08-21T03:05:45.784Z] ------------------------------------------------------------
[2026-08-21T03:05:45.784Z] 1 parca halinde cekilecek (API limiti 30 gun)
[2026-08-21T03:05:45.784Z] Parca 1/1: 2026-08-20 - 2026-08-20
[2026-08-21T03:05:46.378Z] ✅ 24 Generation kaydi eklendi
[2026-08-21T03:05:46.378Z] Toplam 24 Generation kaydi eklendi
[2026-08-21T03:05:46.378Z] ------------------------------------------------------------
[2026-08-21T03:05:46.378Z] CONSUMPTION (TUKETIM) VERISI CEKILIYOR...
[2026-08-21T03:05:46.379Z] ------------------------------------------------------------
[2026-08-21T03:05:46.878Z] ✅ 24 Consumption kaydi eklendi
[2026-08-21T03:05:46.878Z] ============================================================
[2026-08-21T03:05:46.878Z] CATCH-UP SYNC TAMAMLANDI
[2026-08-21T03:05:46.878Z] ============================================================
[2026-08-21T03:05:46.879Z] Toplam MCP kaydi: 24960
[2026-08-21T03:05:46.880Z] Toplam Generation kaydi: 24952
[2026-08-21T03:05:46.881Z] Toplam Consumption kaydi: 24960
[2026-08-21T03:05:46.881Z] ============================================================
[2026-08-21T03:05:46.881Z] 🔄 WAL checkpoint yapiliyor (degisiklikleri DB dosyasina yazma)...
[2026-08-21T03:05:46.883Z] ✅ WAL checkpoint tamamlandi
[2026-08-21T03:05:46.884Z] Catch-up sync tamamlandi
[2026-08-22T02:56:50.470Z] ============================================================
[2026-08-22T02:56:50.471Z] CATCH-UP SYNC - Eksik Gun Doldurma
[2026-08-22T02:56:50.471Z] ============================================================
[2026-08-22T02:56:50.471Z] En son veri tarihi: 2026-08-20T23:00:00+03:00
[2026-08-22T02:56:50.484Z] Kontrol araligi: 2026-08-21 - 2026-08-21 (dahil)
[2026-08-22T02:56:50.485Z] ⚠️  1 eksik gun bulundu: 2026-08-21 - 2026-08-21
[2026-08-22T02:56:50.485Z] ------------------------------------------------------------
[2026-08-22T02:56:50.485Z] MCP (FIYAT) VERISI CEKILIYOR...
[2026-08-22T02:56:50.485Z] ------------------------------------------------------------
[2026-08-22T02:56:52.411Z] ✅ 24 MCP kaydi eklendi
[2026-08-22T02:56:52.411Z] ------------------------------------------------------------
[2026-08-22T02:56:52.411Z] GENERATION (URETIM) VERISI CEKILIYOR...
[2026-08-22T02:56:52.411Z] ------------------------------------------------------------
[2026-08-22T02:56:52.411Z] 1 parca halinde cekilecek (API limiti 30 gun)
[2026-08-22T02:56:52.411Z] Parca 1/1: 2026-08-21 - 2026-08-21
[2026-08-22T02:56:53.114Z] ✅ 24 Generation kaydi eklendi
[2026-08-22T02:56:53.114Z] Toplam 24 Generation kaydi eklendi
[2026-08-22T02:56:53.114Z] ------------------------------------------------------------
[2026-08-22T02:56:53.114Z] CONSUMPTION (TUKETIM) VERISI CEKILIYOR...
[2026-08-22T02:56:53.114Z] ------------------------------------------------------------
[2026-08-22T02:56:53.693Z] ✅ 24 Consumption kaydi eklendi
[2026-08-22T02:56:53.693Z] ============================================================
[2026-08-22T02:56:53.693Z] CATCH-UP SYNC TAMAMLANDI
[2026-08-22T02:56:53.693Z] ============================================================
[2026-08-22T02:56:53.694Z] Toplam MCP kaydi: 24984
[2026-08-22T02:56:53.695Z] Toplam Generation kaydi: 24976
[2026-08-22T02:56:53.695Z] Toplam Consumption kaydi: 24984
[2026-08-22T02:56:53.695Z] ============================================================
[2026-08-22T02:56:53.695Z] 🔄 WAL checkpoint yapiliyor (degisiklikleri DB dosyasina yazma)...
[2026-08-22T02:56:53.698Z] ✅ WAL checkpoint tamamlandi
[2026-08-22T02:56:53.699Z] Catch-up sync tamamlandi
[2026-08-24T03:06:21.150Z] ============================================================
[2026-08-24T03:06:21.150Z] CATCH-UP SYNC - Eksik Gun Doldurma
[2026-08-24T03:06:21.150Z] ============================================================
[2026-08-24T03:06:21.151Z] En son veri tarihi: 2026-08-21T23:00:00+03:00
[2026-08-24T03:06:21.167Z] Kontrol araligi: 2026-08-22 - 2026-08-23 (dahil)
[2026-08-24T03:06:21.168Z] ⚠️  2 eksik gun bulundu: 2026-08-22 - 2026-08-23
[2026-08-24T03:06:21.168Z] ------------------------------------------------------------
[2026-08-24T03:06:21.168Z] MCP (FIYAT) VERISI CEKILIYOR...
[2026-08-24T03:06:21.168Z] ------------------------------------------------------------
[2026-08-24T03:06:23.284Z] ✅ 48 MCP kaydi eklendi
[2026-08-24T03:06:23.285Z] ------------------------------------------------------------
[2026-08-24T03:06:23.285Z] GENERATION (URETIM) VERISI CEKILIYOR...
[2026-08-24T03:06:23.285Z] ------------------------------------------------------------
[2026-08-24T03:06:23.285Z] 1 parca halinde cekilecek (API limiti 30 gun)
[2026-08-24T03:06:23.285Z] Parca 1/1: 2026-08-22 - 2026-08-23
[2026-08-24T03:06:24.184Z] ✅ 48 Generation kaydi eklendi
[2026-08-24T03:06:24.184Z] Toplam 48 Generation kaydi eklendi
[2026-08-24T03:06:24.184Z] ------------------------------------------------------------
[2026-08-24T03:06:24.184Z] CONSUMPTION (TUKETIM) VERISI CEKILIYOR...
[2026-08-24T03:06:24.184Z] ------------------------------------------------------------
[2026-08-24T03:06:24.719Z] ✅ 48 Consumption kaydi eklendi
[2026-08-24T03:06:24.719Z] ============================================================
[2026-08-24T03:06:24.719Z] CATCH-UP SYNC TAMAMLANDI
[2026-08-24T03:06:24.720Z] ============================================================
[2026-08-24T03:06:24.720Z] Toplam MCP kaydi: 25032
[2026-08-24T03:06:24.721Z] Toplam Generation kaydi: 25024
[2026-08-24T03:06:24.722Z] Toplam Consumption kaydi: 25032
[2026-08-24T03:06:24.722Z] ============================================================
[2026-08-24T03:06:24.722Z] 🔄 WAL checkpoint yapiliyor (degisiklikleri DB dosyasina yazma)...
[2026-08-24T03:06:24.726Z] ✅ WAL checkpoint tamamlandi
[2026-08-24T03:06:24.727Z] Catch-up sync tamamlandi
[2026-08-25T03:01:35.808Z] ============================================================
[2026-08-25T03:01:35.809Z] CATCH-UP SYNC - Eksik Gun Doldurma
[2026-08-25T03:01:35.809Z] ============================================================
[2026-08-25T03:01:35.809Z] En son veri tarihi: 2026-08-23T23:00:00+03:00
[2026-08-25T03:01:35.825Z] Kontrol araligi: 2026-08-24 - 2026-08-24 (dahil)
[2026-08-25T03:01:35.826Z] ⚠️  1 eksik gun bulundu: 2026-08-24 - 2026-08-24
[2026-08-25T03:01:35.826Z] ------------------------------------------------------------
[2026-08-25T03:01:35.826Z] MCP (FIYAT) VERISI CEKILIYOR...
[2026-08-25T03:01:35.826Z] ------------------------------------------------------------
[2026-08-25T03:01:37.866Z] ✅ 24 MCP kaydi eklendi
[2026-08-25T03:01:37.866Z] ------------------------------------------------------------
[2026-08-25T03:01:37.866Z] GENERATION (URETIM) VERISI CEKILIYOR...
[2026-08-25T03:01:37.866Z] ------------------------------------------------------------
[2026-08-25T03:01:37.866Z] 1 parca halinde cekilecek (API limiti 30 gun)
[2026-08-25T03:01:37.867Z] Parca 1/1: 2026-08-24 - 2026-08-24
[2026-08-25T03:01:38.419Z] ✅ 24 Generation kaydi eklendi
[2026-08-25T03:01:38.419Z] Toplam 24 Generation kaydi eklendi
[2026-08-25T03:01:38.419Z] ------------------------------------------------------------
[2026-08-25T03:01:38.419Z] CONSUMPTION (TUKETIM) VERISI CEKILIYOR...
[2026-08-25T03:01:38.420Z] ------------------------------------------------------------
[2026-08-25T03:01:38.941Z] ✅ 24 Consumption kaydi eklendi
[2026-08-25T03:01:38.941Z] ============================================================
[2026-08-25T03:01:38.941Z] CATCH-UP SYNC TAMAMLANDI
[2026-08-25T03:01:38.941Z] ============================================================
[2026-08-25T03:01:38.942Z] Toplam MCP kaydi: 25056
[2026-08-25T03:01:38.943Z] Toplam Generation kaydi: 25048
[2026-08-25T03:01:38.944Z] Toplam Consumption kaydi: 25056
[2026-08-25T03:01:38.944Z] ============================================================
[2026-08-25T03:01:38.944Z] 🔄 WAL checkpoint yapiliyor (degisiklikleri DB dosyasina yazma)...
[2026-08-25T03:01:38.947Z] ✅ WAL checkpoint tamamlandi
[2026-08-25T03:01:38.947Z] Catch-up sync tamamlandi
[2026-08-26T03:08:13.085Z] ============================================================
[2026-08-26T03:08:13.085Z] CATCH-UP SYNC - Eksik Gun Doldurma
[2026-08-26T03:08:13.085Z] ============================================================
[2026-08-26T03:08:13.086Z] En son veri tarihi: 2026-08-24T23:00:00+03:00
[2026-08-26T03:08:13.099Z] Kontrol araligi: 2026-08-25 - 2026-08-25 (dahil)
[2026-08-26T03:08:13.100Z] ⚠️  1 eksik gun bulundu: 2026-08-25 - 2026-08-25
[2026-08-26T03:08:13.100Z] ------------------------------------------------------------
[2026-08-26T03:08:13.100Z] MCP (FIYAT) VERISI CEKILIYOR...
[2026-08-26T03:08:13.100Z] ------------------------------------------------------------
[2026-08-26T03:08:15.208Z] ✅ 24 MCP kaydi eklendi
[2026-08-26T03:08:15.208Z] ------------------------------------------------------------
[2026-08-26T03:08:15.208Z] GENERATION (URETIM) VERISI CEKILIYOR...
[2026-08-26T03:08:15.208Z] ------------------------------------------------------------
[2026-08-26T03:08:15.208Z] 1 parca halinde cekilecek (API limiti 30 gun)
[2026-08-26T03:08:15.208Z] Parca 1/1: 2026-08-25 - 2026-08-25
[2026-08-26T03:08:15.766Z] ✅ 24 Generation kaydi eklendi
[2026-08-26T03:08:15.766Z] Toplam 24 Generation kaydi eklendi
[2026-08-26T03:08:15.766Z] ------------------------------------------------------------
[2026-08-26T03:08:15.766Z] CONSUMPTION (TUKETIM) VERISI CEKILIYOR...
[2026-08-26T03:08:15.766Z] ------------------------------------------------------------
[2026-08-26T03:08:16.339Z] ✅ 24 Consumption kaydi eklendi
[2026-08-26T03:08:16.340Z] ============================================================
[2026-08-26T03:08:16.340Z] CATCH-UP SYNC TAMAMLANDI
[2026-08-26T03:08:16.340Z] ============================================================
[2026-08-26T03:08:16.340Z] Toplam MCP kaydi: 25080
[2026-08-26T03:08:16.341Z] Toplam Generation kaydi: 25072
[2026-08-26T03:08:16.342Z] Toplam Consumption kaydi: 25080
[2026-08-26T03:08:16.342Z] ============================================================
[2026-08-26T03:08:16.342Z] 🔄 WAL checkpoint yapiliyor (degisiklikleri DB dosyasina yazma)...
[2026-08-26T03:08:16.493Z] ✅ WAL checkpoint tamamlandi
[2026-08-26T03:08:16.493Z] Catch-up sync tamamlandi
[2026-08-27T12:36:51.190Z] ============================================================
[2026-08-27T12:36:51.191Z] CATCH-UP SYNC - Eksik Gun Doldurma
[2026-08-27T12:36:51.191Z] ============================================================
[2026-08-27T12:36:51.191Z] En son veri tarihi: 2026-08-25T23:00:00+03:00
[2026-08-27T12:36:51.207Z] Kontrol araligi: 2026-08-26 - 2026-08-26 (dahil)
[2026-08-27T12:36:51.208Z] ⚠️  1 eksik gun bulundu: 2026-08-26 - 2026-08-26
[2026-08-27T12:36:51.208Z] ------------------------------------------------------------
[2026-08-27T12:36:51.208Z] MCP (FIYAT) VERISI CEKILIYOR...
[2026-08-27T12:36:51.208Z] ------------------------------------------------------------
[2026-08-27T12:36:53.341Z] ✅ 24 MCP kaydi eklendi
[2026-08-27T12:36:53.341Z] ------------------------------------------------------------
[2026-08-27T12:36:53.341Z] GENERATION (URETIM) VERISI CEKILIYOR...
[2026-08-27T12:36:53.341Z] ------------------------------------------------------------
[2026-08-27T12:36:53.342Z] 1 parca halinde cekilecek (API limiti 30 gun)
[2026-08-27T12:36:53.342Z] Parca 1/1: 2026-08-26 - 2026-08-26
[2026-08-27T12:36:53.943Z] ✅ 24 Generation kaydi eklendi
[2026-08-27T12:36:53.943Z] Toplam 24 Generation kaydi eklendi
[2026-08-27T12:36:53.944Z] ------------------------------------------------------------
[2026-08-27T12:36:53.944Z] CONSUMPTION (TUKETIM) VERISI CEKILIYOR...
[2026-08-27T12:36:53.944Z] ------------------------------------------------------------
[2026-08-27T12:36:54.508Z] ✅ 24 Consumption kaydi eklendi
[2026-08-27T12:36:54.508Z] ============================================================
[2026-08-27T12:36:54.508Z] CATCH-UP SYNC TAMAMLANDI
[2026-08-27T12:36:54.508Z] ============================================================
[2026-08-27T12:36:54.509Z] Toplam MCP kaydi: 25104
[2026-08-27T12:36:54.510Z] Toplam Generation kaydi: 25096
[2026-08-27T12:36:54.511Z] Toplam Consumption kaydi: 25104
[2026-08-27T12:36:54.512Z] ============================================================
[2026-08-27T12:36:54.512Z] 🔄 WAL checkpoint yapiliyor (degisiklikleri DB dosyasina yazma)...
[2026-08-27T12:36:54.519Z] ✅ WAL checkpoint tamamlandi
[2026-08-27T12:36:54.519Z] Catch-up sync tamamlandi
[2026-08-28T14:08:47.742Z] ============================================================
[2026-08-28T14:08:47.742Z] CATCH-UP SYNC - Eksik Gun Doldurma
[2026-08-28T14:08:47.743Z] ============================================================
[2026-08-28T14:08:47.743Z] En son veri tarihi: 2026-08-26T23:00:00+03:00
[2026-08-28T14:08:47.759Z] Kontrol araligi: 2026-08-27 - 2026-08-27 (dahil)
[2026-08-28T14:08:47.760Z] ⚠️  1 eksik gun bulundu: 2026-08-27 - 2026-08-27
[2026-08-28T14:08:47.760Z] ------------------------------------------------------------
[2026-08-28T14:08:47.760Z] MCP (FIYAT) VERISI CEKILIYOR...
[2026-08-28T14:08:47.760Z] ------------------------------------------------------------
[2026-08-28T14:08:49.390Z] ✅ 24 MCP kaydi eklendi
[2026-08-28T14:08:49.390Z] ------------------------------------------------------------
[2026-08-28T14:08:49.390Z] GENERATION (URETIM) VERISI CEKILIYOR...
[2026-08-28T14:08:49.390Z] ------------------------------------------------------------
[2026-08-28T14:08:49.390Z] 1 parca halinde cekilecek (API limiti 30 gun)
[2026-08-28T14:08:49.390Z] Parca 1/1: 2026-08-27 - 2026-08-27
[2026-08-28T14:08:49.987Z] ✅ 24 Generation kaydi eklendi
[2026-08-28T14:08:49.987Z] Toplam 24 Generation kaydi eklendi
[2026-08-28T14:08:49.987Z] ------------------------------------------------------------
[2026-08-28T14:08:49.987Z] CONSUMPTION (TUKETIM) VERISI CEKILIYOR...
[2026-08-28T14:08:49.987Z] ------------------------------------------------------------
[2026-08-28T14:08:50.451Z] ✅ 24 Consumption kaydi eklendi
[2026-08-28T14:08:50.451Z] ============================================================
[2026-08-28T14:08:50.451Z] CATCH-UP SYNC TAMAMLANDI
[2026-08-28T14:08:50.451Z] ============================================================
[2026-08-28T14:08:50.452Z] Toplam MCP kaydi: 25128
[2026-08-28T14:08:50.453Z] Toplam Generation kaydi: 25120
[2026-08-28T14:08:50.454Z] Toplam Consumption kaydi: 25128
[2026-08-28T14:08:50.454Z] ============================================================
[2026-08-28T14:08:50.454Z] 🔄 WAL checkpoint yapiliyor (degisiklikleri DB dosyasina yazma)...
[2026-08-28T14:08:50.457Z] ✅ WAL checkpoint tamamlandi
[2026-08-28T14:08:50.457Z] Catch-up sync tamamlandi
[2026-08-29T08:46:02.273Z] ============================================================
[2026-08-29T08:46:02.273Z] CATCH-UP SYNC - Eksik Gun Doldurma
[2026-08-29T08:46:02.273Z] ============================================================
[2026-08-29T08:46:02.274Z] En son veri tarihi: 2026-08-27T23:00:00+03:00
[2026-08-29T08:46:02.289Z] Kontrol araligi: 2026-08-28 - 2026-08-28 (dahil)
[2026-08-29T08:46:02.290Z] ⚠️  1 eksik gun bulundu: 2026-08-28 - 2026-08-28
[2026-08-29T08:46:02.290Z] ------------------------------------------------------------
[2026-08-29T08:46:02.290Z] MCP (FIYAT) VERISI CEKILIYOR...
[2026-08-29T08:46:02.290Z] ------------------------------------------------------------
[2026-08-29T08:46:03.927Z] ✅ 24 MCP kaydi eklendi
[2026-08-29T08:46:03.927Z] ------------------------------------------------------------
[2026-08-29T08:46:03.927Z] GENERATION (URETIM) VERISI CEKILIYOR...
[2026-08-29T08:46:03.927Z] ------------------------------------------------------------
[2026-08-29T08:46:03.927Z] 1 parca halinde cekilecek (API limiti 30 gun)
[2026-08-29T08:46:03.927Z] Parca 1/1: 2026-08-28 - 2026-08-28
[2026-08-29T08:46:04.433Z] ✅ 24 Generation kaydi eklendi
[2026-08-29T08:46:04.433Z] Toplam 24 Generation kaydi eklendi
[2026-08-29T08:46:04.433Z] ------------------------------------------------------------
[2026-08-29T08:46:04.433Z] CONSUMPTION (TUKETIM) VERISI CEKILIYOR...
[2026-08-29T08:46:04.433Z] ------------------------------------------------------------
[2026-08-29T08:46:04.914Z] ✅ 24 Consumption kaydi eklendi
[2026-08-29T08:46:04.914Z] ============================================================
[2026-08-29T08:46:04.914Z] CATCH-UP SYNC TAMAMLANDI
[2026-08-29T08:46:04.914Z] ============================================================
[2026-08-29T08:46:04.915Z] Toplam MCP kaydi: 25152
[2026-08-29T08:46:04.916Z] Toplam Generation kaydi: 25144
[2026-08-29T08:46:04.917Z] Toplam Consumption kaydi: 25152
[2026-08-29T08:46:04.917Z] ============================================================
[2026-08-29T08:46:04.917Z] 🔄 WAL checkpoint yapiliyor (degisiklikleri DB dosyasina yazma)...
[2026-08-29T08:46:04.919Z] ✅ WAL checkpoint tamamlandi
[2026-08-29T08:46:04.920Z] Catch-up sync tamamlandi
[2026-08-30T08:04:10.278Z] ============================================================
[2026-08-30T08:04:10.278Z] CATCH-UP SYNC - Eksik Gun Doldurma
[2026-08-30T08:04:10.278Z] ============================================================
[2026-08-30T08:04:10.279Z] En son veri tarihi: 2026-08-28T23:00:00+03:00
[2026-08-30T08:04:10.295Z] Kontrol araligi: 2026-08-29 - 2026-08-29 (dahil)
[2026-08-30T08:04:10.295Z] ⚠️  1 eksik gun bulundu: 2026-08-29 - 2026-08-29
[2026-08-30T08:04:10.296Z] ------------------------------------------------------------
[2026-08-30T08:04:10.296Z] MCP (FIYAT) VERISI CEKILIYOR...
[2026-08-30T08:04:10.296Z] ------------------------------------------------------------
[2026-08-30T08:04:11.923Z] ✅ 24 MCP kaydi eklendi
[2026-08-30T08:04:11.924Z] ------------------------------------------------------------
[2026-08-30T08:04:11.924Z] GENERATION (URETIM) VERISI CEKILIYOR...
[2026-08-30T08:04:11.924Z] ------------------------------------------------------------
[2026-08-30T08:04:11.924Z] 1 parca halinde cekilecek (API limiti 30 gun)
[2026-08-30T08:04:11.924Z] Parca 1/1: 2026-08-29 - 2026-08-29
[2026-08-30T08:04:12.780Z] ✅ 24 Generation kaydi eklendi
[2026-08-30T08:04:12.780Z] Toplam 24 Generation kaydi eklendi
[2026-08-30T08:04:12.780Z] ------------------------------------------------------------
[2026-08-30T08:04:12.780Z] CONSUMPTION (TUKETIM) VERISI CEKILIYOR...
[2026-08-30T08:04:12.780Z] ------------------------------------------------------------
[2026-08-30T08:04:13.307Z] ✅ 24 Consumption kaydi eklendi
[2026-08-30T08:04:13.307Z] ============================================================
[2026-08-30T08:04:13.307Z] CATCH-UP SYNC TAMAMLANDI
[2026-08-30T08:04:13.307Z] ============================================================
[2026-08-30T08:04:13.308Z] Toplam MCP kaydi: 25176
[2026-08-30T08:04:13.310Z] Toplam Generation kaydi: 25168
[2026-08-30T08:04:13.311Z] Toplam Consumption kaydi: 25176
[2026-08-30T08:04:13.311Z] ============================================================
[2026-08-30T08:04:13.311Z] 🔄 WAL checkpoint yapiliyor (degisiklikleri DB dosyasina yazma)...
[2026-08-30T08:04:13.593Z] ✅ WAL checkpoint tamamlandi
[2026-08-30T08:04:13.595Z] Catch-up sync tamamlandi
[2026-08-31T08:22:12.156Z] ============================================================
[2026-08-31T08:22:12.156Z] CATCH-UP SYNC - Eksik Gun Doldurma
[2026-08-31T08:22:12.156Z] ============================================================
[2026-08-31T08:22:12.157Z] En son veri tarihi: 2026-08-29T23:00:00+03:00
[2026-08-31T08:22:12.172Z] Kontrol araligi: 2026-08-30 - 2026-08-30 (dahil)
[2026-08-31T08:22:12.173Z] ⚠️  1 eksik gun bulundu: 2026-08-30 - 2026-08-30
[2026-08-31T08:22:12.173Z] ------------------------------------------------------------
[2026-08-31T08:22:12.173Z] MCP (FIYAT) VERISI CEKILIYOR...
[2026-08-31T08:22:12.173Z] ------------------------------------------------------------
[2026-08-31T08:22:13.923Z] ✅ 24 MCP kaydi eklendi
[2026-08-31T08:22:13.923Z] ------------------------------------------------------------
[2026-08-31T08:22:13.923Z] GENERATION (URETIM) VERISI CEKILIYOR...
[2026-08-31T08:22:13.923Z] ------------------------------------------------------------
[2026-08-31T08:22:13.924Z] 1 parca halinde cekilecek (API limiti 30 gun)
[2026-08-31T08:22:13.924Z] Parca 1/1: 2026-08-30 - 2026-08-30
[2026-08-31T08:22:14.675Z] ✅ 24 Generation kaydi eklendi
[2026-08-31T08:22:14.675Z] Toplam 24 Generation kaydi eklendi
[2026-08-31T08:22:14.675Z] ------------------------------------------------------------
[2026-08-31T08:22:14.675Z] CONSUMPTION (TUKETIM) VERISI CEKILIYOR...
[2026-08-31T08:22:14.675Z] ------------------------------------------------------------
[2026-08-31T08:22:15.187Z] ✅ 24 Consumption kaydi eklendi
[2026-08-31T08:22:15.187Z] ============================================================
[2026-08-31T08:22:15.187Z] CATCH-UP SYNC TAMAMLANDI
[2026-08-31T08:22:15.187Z] ============================================================
[2026-08-31T08:22:15.188Z] Toplam MCP kaydi: 25200
[2026-08-31T08:22:15.190Z] Toplam Generation kaydi: 25192
[2026-08-31T08:22:15.191Z] Toplam Consumption kaydi: 25200
[2026-08-31T08:22:15.191Z] ============================================================
[2026-08-31T08:22:15.191Z] 🔄 WAL checkpoint yapiliyor (degisiklikleri DB dosyasina yazma)...
[2026-08-31T08:22:15.195Z] ✅ WAL checkpoint tamamlandi
[2026-08-31T08:22:15.196Z] Catch-up sync tamamlandi
[2026-09-01T07:30:18.039Z] ============================================================
[2026-09-01T07:30:18.040Z] CATCH-UP SYNC - Eksik Gun Doldurma
[2026-09-01T07:30:18.040Z] ============================================================
[2026-09-01T07:30:18.040Z] En son veri tarihi: 2026-08-30T23:00:00+03:00
[2026-09-01T07:30:18.053Z] Kontrol araligi: 2026-08-31 - 2026-08-31 (dahil)
[2026-09-01T07:30:18.053Z] ⚠️  1 eksik gun bulundu: 2026-08-31 - 2026-08-31
[2026-09-01T07:30:18.053Z] ------------------------------------------------------------
[2026-09-01T07:30:18.053Z] MCP (FIYAT) VERISI CEKILIYOR...
[2026-09-01T07:30:18.053Z] ------------------------------------------------------------
[2026-09-01T07:30:20.047Z] ✅ 24 MCP kaydi eklendi
[2026-09-01T07:30:20.047Z] ------------------------------------------------------------
[2026-09-01T07:30:20.047Z] GENERATION (URETIM) VERISI CEKILIYOR...
[2026-09-01T07:30:20.047Z] ------------------------------------------------------------
[2026-09-01T07:30:20.048Z] 1 parca halinde cekilecek (API limiti 30 gun)
[2026-09-01T07:30:20.048Z] Parca 1/1: 2026-08-31 - 2026-08-31
[2026-09-01T07:30:20.710Z] ✅ 24 Generation kaydi eklendi
[2026-09-01T07:30:20.710Z] Toplam 24 Generation kaydi eklendi
[2026-09-01T07:30:20.710Z] ------------------------------------------------------------
[2026-09-01T07:30:20.710Z] CONSUMPTION (TUKETIM) VERISI CEKILIYOR...
[2026-09-01T07:30:20.710Z] ------------------------------------------------------------
[2026-09-01T07:30:21.250Z] ✅ 24 Consumption kaydi eklendi
[2026-09-01T07:30:21.250Z] ============================================================
[2026-09-01T07:30:21.250Z] CATCH-UP SYNC TAMAMLANDI
[2026-09-01T07:30:21.250Z] ============================================================
[2026-09-01T07:30:21.251Z] Toplam MCP kaydi: 25224
[2026-09-01T07:30:21.252Z] Toplam Generation kaydi: 25216
[2026-09-01T07:30:21.253Z] Toplam Consumption kaydi: 25224
[2026-09-01T07:30:21.253Z] ============================================================
[2026-09-01T07:30:21.253Z] 🔄 WAL checkpoint yapiliyor (degisiklikleri DB dosyasina yazma)...
[2026-09-01T07:30:21.351Z] ✅ WAL checkpoint tamamlandi
[2026-09-01T07:30:21.352Z] Catch-up sync tamamlandi
[2026-09-02T06:56:49.926Z] ============================================================
[2026-09-02T06:56:49.927Z] CATCH-UP SYNC - Eksik Gun Doldurma
[2026-09-02T06:56:49.927Z] ============================================================
[2026-09-02T06:56:49.927Z] En son veri tarihi: 2026-08-31T23:00:00+03:00
[2026-09-02T06:56:49.944Z] Kontrol araligi: 2026-09-01 - 2026-09-01 (dahil)
[2026-09-02T06:56:49.945Z] ⚠️  1 eksik gun bulundu: 2026-09-01 - 2026-09-01
[2026-09-02T06:56:49.945Z] ------------------------------------------------------------
[2026-09-02T06:56:49.945Z] MCP (FIYAT) VERISI CEKILIYOR...
[2026-09-02T06:56:49.945Z] ------------------------------------------------------------
[2026-09-02T06:56:51.978Z] ✅ 24 MCP kaydi eklendi
[2026-09-02T06:56:51.978Z] ------------------------------------------------------------
[2026-09-02T06:56:51.978Z] GENERATION (URETIM) VERISI CEKILIYOR...
[2026-09-02T06:56:51.978Z] ------------------------------------------------------------
[2026-09-02T06:56:51.978Z] 1 parca halinde cekilecek (API limiti 30 gun)
[2026-09-02T06:56:51.979Z] Parca 1/1: 2026-09-01 - 2026-09-01
[2026-09-02T06:56:52.590Z] ✅ 24 Generation kaydi eklendi
[2026-09-02T06:56:52.590Z] Toplam 24 Generation kaydi eklendi
[2026-09-02T06:56:52.590Z] ------------------------------------------------------------
[2026-09-02T06:56:52.590Z] CONSUMPTION (TUKETIM) VERISI CEKILIYOR...
[2026-09-02T06:56:52.590Z] ------------------------------------------------------------
[2026-09-02T06:56:53.463Z] ✅ 24 Consumption kaydi eklendi
[2026-09-02T06:56:53.463Z] ============================================================
[2026-09-02T06:56:53.463Z] CATCH-UP SYNC TAMAMLANDI
[2026-09-02T06:56:53.463Z] ============================================================
[2026-09-02T06:56:53.464Z] Toplam MCP kaydi: 25248
[2026-09-02T06:56:53.465Z] Toplam Generation kaydi: 25240
[2026-09-02T06:56:53.466Z] Toplam Consumption kaydi: 25248
[2026-09-02T06:56:53.466Z] ============================================================
[2026-09-02T06:56:53.466Z] 🔄 WAL checkpoint yapiliyor (degisiklikleri DB dosyasina yazma)...
[2026-09-02T06:56:53.585Z] ✅ WAL checkpoint tamamlandi
[2026-09-02T06:56:53.586Z] Catch-up sync tamamlandi
[2026-09-03T07:00:11.931Z] ============================================================
[2026-09-03T07:00:11.931Z] CATCH-UP SYNC - Eksik Gun Doldurma
[2026-09-03T07:00:11.931Z] ============================================================
[2026-09-03T07:00:11.932Z] En son veri tarihi: 2026-09-01T23:00:00+03:00
[2026-09-03T07:00:11.949Z] Kontrol araligi: 2026-09-02 - 2026-09-02 (dahil)
[2026-09-03T07:00:11.950Z] ⚠️  1 eksik gun bulundu: 2026-09-02 - 2026-09-02
[2026-09-03T07:00:11.950Z] ------------------------------------------------------------
[2026-09-03T07:00:11.950Z] MCP (FIYAT) VERISI CEKILIYOR...
[2026-09-03T07:00:11.950Z] ------------------------------------------------------------
[2026-09-03T07:00:13.787Z] ✅ 24 MCP kaydi eklendi
[2026-09-03T07:00:13.787Z] ------------------------------------------------------------
[2026-09-03T07:00:13.788Z] GENERATION (URETIM) VERISI CEKILIYOR...
[2026-09-03T07:00:13.788Z] ------------------------------------------------------------
[2026-09-03T07:00:13.788Z] 1 parca halinde cekilecek (API limiti 30 gun)
[2026-09-03T07:00:13.788Z] Parca 1/1: 2026-09-02 - 2026-09-02
[2026-09-03T07:00:14.381Z] ✅ 24 Generation kaydi eklendi
[2026-09-03T07:00:14.381Z] Toplam 24 Generation kaydi eklendi
[2026-09-03T07:00:14.381Z] ------------------------------------------------------------
[2026-09-03T07:00:14.381Z] CONSUMPTION (TUKETIM) VERISI CEKILIYOR...
[2026-09-03T07:00:14.381Z] ------------------------------------------------------------
[2026-09-03T07:00:15.141Z] ✅ 24 Consumption kaydi eklendi
[2026-09-03T07:00:15.141Z] ============================================================
[2026-09-03T07:00:15.141Z] CATCH-UP SYNC TAMAMLANDI
[2026-09-03T07:00:15.141Z] ============================================================
[2026-09-03T07:00:15.142Z] Toplam MCP kaydi: 25272
[2026-09-03T07:00:15.143Z] Toplam Generation kaydi: 25264
[2026-09-03T07:00:15.144Z] Toplam Consumption kaydi: 25272
[2026-09-03T07:00:15.144Z] ============================================================
[2026-09-03T07:00:15.144Z] 🔄 WAL checkpoint yapiliyor (degisiklikleri DB dosyasina yazma)...
[2026-09-03T07:00:15.147Z] ✅ WAL checkpoint tamamlandi
[2026-09-03T07:00:15.147Z] Catch-up sync tamamlandi
[2026-09-05T06:48:03.326Z] ============================================================
[2026-09-05T06:48:03.327Z] CATCH-UP SYNC - Eksik Gun Doldurma
[2026-09-05T06:48:03.327Z] ============================================================
[2026-09-05T06:48:03.327Z] En son veri tarihi: 2026-09-02T23:00:00+03:00
[2026-09-05T06:48:03.343Z] Kontrol araligi: 2026-09-03 - 2026-09-04 (dahil)
[2026-09-05T06:48:03.344Z] ⚠️  2 eksik gun bulundu: 2026-09-03 - 2026-09-04
[2026-09-05T06:48:03.344Z] ------------------------------------------------------------
[2026-09-05T06:48:03.344Z] MCP (FIYAT) VERISI CEKILIYOR...
[2026-09-05T06:48:03.344Z] ------------------------------------------------------------
[2026-09-05T06:48:04.922Z] ✅ 48 MCP kaydi eklendi
[2026-09-05T06:48:04.923Z] ------------------------------------------------------------
[2026-09-05T06:48:04.923Z] GENERATION (URETIM) VERISI CEKILIYOR...
[2026-09-05T06:48:04.923Z] ------------------------------------------------------------
[2026-09-05T06:48:04.923Z] 1 parca halinde cekilecek (API limiti 30 gun)
[2026-09-05T06:48:04.923Z] Parca 1/1: 2026-09-03 - 2026-09-04
[2026-09-05T06:48:05.584Z] ✅ 48 Generation kaydi eklendi
[2026-09-05T06:48:05.584Z] Toplam 48 Generation kaydi eklendi
[2026-09-05T06:48:05.584Z] ------------------------------------------------------------
[2026-09-05T06:48:05.584Z] CONSUMPTION (TUKETIM) VERISI CEKILIYOR...
[2026-09-05T06:48:05.584Z] ------------------------------------------------------------
[2026-09-05T06:48:06.050Z] ✅ 48 Consumption kaydi eklendi
[2026-09-05T06:48:06.050Z] ============================================================
[2026-09-05T06:48:06.050Z] CATCH-UP SYNC TAMAMLANDI
[2026-09-05T06:48:06.050Z] ============================================================
[2026-09-05T06:48:06.051Z] Toplam MCP kaydi: 25320
[2026-09-05T06:48:06.053Z] Toplam Generation kaydi: 25312
[2026-09-05T06:48:06.054Z] Toplam Consumption kaydi: 25320
[2026-09-05T06:48:06.054Z] ============================================================
[2026-09-05T06:48:06.054Z] 🔄 WAL checkpoint yapiliyor (degisiklikleri DB dosyasina yazma)...
[2026-09-05T06:48:06.058Z] ✅ WAL checkpoint tamamlandi
[2026-09-05T06:48:06.059Z] Catch-up sync tamamlandi
[2026-09-06T06:58:37.430Z] ============================================================
[2026-09-06T06:58:37.430Z] CATCH-UP SYNC - Eksik Gun Doldurma
[2026-09-06T06:58:37.430Z] ============================================================
[2026-09-06T06:58:37.431Z] En son veri tarihi: 2026-09-04T23:00:00+03:00
[2026-09-06T06:58:37.447Z] Kontrol araligi: 2026-09-05 - 2026-09-05 (dahil)
[2026-09-06T06:58:37.448Z] ⚠️  1 eksik gun bulundu: 2026-09-05 - 2026-09-05
[2026-09-06T06:58:37.448Z] ------------------------------------------------------------
[2026-09-06T06:58:37.448Z] MCP (FIYAT) VERISI CEKILIYOR...
[2026-09-06T06:58:37.448Z] ------------------------------------------------------------
[2026-09-06T06:58:39.363Z] ✅ 24 MCP kaydi eklendi
[2026-09-06T06:58:39.363Z] ------------------------------------------------------------
[2026-09-06T06:58:39.363Z] GENERATION (URETIM) VERISI CEKILIYOR...
[2026-09-06T06:58:39.364Z] ------------------------------------------------------------
[2026-09-06T06:58:39.364Z] 1 parca halinde cekilecek (API limiti 30 gun)
[2026-09-06T06:58:39.364Z] Parca 1/1: 2026-09-05 - 2026-09-05
[2026-09-06T06:58:39.979Z] ✅ 24 Generation kaydi eklendi
[2026-09-06T06:58:39.979Z] Toplam 24 Generation kaydi eklendi
[2026-09-06T06:58:39.979Z] ------------------------------------------------------------
[2026-09-06T06:58:39.979Z] CONSUMPTION (TUKETIM) VERISI CEKILIYOR...
[2026-09-06T06:58:39.979Z] ------------------------------------------------------------
[2026-09-06T06:58:40.428Z] ✅ 24 Consumption kaydi eklendi
[2026-09-06T06:58:40.428Z] ============================================================
[2026-09-06T06:58:40.428Z] CATCH-UP SYNC TAMAMLANDI
[2026-09-06T06:58:40.428Z] ============================================================
[2026-09-06T06:58:40.429Z] Toplam MCP kaydi: 25344
[2026-09-06T06:58:40.430Z] Toplam Generation kaydi: 25336
[2026-09-06T06:58:40.431Z] Toplam Consumption kaydi: 25344
[2026-09-06T06:58:40.432Z] ============================================================
[2026-09-06T06:58:40.432Z] 🔄 WAL checkpoint yapiliyor (degisiklikleri DB dosyasina yazma)...
[2026-09-06T06:58:40.438Z] ✅ WAL checkpoint tamamlandi
[2026-09-06T06:58:40.438Z] Catch-up sync tamamlandi
[2026-09-07T07:08:42.600Z] ============================================================
[2026-09-07T07:08:42.600Z] CATCH-UP SYNC - Eksik Gun Doldurma
[2026-09-07T07:08:42.600Z] ============================================================
[2026-09-07T07:08:42.601Z] En son veri tarihi: 2026-09-05T23:00:00+03:00
[2026-09-07T07:08:42.617Z] Kontrol araligi: 2026-09-06 - 2026-09-06 (dahil)
[2026-09-07T07:08:42.617Z] ⚠️  1 eksik gun bulundu: 2026-09-06 - 2026-09-06
[2026-09-07T07:08:42.617Z] ------------------------------------------------------------
[2026-09-07T07:08:42.617Z] MCP (FIYAT) VERISI CEKILIYOR...
[2026-09-07T07:08:42.618Z] ------------------------------------------------------------
[2026-09-07T07:08:44.452Z] ✅ 24 MCP kaydi eklendi
[2026-09-07T07:08:44.452Z] ------------------------------------------------------------
[2026-09-07T07:08:44.452Z] GENERATION (URETIM) VERISI CEKILIYOR...
[2026-09-07T07:08:44.452Z] ------------------------------------------------------------
[2026-09-07T07:08:44.452Z] 1 parca halinde cekilecek (API limiti 30 gun)
[2026-09-07T07:08:44.452Z] Parca 1/1: 2026-09-06 - 2026-09-06
[2026-09-07T07:08:45.041Z] ✅ 24 Generation kaydi eklendi
[2026-09-07T07:08:45.042Z] Toplam 24 Generation kaydi eklendi
[2026-09-07T07:08:45.042Z] ------------------------------------------------------------
[2026-09-07T07:08:45.042Z] CONSUMPTION (TUKETIM) VERISI CEKILIYOR...
[2026-09-07T07:08:45.042Z] ------------------------------------------------------------
[2026-09-07T07:08:45.650Z] ✅ 24 Consumption kaydi eklendi
[2026-09-07T07:08:45.650Z] ============================================================
[2026-09-07T07:08:45.650Z] CATCH-UP SYNC TAMAMLANDI
[2026-09-07T07:08:45.650Z] ============================================================
[2026-09-07T07:08:45.651Z] Toplam MCP kaydi: 25368
[2026-09-07T07:08:45.652Z] Toplam Generation kaydi: 25360
[2026-09-07T07:08:45.653Z] Toplam Consumption kaydi: 25368
[2026-09-07T07:08:45.653Z] ============================================================
[2026-09-07T07:08:45.653Z] 🔄 WAL checkpoint yapiliyor (degisiklikleri DB dosyasina yazma)...
[2026-09-07T07:08:45.663Z] ✅ WAL checkpoint tamamlandi
[2026-09-07T07:08:45.663Z] Catch-up sync tamamlandi
[2026-09-08T07:03:11.870Z] ============================================================
[2026-09-08T07:03:11.871Z] CATCH-UP SYNC - Eksik Gun Doldurma
[2026-09-08T07:03:11.871Z] ============================================================
[2026-09-08T07:03:11.871Z] En son veri tarihi: 2026-09-06T23:00:00+03:00
[2026-09-08T07:03:11.887Z] Kontrol araligi: 2026-09-07 - 2026-09-07 (dahil)
[2026-09-08T07:03:11.888Z] ⚠️  1 eksik gun bulundu: 2026-09-07 - 2026-09-07
[2026-09-08T07:03:11.888Z] ------------------------------------------------------------
[2026-09-08T07:03:11.888Z] MCP (FIYAT) VERISI CEKILIYOR...
[2026-09-08T07:03:11.888Z] ------------------------------------------------------------
[2026-09-08T07:03:13.459Z] ✅ 24 MCP kaydi eklendi
[2026-09-08T07:03:13.459Z] ------------------------------------------------------------
[2026-09-08T07:03:13.460Z] GENERATION (URETIM) VERISI CEKILIYOR...
[2026-09-08T07:03:13.460Z] ------------------------------------------------------------
[2026-09-08T07:03:13.460Z] 1 parca halinde cekilecek (API limiti 30 gun)
[2026-09-08T07:03:13.460Z] Parca 1/1: 2026-09-07 - 2026-09-07
[2026-09-08T07:03:13.934Z] ✅ 24 Generation kaydi eklendi
[2026-09-08T07:03:13.934Z] Toplam 24 Generation kaydi eklendi
[2026-09-08T07:03:13.934Z] ------------------------------------------------------------
[2026-09-08T07:03:13.934Z] CONSUMPTION (TUKETIM) VERISI CEKILIYOR...
[2026-09-08T07:03:13.934Z] ------------------------------------------------------------
[2026-09-08T07:03:14.432Z] ✅ 24 Consumption kaydi eklendi
[2026-09-08T07:03:14.432Z] ============================================================
[2026-09-08T07:03:14.432Z] CATCH-UP SYNC TAMAMLANDI
[2026-09-08T07:03:14.432Z] ============================================================
[2026-09-08T07:03:14.433Z] Toplam MCP kaydi: 25392
[2026-09-08T07:03:14.434Z] Toplam Generation kaydi: 25384
[2026-09-08T07:03:14.435Z] Toplam Consumption kaydi: 25392
[2026-09-08T07:03:14.435Z] ============================================================
[2026-09-08T07:03:14.435Z] 🔄 WAL checkpoint yapiliyor (degisiklikleri DB dosyasina yazma)...
[2026-09-08T07:03:14.441Z] ✅ WAL checkpoint tamamlandi
[2026-09-08T07:03:14.442Z] Catch-up sync tamamlandi
[2026-09-09T07:12:03.162Z] ============================================================
[2026-09-09T07:12:03.162Z] CATCH-UP SYNC - Eksik Gun Doldurma
[2026-09-09T07:12:03.162Z] ============================================================
[2026-09-09T07:12:03.163Z] En son veri tarihi: 2026-09-07T23:00:00+03:00
[2026-09-09T07:12:03.179Z] Kontrol araligi: 2026-09-08 - 2026-09-08 (dahil)
[2026-09-09T07:12:03.179Z] ⚠️  1 eksik gun bulundu: 2026-09-08 - 2026-09-08
[2026-09-09T07:12:03.179Z] ------------------------------------------------------------
[2026-09-09T07:12:03.179Z] MCP (FIYAT) VERISI CEKILIYOR...
[2026-09-09T07:12:03.179Z] ------------------------------------------------------------
[2026-09-09T07:12:04.800Z] ✅ 24 MCP kaydi eklendi
[2026-09-09T07:12:04.800Z] ------------------------------------------------------------
[2026-09-09T07:12:04.800Z] GENERATION (URETIM) VERISI CEKILIYOR...
[2026-09-09T07:12:04.800Z] ------------------------------------------------------------
[2026-09-09T07:12:04.800Z] 1 parca halinde cekilecek (API limiti 30 gun)
[2026-09-09T07:12:04.800Z] Parca 1/1: 2026-09-08 - 2026-09-08
[2026-09-09T07:12:05.481Z] ✅ 24 Generation kaydi eklendi
[2026-09-09T07:12:05.481Z] Toplam 24 Generation kaydi eklendi
[2026-09-09T07:12:05.481Z] ------------------------------------------------------------
[2026-09-09T07:12:05.481Z] CONSUMPTION (TUKETIM) VERISI CEKILIYOR...
[2026-09-09T07:12:05.481Z] ------------------------------------------------------------
[2026-09-09T07:12:05.925Z] ✅ 24 Consumption kaydi eklendi
[2026-09-09T07:12:05.925Z] ============================================================
[2026-09-09T07:12:05.925Z] CATCH-UP SYNC TAMAMLANDI
[2026-09-09T07:12:05.926Z] ============================================================
[2026-09-09T07:12:05.926Z] Toplam MCP kaydi: 25416
[2026-09-09T07:12:05.927Z] Toplam Generation kaydi: 25408
[2026-09-09T07:12:05.928Z] Toplam Consumption kaydi: 25416
[2026-09-09T07:12:05.928Z] ============================================================
[2026-09-09T07:12:05.928Z] 🔄 WAL checkpoint yapiliyor (degisiklikleri DB dosyasina yazma)...
[2026-09-09T07:12:05.934Z] ✅ WAL checkpoint tamamlandi
[2026-09-09T07:12:05.934Z] Catch-up sync tamamlandi
[2026-09-10T07:08:22.590Z] ============================================================
[2026-09-10T07:08:22.591Z] CATCH-UP SYNC - Eksik Gun Doldurma
[2026-09-10T07:08:22.591Z] ============================================================
[2026-09-10T07:08:22.591Z] En son veri tarihi: 2026-09-08T23:00:00+03:00
[2026-09-10T07:08:22.609Z] Kontrol araligi: 2026-09-09 - 2026-09-09 (dahil)
[2026-09-10T07:08:22.609Z] ⚠️  1 eksik gun bulundu: 2026-09-09 - 2026-09-09
[2026-09-10T07:08:22.609Z] ------------------------------------------------------------
[2026-09-10T07:08:22.609Z] MCP (FIYAT) VERISI CEKILIYOR...
[2026-09-10T07:08:22.609Z] ------------------------------------------------------------
[2026-09-10T07:08:24.803Z] ✅ 24 MCP kaydi eklendi
[2026-09-10T07:08:24.803Z] ------------------------------------------------------------
[2026-09-10T07:08:24.803Z] GENERATION (URETIM) VERISI CEKILIYOR...
[2026-09-10T07:08:24.803Z] ------------------------------------------------------------
[2026-09-10T07:08:24.803Z] 1 parca halinde cekilecek (API limiti 30 gun)
[2026-09-10T07:08:24.803Z] Parca 1/1: 2026-09-09 - 2026-09-09
[2026-09-10T07:08:25.370Z] ✅ 24 Generation kaydi eklendi
[2026-09-10T07:08:25.370Z] Toplam 24 Generation kaydi eklendi
[2026-09-10T07:08:25.370Z] ------------------------------------------------------------
[2026-09-10T07:08:25.370Z] CONSUMPTION (TUKETIM) VERISI CEKILIYOR...
[2026-09-10T07:08:25.370Z] ------------------------------------------------------------
[2026-09-10T07:08:25.892Z] ✅ 24 Consumption kaydi eklendi
[2026-09-10T07:08:25.893Z] ============================================================
[2026-09-10T07:08:25.893Z] CATCH-UP SYNC TAMAMLANDI
[2026-09-10T07:08:25.893Z] ============================================================
[2026-09-10T07:08:25.894Z] Toplam MCP kaydi: 25440
[2026-09-10T07:08:25.894Z] Toplam Generation kaydi: 25432
[2026-09-10T07:08:25.896Z] Toplam Consumption kaydi: 25440
[2026-09-10T07:08:25.896Z] ============================================================
[2026-09-10T07:08:25.896Z] 🔄 WAL checkpoint yapiliyor (degisiklikleri DB dosyasina yazma)...
[2026-09-10T07:08:25.898Z] ✅ WAL checkpoint tamamlandi
[2026-09-10T07:08:25.898Z] Catch-up sync tamamlandi
[2026-09-11T07:07:54.155Z] ============================================================
[2026-09-11T07:07:54.156Z] CATCH-UP SYNC - Eksik Gun Doldurma
[2026-09-11T07:07:54.156Z] ============================================================
[2026-09-11T07:07:54.156Z] En son veri tarihi: 2026-09-09T23:00:00+03:00
[2026-09-11T07:07:54.173Z] Kontrol araligi: 2026-09-10 - 2026-09-10 (dahil)
[2026-09-11T07:07:54.174Z] ⚠️  1 eksik gun bulundu: 2026-09-10 - 2026-09-10
[2026-09-11T07:07:54.174Z] ------------------------------------------------------------
[2026-09-11T07:07:54.174Z] MCP (FIYAT) VERISI CEKILIYOR...
[2026-09-11T07:07:54.174Z] ------------------------------------------------------------
[2026-09-11T07:07:56.380Z] ✅ 24 MCP kaydi eklendi
[2026-09-11T07:07:56.380Z] ------------------------------------------------------------
[2026-09-11T07:07:56.380Z] GENERATION (URETIM) VERISI CEKILIYOR...
[2026-09-11T07:07:56.380Z] ------------------------------------------------------------
[2026-09-11T07:07:56.380Z] 1 parca halinde cekilecek (API limiti 30 gun)
[2026-09-11T07:07:56.380Z] Parca 1/1: 2026-09-10 - 2026-09-10
[2026-09-11T07:07:57.008Z] ✅ 24 Generation kaydi eklendi
[2026-09-11T07:07:57.008Z] Toplam 24 Generation kaydi eklendi
[2026-09-11T07:07:57.008Z] ------------------------------------------------------------
[2026-09-11T07:07:57.008Z] CONSUMPTION (TUKETIM) VERISI CEKILIYOR...
[2026-09-11T07:07:57.008Z] ------------------------------------------------------------
[2026-09-11T07:07:57.493Z] ✅ 24 Consumption kaydi eklendi
[2026-09-11T07:07:57.493Z] ============================================================
[2026-09-11T07:07:57.493Z] CATCH-UP SYNC TAMAMLANDI
[2026-09-11T07:07:57.493Z] ============================================================
[2026-09-11T07:07:57.494Z] Toplam MCP kaydi: 25464
[2026-09-11T07:07:57.495Z] Toplam Generation kaydi: 25456
[2026-09-11T07:07:57.496Z] Toplam Consumption kaydi: 25464
[2026-09-11T07:07:57.496Z] ============================================================
[2026-09-11T07:07:57.496Z] 🔄 WAL checkpoint yapiliyor (degisiklikleri DB dosyasina yazma)...
[2026-09-11T07:07:57.504Z] ✅ WAL checkpoint tamamlandi
[2026-09-11T07:07:57.504Z] Catch-up sync tamamlandi
[2026-09-12T06:59:52.925Z] ============================================================
[2026-09-12T06:59:52.925Z] CATCH-UP SYNC - Eksik Gun Doldurma
[2026-09-12T06:59:52.925Z] ============================================================
[2026-09-12T06:59:52.926Z] En son veri tarihi: 2026-09-10T23:00:00+03:00
[2026-09-12T06:59:52.943Z] Kontrol araligi: 2026-09-11 - 2026-09-11 (dahil)
[2026-09-12T06:59:52.944Z] ⚠️  1 eksik gun bulundu: 2026-09-11 - 2026-09-11
[2026-09-12T06:59:52.944Z] ------------------------------------------------------------
[2026-09-12T06:59:52.944Z] MCP (FIYAT) VERISI CEKILIYOR...
[2026-09-12T06:59:52.944Z] ------------------------------------------------------------
[2026-09-12T06:59:55.115Z] ✅ 24 MCP kaydi eklendi
[2026-09-12T06:59:55.116Z] ------------------------------------------------------------
[2026-09-12T06:59:55.116Z] GENERATION (URETIM) VERISI CEKILIYOR...
[2026-09-12T06:59:55.116Z] ------------------------------------------------------------
[2026-09-12T06:59:55.116Z] 1 parca halinde cekilecek (API limiti 30 gun)
[2026-09-12T06:59:55.116Z] Parca 1/1: 2026-09-11 - 2026-09-11
[2026-09-12T06:59:55.747Z] ✅ 24 Generation kaydi eklendi
[2026-09-12T06:59:55.747Z] Toplam 24 Generation kaydi eklendi
[2026-09-12T06:59:55.747Z] ------------------------------------------------------------
[2026-09-12T06:59:55.747Z] CONSUMPTION (TUKETIM) VERISI CEKILIYOR...
[2026-09-12T06:59:55.747Z] ------------------------------------------------------------
[2026-09-12T06:59:56.206Z] ✅ 24 Consumption kaydi eklendi
[2026-09-12T06:59:56.206Z] ============================================================
[2026-09-12T06:59:56.206Z] CATCH-UP SYNC TAMAMLANDI
[2026-09-12T06:59:56.206Z] ============================================================
[2026-09-12T06:59:56.207Z] Toplam MCP kaydi: 25488
[2026-09-12T06:59:56.208Z] Toplam Generation kaydi: 25480
[2026-09-12T06:59:56.209Z] Toplam Consumption kaydi: 25488
[2026-09-12T06:59:56.209Z] ============================================================
[2026-09-12T06:59:56.210Z] 🔄 WAL checkpoint yapiliyor (degisiklikleri DB dosyasina yazma)...
[2026-09-12T06:59:56.212Z] ✅ WAL checkpoint tamamlandi
[2026-09-12T06:59:56.212Z] Catch-up sync tamamlandi
