{
  "prophet": 0.29906542056074764,
  "xgboost": 0.37383177570093457,
  "lstm": 0.3271028037383178
}